file,ID,MISSION,DIVE,D_TGT,T_DIVE,MAX_BUOY,SM_CC,CALL_NDIVES,N_NOSURFACE,AH0_24V,AH0_10V,SC_RECORDABOVE,PA_RECORDABOVE,PA_PROFILE,CAPUPLOAD,D_BOOST,T_BOOST,e_pump_apogee,e_pump_surface,e_motors,e_comms,e_tt8_sampling,e_hotel,e_other,s_tt8_sampling,s_iridium,sensors,S_SciCon,I_SciCon,S_PAM,I_PAM,instrument,firmware,v24,ah24,v10,ah10,t_start,surface_min,dive_min,km_ground,maxdepth,t_above_100,t_above_200,t_above_300,t_above_500,t_above_900,n_eng,n_sbect,n_contopt,n_wlseaowl,n_auxCompass,n_wlbb2fl,km_water,kb_data,kb_cap,cc_apogee,j_apogee,cc_shallow,j_shallow,d_apogee,S_SBE_CT,I_SBE_CT,S_CONTOPT,I_CONTOPT,S_UVP,I_UVP,S_ESNDR,I_ESNDR
2018/DATA-20180308/p6440001.nc,644,5,1,90,30,150,250,1,0,310,0,2000,200,1,0,0,0,0.0994851,0.0116529,0.00539269,0.000136179,0.00520285,0.00943845,0,568.617,0,SciCon|PAM,2098,25.614,0,0,sbe41 contopt wlseaowl,66.12,13.52,1.042,13.41,0,1.52053e+09,4.58333,37.8333,0.666551,94.3285,2084.27,2084.27,2084.27,2084.27,2084.27,298,209,209,209,418,0,0.443658,6.806,72.761,307.601,4624.03,6.86829,120.293,91.4927,,,,,,,,
2018/DATA-20180308/p6440002.nc,644,5,2,210,80,150,200,1,0,310,0,2000,200,1,0,0,0,0.109255,0.00148299,0.00620836,0.00953874,0.0109289,0.0150837,0,1194.42,181.161,SciCon|PAM,4382,25.048,2563,55,sbe41 contopt wlseaowl,66.12,13.5,1.219,13.2,0,1.52053e+09,5.51667,75.2167,1.54516,196.807,2058.65,4333.33,4333.33,4333.33,4333.33,524,435,432,434,868,0,1.00857,13.424,103.831,292.148,4796.08,35.8132,279.764,197.2,,,,,,,,
2018/DATA-20180308/p6440003.nc,644,5,3,210,80,150,200,1,0,310,0,2000,200,1,0,0,0,0.121446,0,0.00519326,0.0131545,0.0120813,0.0154109,0,1320.36,243.963,SciCon|PAM,4416,25.47,4897,55,sbe41 contopt wlseaowl,66.12,13.5,1.411,13.18,0,1.52053e+09,7.03333,76.1,1.71873,212.208,1925.71,3924.52,4345.68,4345.68,4345.68,521,436,435,435,871,0,1.14478,13.464,105.28,341.943,5692.58,5.8871,24.3025,206.855,,,,,,,,
2018/DATA-20180308/p6440004.nc,644,5,4,210,80,150,200,1,0,310,0,2000,200,1,0,0,0,0.135129,0,0.00497433,0.0124072,0.0121458,0.0159865,0,1327.41,222.609,SciCon|PAM,4632,25.266,4934,55,sbe41 contopt wlseaowl,66.12,13.52,1.612,13.43,0,1.52054e+09,6.88333,79.6167,1.94349,213.8,1998.89,4095.19,4557.41,4557.41,4557.41,538,457,457,457,913,0,1.11299,13.437,107.827,292.638,4827.35,136.63,1319.06,212.359,,,,,,,,
2018/DATA-20180308/p6440005.nc,644,5,5,210,80,150,200,1,0,310,0,2000,200,1,0,0,0,0.148122,0,0.0071888,0.0191698,0.0132373,0.01623,0,1446.69,373.11,SciCon|PAM,4666,25.121,5366,55,sbe41 contopt wlseaowl,66.12,13.55,1.831,13.35,0,1.52055e+09,10.4167,79.6333,1.95073,213.88,1965.24,4131.25,4594.51,4594.51,4594.51,538,460,460,459,919,0,1.1084,13.443,109.937,292.393,4840.6,199.18,1809.96,212.357,,,,,,,,
2018/DATA-20180308/p6440006.nc,644,5,6,210,80,150,200,1,0,310,0,2000,200,1,0,0,0,0.107305,0.00496753,0.005375,0.0173518,0.0125279,0.0156571,0,1369.17,310.907,SciCon|PAM,4473,25.154,0,0,sbe41 contopt wlseaowl,66.12,13.56,2.022,13.07,0,1.52055e+09,7.98333,76.0167,1.46384,213.87,1953.25,3947.53,4400.91,4400.91,4400.91,524,441,441,441,881,0,1.08646,13.438,105.402,309.564,5128.5,0,0,212.201,,,,,,,,
2018/DATA-20180308/p6440007.nc,644,5,7,210,80,150,200,1,0,310,0,2000,200,1,0,0,0,0.108598,0.0040011,0.00587623,0.0114575,0.011607,0.0159966,0,1268.52,207.234,SciCon|PAM,4709,25.198,0,0,sbe41 contopt wlseaowl,66.12,13.57,2.208,13.45,0,1.52056e+09,5.85,79.6333,1.58129,214,2027.65,4177.78,4638.39,4638.39,4638.39,550,465,464,464,929,0,1.15352,13.437,107.556,315.205,5220.98,0,0,208.914,,,,,,,,
2018/DATA-20180308/p6440008.nc,644,5,8,210,80,150,200,1,0,310,0,2000,200,1,0,0,0,0.114469,0,0.00434543,0.0133697,0.0118529,0.0157302,0,1295.4,244.068,SciCon|PAM,4717,25.253,0,0,sbe41 contopt wlseaowl,66.12,13.57,2.394,13.45,0,1.52056e+09,6.68333,80.8167,1.59587,213.064,2023.16,4201.16,4641.92,4641.92,4641.92,555,465,464,465,930,0,1.1284,13.426,106.304,302.941,5026.03,44.8892,360.149,208.923,,,,,,,,
2018/DATA-20180308/p6440009.nc,644,5,9,210,80,150,200,1,0,310,0,2000,200,1,0,0,0,0.127796,0,0.00442578,0.0122924,0.0110067,0.0150671,0,1202.91,223.836,SciCon|PAM,4558,25.302,0,0,sbe41 contopt wlseaowl,66.12,13.59,2.589,13.39,0,1.52057e+09,6.2,77.7667,1.55918,213.771,1914.93,3997.66,4486.61,4486.61,4486.61,534,450,449,450,899,0,1.14835,13.434,101.711,319.13,5239.27,74.3247,750.737,211.629,,,,,,,,
2018/DATA-20180308/p6440010.nc,644,5,10,210,80,150,200,1,0,310,0,2000,200,1,0,0,0,0.114226,0,0.00354827,0.0111977,0.0110329,0.0152473,0,1205.78,202.85,SciCon|PAM,4636,25.218,0,0,sbe41 contopt wlseaowl,66.12,13.58,2.771,13.51,0,1.52057e+09,5.85,79.55,1.38719,214.378,1990.15,4120.31,4564.96,4564.96,4564.96,547,458,457,457,914,0,1.1097,13.402,102.121,312.262,5160.02,31.3979,240.286,209.356,,,,,,,,
2018/DATA-20180308/p6440011.nc,644,5,11,210,80,150,200,1,0,310,0,2000,200,1,0,0,0,0.1134,0.00150053,0.00391323,0.0118831,0.0111075,0.0151935,0,1213.94,215.008,SciCon|PAM,4597,25.26,0,0,sbe41 contopt wlseaowl,66.12,13.58,2.956,13.46,0,1.52058e+09,6.13333,77.55,1.20709,213.602,1918.73,4061.4,4525.7,4525.7,4525.7,536,453,453,453,906,0,1.11921,13.444,104.085,322.564,5349.9,9.81184,63.8772,208.073,,,,,,,,
2018/DATA-20180308/p6440012.nc,644,5,12,210,80,150,200,1,0,310,0,2000,200,1,0,0,0,0.120586,0,0.00397311,0.012696,0.0108335,0.0146531,0,1183.99,229.271,SciCon|PAM,4443,14.834,0,0,sbe41 contopt wlseaowl,66.12,13.57,3.131,13.48,0,1.52058e+09,6.41667,76.3,1.04329,213.921,1865.53,3909.72,4369.72,4369.72,4369.72,523,438,438,147,875,0,1.1289,13.43,97.414,339.735,5645.82,0,0,204.684,,,,,,,,
2018/DATA-20180308/p6440013.nc,644,5,13,210,120,150,200,1,0,310,0,2000,200,1,0,0,0,0.0999743,0.0799156,0.00655235,0.0123658,0.0127263,0.0186846,0,1390.85,229.327,SciCon|PAM,5458,14.886,0,0,sbe41 contopt wlseaowl,66.12,13.58,3.379,13.48,0,1.52059e+09,6.31667,98.15,1.0162,213.135,2031.34,4868.7,5380.59,5380.59,5380.59,598,540,539,181,1079,0,1.18359,13.424,117.923,292.638,4832.44,0,0,212.195,,,,,,,,
2018/DATA-20180308/p6440014.nc,644,5,14,300,120,150,200,1,0,310,0,2000,200,1,0,0,0,0.107206,0.00763683,0.0066116,0.000269288,0.0162194,0.0157239,0,1772.61,0,SciCon|PAM,6890,15.035,0,0,sbe41 contopt wlseaowl,66.12,13.53,3.582,13.43,0,1.52059e+09,3.61667,117.067,1.23214,293.047,2392.65,4602.65,6882.65,6882.65,6882.65,810,689,688,230,1377,0,1.60117,20.071,159.166,292.638,5153.99,0,0,292.295,,,,,,,,
2018/DATA-20180308/p6440015.nc,644,5,15,300,120,150,200,1,0,310,0,2000,200,1,0,0,0,0.107432,0.00765914,0.00634247,0.015997,0.0188812,0.0153261,0,2063.52,284.273,SciCon|PAM,6827,14.822,0,0,sbe41 contopt wlseaowl,66.12,13.53,3.777,13.48,0,1.5206e+09,7.31667,114.733,0.976435,298.002,2177.81,4407.81,6747.81,6747.81,6747.81,777,675,675,225,1350,0,1.58795,20.064,147.134,292.393,5182.18,0,0,297.297,,,,,,,,
2018/DATA-20180308/p6440016.nc,644,5,16,300,140,150,200,1,0,310,0,2000,200,1,0,0,0,0.108498,0.00779896,0.00457056,0.0149798,0.0206038,0.0167218,0,2251.78,264.299,SciCon|PAM,7713,14.807,0,0,sbe41 contopt wlseaowl,66.12,13.52,3.98,13.47,0,1.52061e+09,7.13333,129.367,1.10662,299.873,2533.58,4993.58,7633.58,7633.58,7633.58,888,764,763,256,1527,0,1.74121,23.353,162.957,292.393,5235.71,0,0,299.2,,,,,,,,
2018/DATA-20180308/p6440017.nc,644,5,17,300,85,300,200,1,0,310,0,2000,200,1,0,0,0,0.214689,0,0.004421,0.0154117,0.0132692,0.0115425,0,1450.19,276.522,SciCon|PAM,4190,14.807,0,0,sbe41 contopt wlseaowl,66.12,13.48,4.25,13.32,0,1.52062e+09,7.3,71.2,0.912748,298.381,1277.59,2527.97,4107.61,4107.61,4107.61,472,411,409,137,821,0,1.49976,13.447,93.019,585.522,10219.4,0,0,294.298,,,,,,,,
2018/DATA-20180308/p6440018.nc,644,5,18,300,85,300,200,1,0,310,0,2000,200,1,0,0,0,0.21097,0,0.00542607,0.0103998,0.0119176,0.0116382,0,1302.47,187.744,SciCon|PAM,4150,15.035,0,0,sbe41 contopt wlseaowl,66.12,13.49,4.512,12.98,0,1.52062e+09,5.21667,70.7833,1.05081,286.887,1340.45,2631.06,4091.26,4091.26,4091.26,474,410,409,137,819,0,1.48704,13.422,93.105,585.031,10095.7,0,0,283.294,,,,,,,,
2018/DATA-20180308/p6440019.nc,644,5,19,300,95,300,200,1,0,310,0,2000,200,1,0,0,0,0.212781,0,0.00630883,0.0116105,0.0126156,0.0119047,0,1378.76,214.576,SciCon|PAM,4332,14.922,0,0,sbe41 contopt wlseaowl,66.12,13.49,4.778,13.32,0,1.52063e+09,5.85,74.05,1.31827,290.848,1391.48,2721.48,4273.95,4273.95,4273.95,492,428,427,143,855,0,1.53436,13.442,96.277,585.031,10135,0,0,287.24,,,,,,,,
2018/DATA-20180308/p6440020.nc,644,5,20,300,105,300,200,1,0,310,0,2000,200,1,0,0,0,0.211746,0,0.00391764,0.0118332,0.0129136,0.0120326,0,1411.32,216.932,SciCon|PAM,4477,14.897,0,0,sbe41 contopt wlseaowl,66.12,13.48,5.045,13.38,0,1.52063e+09,5.8,76.1,1.23768,288.321,1458.6,2868.6,4420.3,4420.3,4420.3,511,443,442,149,885,0,1.57233,13.433,96.539,584.295,10123.4,0,0,284.892,,,,,,,,
2018/DATA-20180308/p6440021.nc,644,5,21,300,105,300,200,1,0,310,0,2000,200,1,0,0,0,0.213157,0,0.00591276,0.0116785,0.0140923,0.0131601,0,1540.14,216.048,SciCon|PAM,4949,14.977,0,0,sbe41 contopt wlseaowl,66.12,13.45,5.317,13,0,1.52063e+09,5.8,84.4667,1.24409,296.968,1506.53,2967.41,4889.62,4889.62,4889.62,561,490,489,164,978,0,1.68802,13.434,107.728,584.786,10166,0,0,298.2,,,,,,,,
2018/DATA-20180308/p6440022.nc,644,5,22,300,105,300,200,1,0,310,0,2000,200,1,0,0,0,0.213398,0,0.00375734,0.0131062,0.0133561,0.0123272,0,1459.68,235.822,SciCon|PAM,4593,14.889,0,0,sbe41 contopt wlseaowl,66.12,13.48,5.587,13.29,0,1.52064e+09,6.28333,77.7833,1.07546,293.237,1453.33,2883.33,4525.61,4525.61,4525.61,521,454,453,151,906,0,1.60566,13.415,97.936,585.276,10182.5,0,0,289.25,,,,,,,,
2018/DATA-20180308/p6440023.nc,644,5,23,300,105,300,200,1,0,310,0,2000,200,1,0,0,0,0.211605,0,0.00375024,0.0120786,0.0130996,0.012307,0,1431.65,222.174,SciCon|PAM,4578,14.848,0,0,sbe41 contopt wlseaowl,66.12,13.46,5.855,12.99,0,1.52065e+09,5.88333,77.9833,0.958909,292.092,1466.03,2906.03,4516.48,4516.48,4516.48,525,452,452,151,903,0,1.60316,13.442,98.322,584.786,10127.7,0,0,287.896,,,,,,,,
2018/DATA-20180308/p6440024.nc,644,5,24,300,105,300,200,1,0,310,0,2000,200,1,0,0,0,0.21269,0,0.00448204,0.0112039,0.012839,0.0122837,0,1403.17,201.097,SciCon|PAM,4540,14.802,0,0,sbe41 contopt wlseaowl,66.12,13.47,6.121,13,0,1.52065e+09,5.61667,77,0.989253,295.456,1398.27,2818.85,4479.07,4479.07,4479.07,516,448,439,150,896,0,1.5947,13.45,97.931,584.295,10120,0,0,291.587,,,,,,,,
2018/DATA-20180308/p6440025.nc,644,5,25,300,105,300,200,1,0,310,0,2000,200,1,0,0,0,0.212469,0,0.00425092,0.0129915,0.0131755,0.0123516,0,1439.94,237.334,SciCon|PAM,4470,14.961,0,0,sbe41 contopt wlseaowl,66.12,13.46,6.39,12.99,0,1.52066e+09,6.18333,76.2,0.988856,289.266,1463.3,2843.7,4406.48,4406.48,4406.48,511,441,441,148,882,0,1.56738,13.415,99.448,585.276,10150.6,0,0,287.094,,,,,,,,
2018/DATA-20180308/p6440026.nc,644,5,26,300,105,250,200,1,0,310,0,2000,200,1,0,0,0,0.176346,0,0.00632801,0.0110482,0.0136434,0.0125695,0,1491.09,200.328,SciCon|PAM,4777,14.969,0,0,sbe41 contopt wlseaowl,66.12,13.48,6.623,13.41,0,1.52066e+09,5.55,81.45,0.958053,282.111,1575.14,3135.5,4715.5,4715.5,4715.5,548,472,472,158,943,0,1.50897,13.443,105.782,486.422,8423.46,0,0,279.106,,,,,,,,
2018/DATA-20180308/p6440027.nc,644,5,27,300,105,250,200,1,0,310,0,2000,200,1,0,0,0,0.17515,0,0.00491974,0.0129898,0.0142792,0.0126871,0,1560.57,237.681,SciCon|PAM,4902,14.877,0,0,sbe41 contopt wlseaowl,66.12,13.49,6.859,13.43,0,1.52067e+09,6.26667,83.5333,0.982643,268.447,1746.91,3437.09,4837.8,4837.8,4837.8,568,484,484,162,968,0,1.52955,13.426,108.087,486.667,8392.02,0,0,265.354,,,,,,,,
2018/DATA-20180308/p6440028.nc,644,5,28,300,115,250,200,1,0,310,0,2000,200,1,0,0,0,0.175337,0,0.00654436,0.0132467,0.0148852,0.0131015,0,1626.8,242.302,SciCon|PAM,4954,14.989,0,0,sbe41 contopt wlseaowl,66.12,13.49,7.097,13.33,0,1.52067e+09,6.4,84.3,1.05401,268.03,1725.33,3435.33,4887.97,4887.97,4887.97,569,490,489,164,978,0,1.53143,13.399,112.859,487.403,8375.2,0,0,265.102,,,,,,,,
2018/DATA-20180308/p6440029.nc,644,5,29,300,115,250,200,1,0,310,0,2000,200,1,0,0,0,0.174559,0,0.0068441,0.0122503,0.0143777,0.0129264,0,1571.33,218.454,SciCon|PAM,4965,15.038,0,0,sbe41 contopt wlseaowl,66.12,13.48,7.332,13.31,0,1.52068e+09,5.96667,84.4333,0.960675,264.795,1766.14,3516.5,4898.45,4898.45,4898.45,576,490,490,164,980,0,1.53091,13.432,110.418,486.177,8371.92,0,0,262.05,,,,,,,,
2018/deployment 2018/p6440030.nc,644,5,30,300,115,250,200,1,0,310,0,2000,200,1,0,0,0,0.175001,0,0.00449983,0.0114875,0.0141563,0.0127834,0,1547.13,205.214,SciCon|PAM,4891,15.211,0,0,sbe41 contopt wlseaowl,66.12,13.5,7.566,13.43,0,1.52068e+09,5.8,83.2,1.0335,261.591,1784.21,3524.21,4825.51,4825.51,4825.51,568,483,483,161,965,0,1.50971,13.444,109.806,487.158,8358.4,0,0,258.692,,,,,,,,
2018/DATA-20180308/p6440031.nc,644,5,31,300,115,200,200,1,0,310,0,2000,200,1,0,0,0,0.138708,0.000112837,0.00630894,0.0115899,0.0156027,0.013485,0,1705.21,209.113,SciCon|PAM,5479,15.063,0,0,sbe41 contopt wlseaowl,66.12,13.5,7.77,13.35,0,1.52069e+09,5.81667,92.2167,0.869856,255.231,2059.5,4059.5,5411.99,5411.99,5411.99,640,542,541,181,1083,0,1.4728,16.757,122.774,389.53,6665.16,0,0,253.054,,,,,,,,
2018/DATA-20180308/p6440032.nc,644,5,32,300,115,200,200,1,0,310,0,2000,200,1,0,0,0,0.139649,0.000109618,0.00403007,0.0122878,0.015694,0.0131599,0,1715.19,220.542,SciCon|PAM,5455,15.013,0,0,sbe41 contopt wlseaowl,66.12,13.51,7.975,13.45,0,1.52069e+09,6.56667,91.25,0.988222,252.583,2064.72,4114.72,5385.1,5385.1,5385.1,642,539,539,181,1078,0,1.45411,16.718,119.573,389.775,6705.27,0,0,250.602,,,,,,,,
2018/DATA-20180308/p6440033.nc,644,5,33,300,115,200,200,1,0,310,0,2000,200,1,0,0,0,0.140846,0.000111233,0.00532908,0.0122145,0.0158357,0.0134971,0,1730.68,218.393,SciCon|PAM,5640,14.814,0,0,sbe41 contopt wlseaowl,66.12,13.5,8.181,13.44,0,1.5207e+09,6.05,94.95,0.942767,256.047,2138.34,4249.24,5569.44,5569.44,5569.44,658,557,556,187,1114,0,1.50447,16.73,124.663,389.53,6750.18,0,0,253.646,,,,,,,,
2018/DATA-20180308/p6440034.nc,644,5,34,300,115,200,200,1,0,310,0,2000,200,1,0,0,0,0.1402,0.000105857,0.004007,0.0135703,0.0162504,0.0134871,0,1776,244.625,SciCon|PAM,5552,14.882,0,0,sbe41 contopt wlseaowl,66.12,13.5,8.388,13.33,0,1.5207e+09,6.81667,92.7833,1.31143,254.694,2118.69,4159.1,5479.56,5479.56,5479.56,654,548,546,184,1096,0,1.47363,16.72,124.066,390.021,6714.63,0,0,252.95,,,,,,,,
2018/DATA-20180308/p6440035.nc,644,5,35,300,115,200,200,1,0,310,0,2000,200,1,0,0,0,0.141706,0.00010829,0.00563454,0.0131153,0.016907,0.0140937,0,1847.76,233.742,SciCon|PAM,5926,15.017,0,0,sbe41 contopt wlseaowl,66.12,13.48,8.6,13.32,0,1.52071e+09,6.65,99.5,1.51507,264.567,2082.64,4153.38,5856.78,5856.78,5856.78,685,587,585,196,1172,0,1.54443,16.748,130.417,389.53,6792.31,0,0,265.65,,,,,,,,
2018/DATA-20180308/p6440036.nc,644,5,36,300,120,150,200,1,0,310,0,2000,200,1,0,0,0,0.106688,0.0080618,0.00475964,0.0128258,0.0183988,0.0154309,0,2010.8,227.076,SciCon|PAM,6609,15.05,0,0,sbe41 contopt wlseaowl,66.12,13.53,8.79,13.47,0,1.52072e+09,6.3,111.2,1.6981,253.41,2574.11,5065.44,6536,6536,6536,774,654,654,219,1307,0,1.44757,20.015,147.905,292.393,5127.96,0,0,252.193,,,,,,,,
2018/DATA-20180308/p6440037.nc,644,5,37,300,120,150,200,1,0,310,0,2000,200,1,0,0,0,0.103057,0.00814153,0.00451407,0.0151854,0.0175622,0.0140075,0,1919.37,283.026,SciCon|PAM,5879,14.94,0,0,sbe41 contopt wlseaowl,66.12,13.55,8.974,13.49,0,1.52072e+09,7.5,99,1.48433,225.619,2507.99,4999.79,5800.16,5800.16,5800.16,699,580,580,194,1161,0,1.27635,16.719,134.2,292.638,4963.2,0,0,224.711,,,,,,,,
2018/DATA-20180308/p6440038.nc,644,5,38,300,120,150,200,1,0,310,0,2000,200,1,0,0,0,0.151955,0,0.00525233,0.0137896,0.0158535,0.0133869,0,1732.62,253.168,SciCon|PAM,5429,14.892,0,0,sbe41 contopt wlseaowl,66.12,13.54,9.185,13.43,0,1.52073e+09,6.76667,92.1333,1.10997,222.942,2208.89,4648.89,5358.89,5358.89,5358.89,630,536,536,179,1071,0,1.23535,16.76,119.426,292.638,4928.06,141.29,2104.16,221.552,,,,,,,,
2018/DATA-20180308/p6440039.nc,644,5,39,300,120,150,200,1,0,310,0,2000,200,1,0,0,0,0.102518,0.0081625,0.0067749,0.0145504,0.0177886,0.014345,0,1944.11,265.182,SciCon|PAM,5786,14.993,0,0,sbe41 contopt wlseaowl,66.12,13.53,9.369,13.37,0,1.52074e+09,6.93333,97.5667,0.567037,222.972,2565.33,5026,5717.21,5717.21,5717.21,698,572,571,191,1144,0,1.25789,16.727,135.575,292.638,4934.41,0,0,222.851,,,,,,,,
2018/DATA-20180308/p6440040.nc,644,5,40,300,120,150,200,1,0,310,0,2000,200,1,0,0,0,0.103034,0.00813694,0.0059064,0.0130871,0.0168177,0.0139704,0,1838.01,235.132,SciCon|PAM,5635,14.938,0,0,sbe41 contopt wlseaowl,66.12,13.54,9.549,13.48,0,1.52074e+09,6.46667,95.0333,0.216917,219.537,2486.32,4967.76,5560.6,5560.6,5560.6,672,557,557,187,1112,0,1.22923,16.73,133.821,293.374,4961.05,0,0,218.35,,,,,,,,
2018/DATA-20180308/p6440041.nc,644,5,41,300,120,150,200,1,0,310,0,2000,200,1,0,0,0,0.103315,0.00830064,0.00776999,0.0127489,0.0172307,0.0144223,0,1883.13,229.243,SciCon|PAM,5859,14.878,0,0,sbe41 contopt wlseaowl,66.12,13.53,9.731,13.47,0,1.52075e+09,6.36667,98.5,0.461333,222.096,2566.15,5117.45,5787.45,5787.45,5787.45,697,579,579,193,1158,0,1.26708,16.779,137.886,292.393,4967.2,0,0,220.903,,,,,,,,
2018/DATA-20180308/p6440042.nc,644,5,42,300,105,250,200,1,0,310,0,2000,200,1,0,0,0,0.172194,0,0.00482873,0.0140784,0.0136041,0.0119765,0,1486.79,249.184,SciCon|PAM,4380,14.898,0,0,sbe41 contopt wlseaowl,66.12,13.46,9.961,13.41,0,1.52076e+09,6.8,74.4333,1.1763,237.783,1763.3,3444.44,4304.45,4304.45,4304.45,513,431,431,144,862,0,1.32967,13.441,101.143,487.648,8216,0,0,234.546,,,,,,,,
2018/DATA-20180308/p6440043.nc,644,5,43,300,105,250,200,1,0,310,0,2000,200,1,0,0,0,0.166998,0,0.00411969,0.0135809,0.0126652,0.0111688,0,1384.18,250.441,SciCon|PAM,4030,14.905,0,0,sbe41 contopt wlseaowl,66.12,13.49,10.183,13.37,0,1.52076e+09,6.36667,68.55,1.16647,214.391,1718.92,3481.02,3971.03,3971.03,3971.03,480,398,397,134,794,0,1.21852,13.464,94.353,487.158,8013.11,0,0,211.296,,,,,,,,
2018/DATA-20180308/p6440044.nc,644,5,44,300,105,250,200,1,0,310,0,2000,200,1,0,0,0,0.169006,0,0.0038608,0.0106465,0.0123958,0.0114233,0,1354.73,197.827,SciCon|PAM,4075,14.813,0,0,sbe41 contopt wlseaowl,66.12,13.49,10.402,13.43,0,1.52076e+09,5.46667,69.6167,1.20907,215.376,1774.79,3516.06,4016.51,4016.51,4016.51,487,402,401,135,804,0,1.22967,13.402,94.555,487.158,8072.7,0,0,212.696,,,,,,,,
2018/DATA-20180308/p6440045.nc,644,5,45,300,105,250,200,1,0,310,0,2000,200,1,0,0,0,0.167647,0,0.00419907,0.011857,0.0125852,0.0115138,0,1375.43,219.663,SciCon|PAM,4025,15.177,0,0,sbe41 contopt wlseaowl,66.12,13.5,10.623,13.44,0,1.52077e+09,5.78333,68.4667,1.37204,217.158,1744.99,3436.36,3966.36,3966.36,3966.36,480,397,397,133,793,0,1.21802,13.435,94.762,486.667,8013.96,0,0,213.8,,,,,,,,
2018/DATA-20180308/p6440046.nc,644,5,46,300,105,200,200,1,0,310,0,2000,200,1,0,0,0,0.136135,0.000113794,0.0060197,0.0105194,0.0146912,0.0128788,0,1605.59,192.061,SciCon|PAM,4947,15,0,0,sbe41 contopt wlseaowl,66.12,13.51,10.819,13.44,0,1.52077e+09,5.45,83.35,1.53769,235.603,2035.74,4006.67,4886.67,4886.67,4886.67,588,490,489,164,978,0,1.3314,13.452,114.252,389.775,6539.74,0,0,233.598,,,,,,,,
2018/DATA-20180308/p6440047.nc,644,5,47,300,105,200,200,1,0,310,0,2000,200,1,0,0,0,0.135581,0.000103897,0.00468839,0.0128816,0.0146157,0.0124046,0,1597.35,239.106,SciCon|PAM,4753,14.93,0,0,sbe41 contopt wlseaowl,66.12,13.52,11.015,13.45,0,1.52078e+09,6.35,79.5333,1.56926,222.922,2084.39,4036.82,4687.17,4687.17,4687.17,568,469,469,157,938,0,1.26964,13.425,111.702,389.775,6517.81,0,0,221.248,,,,,,,,
2018/DATA-20180308/p6440048.nc,644,5,48,300,105,200,200,1,0,310,0,2000,200,1,0,0,0,0.136955,9.96094e-05,0.00482961,0.0123763,0.0143533,0.012417,0,1568.67,230.068,SciCon|PAM,4768,14.937,0,0,sbe41 contopt wlseaowl,66.12,13.52,11.212,13.45,0,1.52078e+09,6.16667,80.3833,1.63815,228.267,1993.03,3943.79,4703.79,4703.79,4703.79,563,471,470,158,941,0,1.28434,13.413,110.764,390.021,6571.4,0,0,226.307,,,,,,,,
2018/DATA-20180308/p6440049.nc,644,5,49,300,105,200,200,1,0,310,0,2000,200,1,0,0,0,0.138037,0.000100672,0.00410462,0.0124561,0.0149435,0.0127782,0,1633.17,231.062,SciCon|PAM,5200,14.86,0,0,sbe41 contopt wlseaowl,66.12,13.5,11.412,13.39,0,1.52079e+09,6.31667,87.6167,1.78344,243.357,2028,4078,5138,5138,5138,608,514,513,172,1027,0,1.4019,16.748,115.676,390.021,6604.81,0,0,241.308,,,,,,,,
2018/DATA-20180308/p6440050.nc,644,5,50,300,115,200,200,1,0,310,0,2000,200,1,0,0,0,0.138073,0.000105283,0.00402209,0.0125476,0.0160023,0.0135491,0,1748.89,224.097,SciCon|PAM,5670,15.019,0,0,sbe41 contopt wlseaowl,66.12,13.51,11.617,13.45,0,1.52079e+09,6.58333,95.3167,1.83317,246.711,2200,4400,5600.38,5600.38,5600.38,661,561,561,188,1121,0,1.52788,16.713,123.812,390.021,6630.43,0,0,245.453,,,,,,,,
2018/DATA-20180308/p6440051.nc,644,5,51,300,115,200,200,1,0,310,0,2000,200,1,0,0,0,0.140603,0.000106717,0.00461305,0.013869,0.0162717,0.0135148,0,1778.33,252.247,SciCon|PAM,5622,14.863,0,0,sbe41 contopt wlseaowl,66.12,13.5,11.825,13.32,0,1.5208e+09,7.08333,94.5,1.67947,259.361,2049.7,4130.7,5551.09,5551.09,5551.09,653,555,555,185,1110,0,1.5088,16.726,123.847,391.002,6752.54,0,0,257.747,,,,,,,,
2018/DATA-20180308/p6440052.nc,644,5,52,300,115,200,200,1,0,310,0,2000,200,1,0,0,0,0.142233,0.000116025,0.0051059,0.0154227,0.0169713,0.0142539,0,1854.79,271.501,SciCon|PAM,5647,14.889,0,0,sbe41 contopt wlseaowl,66.12,13.48,12.039,13.42,0,1.52081e+09,7.4,95,2.05038,263.482,2102.97,4084.35,5574.58,5574.58,5574.58,659,558,558,187,1115,0,1.51672,16.751,131.341,389.53,6812.36,0,0,261.8,,,,,,,,
2018/DATA-20180308/p6440053.nc,644,5,53,300,105,200,200,1,0,310,0,2000,200,1,0,0,0,0.141197,0.000106431,0.00367349,0.0140504,0.016115,0.0135461,0,1761.2,255.896,SciCon|PAM,5697,14.968,0,0,sbe41 contopt wlseaowl,66.12,13.48,12.248,13.43,0,1.52081e+09,6.78333,95.7,1.83695,262.367,2052.45,4162.46,5622.89,5622.89,5622.89,660,563,562,188,1125,0,1.54745,16.777,124.811,390.021,6759.56,0,0,260.597,,,,,,,,
2018/DATA-20180308/p6440054.nc,644,5,54,300,105,200,200,1,0,310,0,2000,200,1,0,0,0,0.140882,9.588e-05,0.00531659,0.0147693,0.0162386,0.0134494,0,1774.7,266.807,SciCon|PAM,5506,14.945,0,0,sbe41 contopt wlseaowl,66.12,13.48,12.458,13.39,0,1.52082e+09,7.21667,92.4,1.89657,266.159,2020.89,3991.88,5432.39,5432.39,5432.39,641,544,544,182,1087,0,1.49656,16.737,123.693,390.266,6760.69,0,0,263.802,,,,,,,,
2018/DATA-20180308/p6440055.nc,644,5,55,300,105,200,200,1,0,310,0,2000,200,1,0,0,0,0.142157,0.00011569,0.00362233,0.0130148,0.0157893,0.0135303,0,1725.61,232.303,SciCon|PAM,5643,15.019,0,0,sbe41 contopt wlseaowl,66.12,13.47,12.667,13.42,0,1.52083e+09,6.31667,94.7833,1.52293,272.728,2001.2,3981.42,5572.04,5572.04,5572.04,655,558,558,187,1115,0,1.53195,16.729,122.876,390.266,6824.25,0,0,270.912,,,,,,,,
2018/DATA-20180308/p6440056.nc,644,5,56,300,105,200,200,1,0,310,0,2000,200,1,0,0,0,0.143122,9.996e-05,0.00548538,0.013881,0.017031,0.0143722,0,1861.31,254.827,SciCon|PAM,5793,14.892,0,0,sbe41 contopt wlseaowl,66.12,13.47,12.88,13.3,0,1.52083e+09,6.83333,97.3833,1.64196,277.336,2012.9,3992.9,5722.9,5722.9,5722.9,667,572,572,191,1144,0,1.58447,16.779,129.059,391.247,6849.49,0,0,275.838,,,,,,,,
2018/DATA-20180308/p6440057.nc,644,5,57,300,105,200,200,1,0,310,0,2000,200,1,0,0,0,0.143794,0.000113464,0.00432612,0.0135544,0.016918,0.0143006,0,1848.96,238.058,SciCon|PAM,6053,14.881,0,0,sbe41 contopt wlseaowl,66.12,13.47,13.095,13.38,0,1.52084e+09,7.1,102.183,1.52153,295.179,1935.82,3956.63,5977.91,5977.91,5977.91,686,599,597,200,1196,0,1.66713,16.744,131.041,389.53,6884.67,0,0,293.45,,,,,,,,
2018/DATA-20180308/p6440058.nc,644,5,58,300,105,200,200,1,0,310,0,2000,200,1,0,0,0,0.143326,0.000100789,0.00432696,0.0154087,0.0175317,0.0145575,0,1916.03,275.674,SciCon|PAM,6112,15.037,0,0,sbe41 contopt wlseaowl,66.12,13.46,13.313,13.32,0,1.52084e+09,7.2,102.3,1.70637,289.636,2034.29,4055.47,6036.11,6036.11,6036.11,698,605,603,202,1208,0,1.67849,16.775,133.263,389.775,6878.76,0,0,288.302,,,,,,,,
2018/DATA-20180308/p6440059.nc,644,5,59,300,105,150,200,1,0,310,0,2000,200,1,0,0,0,0.108816,0.0081209,0.00469812,0.0137939,0.0191233,0.0158929,0,2089.98,247.436,SciCon|PAM,6968,14.934,0,0,sbe41 contopt wlseaowl,66.12,13.5,13.509,13.44,0,1.52085e+09,6.78333,117.283,1.9621,290.791,2329.8,4640.02,6890.02,6890.02,6890.02,799,689,689,230,1379,0,1.60573,20.034,152.102,291.902,5247.51,0,0,289.953,,,,,,,,
2018/DATA-20180308/p6440060.nc,644,5,60,300,105,150,200,1,0,310,0,2000,200,1,0,0,0,0.137665,0,0.00941288,0.0151548,0.0201686,0.0169976,0,2204.22,265.992,SciCon|PAM,7133,14.815,0,0,sbe41 contopt wlseaowl,66.12,13.49,13.722,13.45,0,1.52086e+09,7.16667,120.267,1.78439,301.906,2286.54,4537.03,6887.46,7047.46,7047.46,810,705,704,236,1411,0,1.66121,20.099,157.625,292.638,5296.18,113.327,948.325,301.501,,,,,,,,
2018/DATA-20180308/p6440061.nc,644,5,61,300,105,200,200,1,0,310,0,2000,200,1,0,0,0,0.145703,0.000106356,0.00670068,0.0154769,0.0180504,0.0154456,0,1972.72,274.682,SciCon|PAM,6244,14.946,0,0,sbe41 contopt wlseaowl,66.12,13.47,13.944,13.42,0,1.52087e+09,7.38333,104.683,1.49947,302.762,1976.87,3957.86,5958.07,6158.07,6158.07,710,617,615,206,1232,0,1.71891,16.754,141.254,390.266,6952.82,0,0,301.248,,,,,,,,
2018/DATA-20180308/p6440062.nc,644,5,62,300,105,200,200,1,0,310,0,2000,200,1,0,0,0,0.144565,0.000126809,0.00515736,0.0136027,0.0180734,0.0155841,0,1975.24,243.225,SciCon|PAM,6314,15.016,0,0,sbe41 contopt wlseaowl,66.12,13.46,14.164,13.42,0,1.52087e+09,6.93333,105.917,1.27993,304.792,2043.6,3994.85,5956.19,6236.19,6236.19,723,625,623,209,1248,0,1.75087,20.075,142.872,389.285,6935.38,0,0,303.358,,,,,,,,
2018/DATA-20180308/p6440063.nc,644,5,63,300,105,200,200,1,0,310,0,2000,200,1,0,0,0,0.145209,0.0001071,0.00829995,0.0148625,0.0181806,0.0153444,0,1986.95,267.439,SciCon|PAM,6297,15.137,0,0,sbe41 contopt wlseaowl,66.12,13.47,14.386,13.41,0,1.52088e+09,7.48333,105.5,1.04931,304.434,1976.47,3968.13,5949.76,6219.76,6219.76,715,622,622,208,1244,0,1.75318,16.753,139.345,389.775,6985.45,0,0,302.952,,,,,,,,
2018/DATA-20180308/p6440064.nc,644,5,64,300,105,150,200,1,0,310,0,2000,200,1,0,0,0,0.10992,0.00800663,0.00676345,0.0139203,0.0198736,0.0167245,0,2171.98,246.875,SciCon|PAM,7127,14.84,0,0,sbe41 contopt wlseaowl,66.12,13.49,14.586,13.38,0,1.52089e+09,6.86667,119.95,1.10354,303.707,2341.24,4541.85,6822.05,7052.06,7052.06,817,706,705,235,1411,0,1.66669,20.055,158.849,292.393,5304.76,0,0,302.9,,,,,,,,
2018/DATA-20180308/p6440065.nc,644,5,65,300,105,150,200,1,0,310,0,2000,200,1,0,0,0,0.110423,0.00799027,0.00594106,0.0151649,0.0198987,0.0164642,0,2174.72,267.327,SciCon|PAM,7103,14.931,0,0,sbe41 contopt wlseaowl,66.12,13.48,14.787,13.45,0,1.52089e+09,7.68333,119.1,1.14917,303.27,2295.44,4576.43,6806.43,7016.43,7016.43,813,702,702,234,1404,0,1.66573,20.089,154.301,292.393,5307.17,0,0,302.597,,,,,,,,
2018/DATA-20180308/p6440066.nc,644,5,66,300,105,150,200,1,0,310,0,2000,200,1,0,0,0,0.109455,0.00792682,0.00640312,0.0144455,0.0196315,0.0165016,0,2145.52,257.804,SciCon|PAM,7051,14.936,0,0,sbe41 contopt wlseaowl,66.12,13.5,14.986,13.45,0,1.5209e+09,7.1,118.4,1.32354,302.712,2244.44,4485.36,6785.83,6965.84,6965.84,805,698,696,233,1394,0,1.65531,20.041,157.42,292.638,5265.25,0,0,302.055,,,,,,,,
2018/DATA-20180308/p6440067.nc,644,5,67,300,120,150,200,1,0,310,0,2000,200,1,0,0,0,0.108641,0.00793534,0.00411988,0.016456,0.0209493,0.0172842,0,2289.54,298.517,SciCon|PAM,7545,14.759,0,0,sbe41 contopt wlseaowl,66.12,13.5,15.191,13.43,0,1.52091e+09,7.78333,126.717,1.23188,302.026,2439.43,4810.42,7282.57,7462.55,7462.55,864,747,746,249,1493,0,1.73622,23.379,162.145,292.148,5234.34,0,0,301.649,,,,,,,,
2018/DATA-20180308/p6440068.nc,644,5,68,300,120,150,200,1,0,310,0,2000,200,1,0,0,0,0.109312,0.00795273,0.00422007,0.0157705,0.0208176,0.0173875,0,2275.15,282.789,SciCon|PAM,7631,14.888,0,0,sbe41 contopt wlseaowl,66.12,13.49,15.396,13.45,0,1.52092e+09,7.53333,128.35,1.03065,302.275,2362.39,4882.39,7362.76,7542.75,7542.75,868,755,755,252,1509,0,1.75427,23.412,162.937,292.393,5270.47,0,0,301.997,,,,,,,,
2018/DATA-20180308/p6440069.nc,644,5,69,300,120,150,200,1,0,310,0,2000,200,1,0,0,0,0.109636,0.00794644,0.00528883,0.0166437,0.0213793,0.0175221,0,2336.53,296.633,SciCon|PAM,7631,14.913,0,0,sbe41 contopt wlseaowl,66.12,13.49,15.603,13.45,0,1.52093e+09,8.4,128.05,1.0921,303.101,2470.68,4861.25,7322.53,7542.52,7542.52,873,755,754,252,1509,0,1.76117,23.377,166.435,292.883,5284.69,0,0,302.497,,,,,,,,
2018/DATA-20180308/p6440070.nc,644,5,70,300,120,150,200,1,0,310,0,2000,200,1,0,0,0,0.109242,0.00804923,0.00487459,0.0165231,0.0215833,0.0181119,0,2358.83,296.223,SciCon|PAM,7843,14.842,0,0,sbe41 contopt wlseaowl,66.12,13.49,15.812,13.45,0,1.52093e+09,7.8,131.383,1.28166,303.171,2604.18,5114.56,7535.66,7755.69,7755.69,901,776,776,259,1551,0,1.79887,23.365,169.359,291.657,5264.67,0,0,302.458,,,,,,,,
2018/DATA-20180308/p6440071.nc,644,5,71,300,120,150,200,1,0,310,0,2000,200,1,0,0,0,0.11011,0.0080754,0.00675434,0.0160557,0.0205907,0.0172154,0,2250.35,284.675,SciCon|PAM,7448,14.924,0,0,sbe41 contopt wlseaowl,66.12,13.48,16.017,13.45,0,1.52094e+09,7.65,125.633,1.43977,303.012,2343.93,4744.75,7146.57,7356.57,7356.57,849,736,736,246,1471,0,1.70558,20.088,161.155,292.393,5304.06,0,0,302.5,,,,,,,,
2018/DATA-20180308/p6440072.nc,644,5,72,300,120,150,200,1,0,310,0,2000,200,1,0,0,0,0.109542,0.00805973,0.00513513,0.017904,0.0219202,0.0177169,0,2395.65,343.296,SciCon|PAM,7836,14.907,0,0,sbe41 contopt wlseaowl,66.12,13.5,16.227,13.35,0,1.52095e+09,9.7,131.5,1.50217,302.912,2656.87,5068.75,7539.48,7749.48,7749.48,903,775,774,259,1550,0,1.79957,23.41,167.275,292.638,5278.34,0,0,302.195,,,,,,,,
2018/DATA-20180308/p6440073.nc,644,5,73,300,120,150,200,1,0,310,0,2000,200,1,0,0,0,0.109282,0.00799156,0.0048502,0.0175811,0.0214016,0.0176682,0,2338.97,314.162,SciCon|PAM,7733,14.93,0,0,sbe41 contopt wlseaowl,66.12,13.49,16.435,13.45,0,1.52096e+09,8.16667,129.733,1.21073,302.882,2480.89,4981.77,7443.05,7643.05,7643.05,885,765,765,255,1529,0,1.77361,23.375,164.993,292.148,5269.53,0,0,302.198,,,,,,,,
2018/DATA-20180308/p6440074.nc,644,5,74,300,120,150,200,1,0,310,0,2000,200,1,0,0,0,0.141382,0,0.00706403,0.0208238,0.0215502,0.0174894,0,2355.21,393.031,SciCon|PAM,7453,14.816,0,0,sbe41 contopt wlseaowl,66.12,13.5,16.66,13.45,0,1.52097e+09,10.7667,125.35,1.20267,302.385,2399.29,4800.01,7171.48,7361.48,7361.48,842,737,737,246,1473,0,1.72768,20.026,162.198,292.393,5251.72,132.215,1145.45,301.997,,,,,,,,
2018/DATA-20180308/p6440075.nc,644,5,75,300,120,150,200,1,0,310,0,2000,200,1,0,0,0,0.109034,0.00797638,0.0064976,0.0158056,0.0207007,0.0172689,0,2262.37,282.283,SciCon|PAM,7560,14.901,0,0,sbe41 contopt wlseaowl,66.12,13.5,16.863,13.34,0,1.52097e+09,7.58333,126.9,1.34372,302.504,2453.95,4835.07,7295.22,7475.22,7475.22,865,748,748,250,1495,0,1.72712,23.391,160.968,292.148,5246.93,0,0,301.996,,,,,,,,
2018/DATA-20180308/p6440076.nc,644,5,76,300,120,150,200,1,0,310,0,2000,200,1,0,0,0,0.108778,0.00795232,0.00556701,0.0171137,0.0211593,0.0173657,0,2312.49,305.437,SciCon|PAM,7634,14.973,0,0,sbe41 contopt wlseaowl,66.12,13.51,17.07,13.45,0,1.52098e+09,8.15,127.85,1.62173,302.733,2554.05,4934.06,7344.05,7544.05,7544.05,875,756,754,252,1510,0,1.7521,23.347,163.405,292.638,5245.68,0,0,302.307,,,,,,,,
2018/DATA-20180308/p6440077.nc,644,5,77,300,120,150,200,1,0,310,0,2000,200,1,0,0,0,0.10877,0.00808135,0.00594598,0.0167747,0.0208533,0.0172301,0,2279.05,297.753,SciCon|PAM,7700,14.9,0,0,sbe41 contopt wlseaowl,66.12,13.5,17.275,13.35,0,1.52099e+09,7.88333,129.117,1.4755,302.942,2424.71,4915.12,7415.47,7615.46,7615.46,878,762,762,255,1523,0,1.76024,23.381,162.212,291.902,5250.88,0,0,302.097,,,,,,,,
2018/DATA-20180308/p6440078.nc,644,5,78,300,120,150,200,1,0,310,0,2000,200,1,0,0,0,0.109038,0.00811264,0.00502099,0.0163586,0.0208941,0.0174272,0,2283.51,287.456,SciCon|PAM,7613,14.841,0,0,sbe41 contopt wlseaowl,66.12,13.5,17.481,13.42,0,1.521e+09,7.76667,128.117,1.23601,302.455,2469.39,4910.2,7341.72,7521.72,7521.72,877,753,753,251,1505,0,1.74051,23.406,164.057,292.148,5255.32,0,0,301.792,,,,,,,,
2018/DATA-20180308/p6440079.nc,644,5,79,300,120,150,200,1,0,310,0,2000,200,1,0,0,0,0.109572,0.00807289,0.00607124,0.016347,0.0213553,0.017391,0,2333.91,315.516,SciCon|PAM,7650,14.887,0,0,sbe41 contopt wlseaowl,66.12,13.5,17.688,13.44,0,1.52101e+09,9.83333,129.183,0.978085,302.972,2419.43,4939.73,7350.39,7560.37,7560.37,875,756,756,252,1513,0,1.73577,23.416,163.114,292.883,5283.88,0,0,302.247,,,,,,,,
2018/DATA-20180308/p6440080.nc,644,5,80,300,120,150,200,1,0,310,0,2000,200,1,0,0,0,0.109953,0.0079658,0.00597083,0.0167367,0.0206549,0.0173315,0,2257.37,298.664,SciCon|PAM,7459,14.9,0,0,sbe41 contopt wlseaowl,66.12,13.49,17.894,13.45,0,1.52102e+09,7.91667,125.483,1.00721,302.037,2341.12,4721.13,7201.1,7371.13,7371.13,850,738,738,247,1475,0,1.7032,23.365,161.199,292.638,5281.99,0,0,301.599,,,,,,,,
2018/DATA-20180308/p6440081.nc,644,5,81,300,120,150,200,1,0,310,0,2000,200,1,0,0,0,0.109731,0.00784637,0.0051948,0.0181037,0.0215587,0.0173896,0,2356.14,346.338,SciCon|PAM,7671,14.821,0,0,sbe41 contopt wlseaowl,66.12,13.48,18.102,13.46,0,1.52102e+09,10.2,128.933,1.17296,302.833,2452.32,4913.42,7383.81,7583.81,7583.81,874,759,758,254,1517,0,1.7613,23.384,162.601,291.902,5277.24,0,0,302.138,,,,,,,,
2018/DATA-20180308/p6440082.nc,644,5,82,300,120,150,200,1,0,310,0,2000,200,1,0,0,0,0.108692,0.00802285,0.00674992,0.0160626,0.0212811,0.0177097,0,2325.81,284.493,SciCon|PAM,7978,14.808,0,0,sbe41 contopt wlseaowl,66.12,13.49,18.309,13.44,0,1.52103e+09,7.61667,134.25,1.45892,303.361,2688.32,5158.32,7669.28,7889.29,7889.29,919,789,788,264,1579,0,1.80762,23.406,165.949,292.393,5237.71,0,0,302.497,,,,,,,,
2018/DATA-20180308/p6440083.nc,644,5,83,300,120,150,200,1,0,310,0,2000,200,1,0,0,0,0.109112,0.00804785,0.00516652,0.0153646,0.0211317,0.0179177,0,2309.48,268.743,SciCon|PAM,7836,14.977,0,0,sbe41 contopt wlseaowl,66.12,13.5,18.516,13.42,0,1.52104e+09,7.5,131.2,1.56407,302.893,2613,5043,7533.16,7743.18,7743.18,900,776,774,258,1550,0,1.78972,23.358,167.734,293.129,5270.69,0,0,302.108,,,,,,,,
2018/DATA-20180308/p6440084.nc,644,5,84,300,120,150,200,1,0,310,0,2000,200,1,0,0,0,0.109475,0.00807626,0.00596657,0.0163308,0.0211178,0.0177574,0,2307.96,293.487,SciCon|PAM,7610,14.949,0,0,sbe41 contopt wlseaowl,66.12,13.49,18.723,13.45,0,1.52105e+09,7.91667,127.967,1.46656,303.431,2458.01,4848.01,7287.98,7518.01,7518.01,877,753,752,251,1504,0,1.733,23.4,165.883,293.129,5280.83,0,0,302.648,,,,,,,,
2018/DATA-20180308/p6440086.nc,644,5,86,300,120,150,200,1,0,310,0,2000,200,1,0,0,0,0.109487,0.00802285,0.0104866,0.0183396,0.0217298,0.017937,0,2374.84,318.89,SciCon|PAM,7698,14.881,0,0,sbe41 contopt wlseaowl,66.12,13.49,19.139,13.45,0,1.52107e+09,8.23333,129.117,1.69163,302.705,2496.28,4956.28,7416.4,7606.38,7606.38,885,762,760,254,1522,0,1.76204,23.335,167.779,293.129,5267.55,0,0,301.948,,,,,,,,
2018/DATA-20180308/p6440087.nc,644,5,87,300,120,150,200,1,0,310,0,2000,200,1,0,0,0,0.10877,0.00815098,0.00728138,0.0168874,0.0211889,0.0175684,0,2315.73,300.778,SciCon|PAM,7616,14.874,0,0,sbe41 contopt wlseaowl,66.12,13.5,19.346,13.36,0,1.52107e+09,8.06667,127.583,2.10337,302.675,2465.59,4927.32,7337.62,7528.47,7528.47,870,754,752,252,1506,0,1.73713,23.354,164.491,292.148,5235.52,0,0,301.995,,,,,,,,
2018/DATA-20180308/p6440088.nc,644,5,88,300,120,150,200,1,0,310,0,2000,200,1,0,0,0,0.108218,0.00813405,0.00598911,0.0163579,0.0212798,0.0178661,0,2325.66,291.691,SciCon|PAM,7652,14.858,0,0,sbe41 contopt wlseaowl,66.12,13.51,19.551,13.46,0,1.52108e+09,7.83333,128.167,2.36825,302.795,2478.95,4890.22,7360.64,7560.62,7560.62,876,757,757,253,1513,0,1.74839,23.345,164.684,291.902,5214.25,0,0,302.291,,,,,,,,
2018/DATA-20180308/p6440089.nc,644,5,89,300,120,150,200,1,0,310,0,2000,200,1,0,0,0,0.109096,0.0080682,0.00518663,0.0168323,0.021289,0.0178345,0,2326.67,298.834,SciCon|PAM,7662,14.908,0,0,sbe41 contopt wlseaowl,66.12,13.49,19.758,13.45,0,1.52109e+09,8,128.5,0.899624,303.183,2546.9,4939.1,7350.65,7570.67,7570.67,878,758,758,253,1515,0,1.73672,23.375,167.38,292.148,5256.59,0,0,302.546,,,,,,,,
2018/DATA-20180308/p6440090.nc,644,5,90,300,120,150,200,1,0,310,0,2000,200,1,0,0,0,0.109023,0.00809142,0.00437516,0.0163989,0.0212473,0.0177395,0,2322.11,295.039,SciCon|PAM,7704,14.897,0,0,sbe41 contopt wlseaowl,66.12,13.48,19.965,13.45,0,1.5211e+09,7.9,129.15,1.21769,302.934,2470.31,4881.54,7401.93,7611.94,7611.94,878,762,761,255,1523,0,1.76215,23.354,163.383,292.883,5255.31,0,0,302.194,,,,,,,,
2018/DATA-20180308/p6440091.nc,644,5,91,300,120,150,200,1,0,310,0,2000,200,1,0,0,0,0.109524,0.00819646,0.00544061,0.0163845,0.0216486,0.01817,0,2365.96,292.324,SciCon|PAM,7833,14.963,0,0,sbe41 contopt wlseaowl,66.12,13.5,20.174,13.35,0,1.52111e+09,7.8,131.45,1.67401,302.585,2533.84,5004.66,7558.86,7745.76,7745.76,898,775,775,259,1550,0,1.78264,23.348,167.2,293.129,5286.55,0,0,301.948,,,,,,,,
2018/DATA-20180308/p6440092.nc,644,5,92,990,396,150,200,1,0,310,0,2000,200,1,0,0,0,0.113748,0.00815455,0.00576008,0.0167732,0.0233874,0.0197379,0,2556,300.716,SciCon|PAM,8716,14.448,0,0,sbe41 contopt wlseaowl,66.12,13.46,20.393,13.38,0,1.52111e+09,8.03333,146.133,2.03417,341.3,2553.07,4973.07,7463.07,8623.07,8623.07,987,817,374,133,884,0,2.20203,26.682,183.646,291.902,5478.32,0,0,340.9,,,,,,,,
2018/DATA-20180308/p6440093.nc,644,5,93,990,396,150,200,1,0,310,0,2000,200,1,0,0,0,0.112068,0.00822973,0.00409007,0.0188685,0.0226558,0.0187312,0,2476.04,331.189,SciCon|PAM,8249,14.556,0,0,sbe41 contopt wlseaowl,66.12,13.49,20.61,13.34,0,1.52112e+09,8.7,138.233,1.4581,328.057,2513.62,4973.62,7313.62,8153.62,8153.62,934,789,789,272,1630,0,1.89002,23.354,174.231,293.129,5403.1,0,0,327.295,,,,,,,,
2018/DATA-20180308/p6440094.nc,644,5,94,990,396,150,200,1,0,310,0,2000,200,1,0,0,0,0.112569,0.00811984,0.00576752,0.0166311,0.022857,0.0193321,0,2498.03,293.524,SciCon|PAM,8436,14.696,0,0,sbe41 contopt wlseaowl,66.12,13.47,20.826,13.41,0,1.52113e+09,8.08333,141.317,0.811675,335.678,2439.03,4859.65,7319.98,8340.63,8340.63,949,796,796,278,1669,0,1.93851,23.365,177.758,292.638,5415.09,0,0,335.346,,,,,,,,
2018/DATA-20180308/p6440095.nc,644,5,95,990,396,150,200,1,0,310,0,2000,200,1,0,120,10,0.115969,0.00147016,0.00646426,0.022658,0.0240882,0.0198702,0,2632.59,388.58,SciCon|PAM,8526,14.496,14,55,sbe41 contopt wlseaowl,66.12,13.43,21.047,13.28,0,1.52114e+09,9.9,143.1,0.615553,353.795,2277.89,4548.67,6939.26,8429.26,8429.26,959,775,775,282,1686,0,1.98018,23.375,180.466,292.883,5560.89,0,0,352.908,,,,,,,,
2018/DATA-20180308/p6440096.nc,644,5,96,990,396,150,200,1,0,310,0,2000,200,1,0,120,10,0.11567,0.0014824,0.00447137,0.0218348,0.0247699,0.0205638,0,2707.09,373.008,SciCon|PAM,8942,14.461,9152,55,sbe41 contopt wlseaowl,66.12,13.44,21.27,13.29,0,1.52115e+09,9.95,150.1,0.848798,357.117,2475.66,4996.26,7317.69,8847.69,8847.69,1002,811,811,296,1770,0,2.06652,26.697,188.158,292.393,5557.77,0,0,356.493,,,,,,,,
2018/DATA-20180308/p6440097.nc,644,5,97,990,396,150,200,1,0,310,0,2000,200,1,0,120,10,0.11769,0.00147932,0.0047731,0.0221675,0.0259959,0.0209662,0,2841.08,405.261,SciCon|PAM,9226,14.486,9700,55,sbe41 contopt wlseaowl,66.12,13.43,21.498,13.36,0,1.52116e+09,12.0667,154.967,0.960658,370.755,2580.98,4862.11,7232.72,9123.1,9123.1,1030,817,817,306,1826,0,2.13107,26.736,195.452,293.129,5650.85,0,0,370.355,,,,,,,,
2018/DATA-20180308/p6440098.nc,644,5,98,990,396,150,200,1,0,310,0,2000,200,1,0,120,10,0.117381,0.00146411,0.00479124,0.0185361,0.0248937,0.0207687,0,2720.63,325.643,SciCon|PAM,9165,14.432,9820,55,sbe41 contopt wlseaowl,66.12,13.43,21.721,12.95,0,1.52117e+09,9.61667,153.5,0.396134,370.507,2288.63,4720.43,7151.05,9061.47,9061.47,1015,810,810,303,1814,0,2.1382,26.666,189.833,292.883,5635.7,0,0,369.796,,,,,,,,
2018/DATA-20180308/p6440099.nc,644,5,99,990,396,150,200,1,0,310,0,2000,200,1,0,120,10,0.118043,0.00148546,0.0050443,0.0204035,0.0261845,0.0215632,0,2861.7,387.485,SciCon|PAM,9444,14.343,9857,55,sbe41 contopt wlseaowl,66.12,13.41,21.949,12.91,0,1.52118e+09,11.3333,158.267,0.563184,369.134,2461.78,5031.99,7491.99,9343.03,9343.03,1052,843,842,311,1870,0,2.20391,26.685,200.382,292.638,5652.33,0,0,368.598,,,,,,,,
2018/DATA-20180308/p6440100.nc,644,5,100,990,396,150,200,1,0,310,0,2000,200,1,0,120,10,0.117763,0.00146147,0.00804719,0.0185037,0.0253685,0.0210785,0,2772.52,327.912,SciCon|PAM,9460,14.268,10026,55,sbe41 contopt wlseaowl,66.12,13.43,22.173,13.37,0,1.52119e+09,9.43333,158.75,0.350622,367.522,2500.71,5000.71,7512.17,9352.17,9352.17,1060,844,844,313,1873,0,2.18557,26.681,196.493,293.374,5629.46,0,0,367.752,,,,,,,,
2018/DATA-20180308/p6440101.nc,644,5,101,990,330,250,200,1,0,310,0,2000,200,1,0,120,10,0.196839,0,0.00492283,0.0178345,0.0210371,0.0180363,0,2299.13,309.398,SciCon|PAM,7409,14,10034,55,sbe41 contopt wlseaowl,66.12,13.33,22.457,13.19,0,1.5212e+09,9.21667,125.017,0.765578,398.278,1735.51,3446.78,5155.91,7308.64,7308.64,813,607,607,244,1462,0,2.35963,20.048,154.563,487.403,9363.35,0,0,399.8,,,,,,,,
2018/DATA-20180308/p6440102.nc,644,5,102,990,330,250,200,1,0,310,0,2000,200,1,0,120,10,0.193871,0,0.00476381,0.0161528,0.0190523,0.017127,0,2082.22,287.652,SciCon|PAM,6829,14.153,7970,55,sbe41 contopt wlseaowl,66.12,13.34,22.731,12.9,0,1.52121e+09,8.41667,115.167,0.794002,381.03,1737.19,3467.41,5137.87,6737.87,6737.87,754,590,590,226,1349,0,2.22863,20.067,144.884,486.913,9226.48,0,0,378.048,,,,,,,,
2018/DATA-20180308/p6440103.nc,644,5,103,990,330,250,200,1,0,310,0,2000,200,1,0,120,10,0.19259,0,0.00816292,0.0143528,0.0180883,0.0163624,0,1976.87,251.133,SciCon|PAM,6393,14.296,7336,55,sbe41 contopt wlseaowl,66.12,13.35,22.999,12.9,0,1.52122e+09,7.85,108.133,0.542264,364.995,1659.31,3268.96,4958.97,6308.96,6308.96,713,564,562,212,1263,0,2.06296,20.096,138.469,485.686,9166.57,0,0,362.059,,,,,,,,
2018/DATA-20180308/p6440104.nc,644,5,104,990,330,250,200,1,0,310,0,2000,200,1,0,120,10,0.188263,0,0.00619106,0.0149293,0.0174636,0.0157015,0,1908.59,269.888,SciCon|PAM,6154,14.539,6933,55,sbe41 contopt wlseaowl,66.12,13.35,23.261,12.9,0,1.52122e+09,7.95,104.367,0.336273,346.551,1651.72,3311.72,5022.11,6072.11,6072.11,687,560,560,204,1215,0,1.98474,16.766,131.445,486.177,8930.98,0,0,343.245,,,,,,,,
2018/DATA-20180308/p6440105.nc,644,5,105,990,330,250,200,1,0,310,0,2000,200,1,0,120,10,0.187709,0,0.00631024,0.0146269,0.017635,0.0157632,0,1927.32,263.493,SciCon|PAM,6232,14.375,6693,55,sbe41 contopt wlseaowl,66.12,13.35,23.523,13.23,0,1.52123e+09,7.75,105.75,0.235983,350.58,1675.14,3335.38,5025.78,6155.78,6155.78,694,563,563,206,1232,0,1.99895,16.757,132.7,486.422,8967.14,0,0,347.848,,,,,,,,
2018/DATA-20180308/p6440106.nc,644,5,106,990,390,250,200,1,0,310,0,2000,200,1,0,120,10,0.188154,0,0.00480785,0.0143354,0.0186291,0.0168559,0,2035.96,252.464,SciCon|PAM,6741,14.572,6765,55,sbe41 contopt wlseaowl,66.12,13.35,23.789,13.24,0,1.52124e+09,7.5,114.267,1.47405,345.795,1830.88,3652.28,5532.28,6662.28,6662.28,756,617,615,223,1333,0,2.12476,20.055,144.035,486.422,8980.31,0,0,342.843,,,,,,,,
2018/DATA-20180308/p6440107.nc,644,5,107,990,390,250,200,1,0,310,0,2000,200,1,0,120,10,0.18945,0,0.00562792,0.0160272,0.0188298,0.0167811,0,2057.9,284.08,SciCon|PAM,6628,14.37,7314,55,sbe41 contopt wlseaowl,66.12,13.35,24.058,12.93,0,1.52124e+09,8.71667,111.867,1.42596,347.934,1752.83,3603.76,5404.18,6544.58,6544.58,734,600,600,219,1309,0,2.09407,20.059,142.709,486.177,8996.81,0,0,345.504,,,,,,,,
2018/DATA-20180308/p6440108.nc,644,5,108,990,390,250,200,1,0,310,0,2000,200,1,0,120,10,0.188995,0,0.00559593,0.0148451,0.0184356,0.016509,0,2014.83,266.285,SciCon|PAM,6592,14.544,7156,55,sbe41 contopt wlseaowl,66.12,13.36,24.324,12.88,0,1.52125e+09,8.08333,111.65,2.33456,351.973,1746.01,3557.72,5318.12,6508.32,6508.32,731,594,594,218,1303,0,2.08883,20.064,136.18,487.403,8994.61,0,0,349.252,,,,,,,,
2018/DATA-20180308/p6440109.nc,644,5,109,990,390,250,200,1,0,310,0,2000,200,1,0,120,10,0.192318,0,0.00525007,0.0157576,0.0197238,0.0176446,0,2155.61,281.165,SciCon|PAM,7186,14.384,7156,55,sbe41 contopt wlseaowl,66.12,13.33,24.599,12.91,0,1.52126e+09,8.16667,121.75,2.4611,371.52,1804.03,3644.21,5494.61,7105.02,7105.02,797,628,627,236,1422,0,2.27519,20.036,150.216,487.403,9149.45,0,0,369.244,,,,,,,,
2018/DATA-20180308/p6440110.nc,644,5,110,990,360,300,200,1,0,310,0,2000,200,1,0,120,10,0.229224,0,0.00369253,0.017394,0.0173724,0.0157802,0,1898.62,304.427,SciCon|PAM,6015,14.407,7792,55,sbe41 contopt wlseaowl,66.12,13.29,24.903,13.19,0,1.52127e+09,8.63333,101.65,2.46595,360.408,1595.12,3125.12,4685.12,5928.22,5928.22,671,530,530,198,1186,0,2.15757,16.732,125.851,585.276,10863.4,0,0,356.391,,,,,,,,
2018/DATA-20180308/p6440111.nc,644,5,111,990,360,300,200,1,0,310,0,2000,200,1,0,120,10,0.227858,0,0.00484432,0.015959,0.0174158,0.0158693,0,1903.36,284.315,SciCon|PAM,5968,14.397,6555,55,sbe41 contopt wlseaowl,66.12,13.31,25.203,13.22,0,1.52127e+09,8.18333,101.2,2.34507,360.239,1548.29,3089.15,4658.29,5890.64,5890.64,661,526,526,197,1178,0,2.133,16.762,127.988,585.031,10763.8,0,0,356.398,,,,,,,,
2018/DATA-20180308/p6440112.nc,644,5,112,990,360,300,200,1,0,310,0,2000,200,1,0,120,10,0.220674,0,0.00444489,0.0135034,0.0159146,0.0152123,0,1739.3,237.797,SciCon|PAM,5509,14.58,6479,55,sbe41 contopt wlseaowl,66.12,13.31,25.492,12.88,0,1.52128e+09,7.33333,93.6,1.57541,332.015,1571.55,3091.55,4631.55,5433.22,5433.22,619,509,509,182,1087,0,1.95464,16.741,121.882,584.786,10500.9,0,0,328.046,,,,,,,,
2018/DATA-20180308/p6440113.nc,644,5,113,990,360,300,200,1,0,310,0,2000,200,1,0,120,10,0.215485,0,0.00699069,0.0141506,0.0145955,0.013845,0,1595.13,255.888,SciCon|PAM,4749,14.852,6036,55,sbe41 contopt wlseaowl,66.12,13.33,25.769,13.24,0,1.52129e+09,7.56667,80.9333,1.07957,292.234,1520.44,2960.44,4672.57,4672.57,4672.57,542,468,468,157,936,0,1.63253,13.45,109.59,585.276,10229.9,0,0,287.595,,,,,,,,
2018/DATA-20180308/p6440114.nc,644,5,114,990,360,300,200,1,0,310,0,2000,200,1,0,120,10,0.211422,0,0.00524505,0.0115685,0.014673,0.0141343,0,1603.61,210.105,SciCon|PAM,4806,14.894,5231,55,sbe41 contopt wlseaowl,66.12,13.37,26.041,13.22,0,1.52129e+09,6.76667,82.2,0.806329,278.272,1656.12,3246.12,4737.94,4737.94,4737.94,553,475,473,159,948,0,1.66,13.445,111.73,584.54,10034,0,0,273.372,,,,,,,,
2018/DATA-20180308/p6440115.nc,644,5,115,990,390,350,200,1,0,310,0,2000,200,1,0,120,10,0.248461,0,0.00407928,0.0154721,0.0140717,0.0136779,0,1537.89,273.562,SciCon|PAM,4429,14.898,5362,55,sbe41 contopt wlseaowl,66.12,13.27,26.349,13.2,0,1.5213e+09,7.73333,75.4167,1.5164,283.139,1488.13,2858.13,4359.76,4359.76,4359.76,510,437,436,146,873,0,1.6228,13.425,99.973,674.319,11700.7,0,0,277.088,,,,,,,,
2018/DATA-20180308/p6440116.nc,644,5,116,990,390,350,200,1,0,310,0,2000,200,1,0,120,10,0.255718,0,0.00403219,0.0160273,0.0149109,0.0143446,0,1629.61,290.489,SciCon|PAM,4752,14.838,4966,55,sbe41 contopt wlseaowl,66.12,13.28,26.666,13.16,0,1.5213e+09,7.91667,81.35,1.67158,314.294,1415.87,2755.87,4147.35,4687.37,4687.37,538,469,438,157,938,0,1.77058,13.427,105.471,674.809,11998.6,0,0,308.03,,,,,,,,
2018/DATA-20180308/p6440117.nc,644,5,117,990,390,350,200,1,0,310,0,2000,200,1,0,120,10,0.264074,0,0.00501655,0.017586,0.0167476,0.0155063,0,1830.33,311.59,SciCon|PAM,5452,14.511,5354,55,sbe41 contopt wlseaowl,66.12,13.24,26.999,13.08,0,1.52131e+09,9.08333,92.9,1.73867,356.836,1458.34,2848.34,4248.34,5380.48,5380.48,612,480,480,180,1076,0,2.07232,16.751,119.596,673.828,12365.8,0,0,351.131,,,,,,,,
2018/DATA-20180308/p6440118.nc,644,5,118,990,390,250,200,1,0,310,0,2000,200,1,0,120,10,0.188016,0,0.0101591,0.0161684,0.020628,0.0196438,0,2254.43,283.647,SciCon|PAM,6763,14.537,6019,55,sbe41 contopt wlseaowl,66.12,13.33,27.275,13.23,0,1.52131e+09,7.95,114.85,1.92755,349.604,1861.58,3713.19,5534.07,6692.66,6692.66,759,616,616,224,1339,0,2.13031,20.054,167.249,486.913,8945.57,0,0,346.944,,,,,,,,
2018/DATA-20180308/p6440119.nc,644,5,119,990,390,250,200,1,0,310,0,2000,200,1,0,120,10,0.180399,0,0.00698775,0.0198096,0.019338,0.0173172,0,2113.44,342.359,SciCon|PAM,5863,15.029,7417,55,sbe41 contopt wlseaowl,66.12,13.38,27.539,13.2,0,1.52132e+09,9.85,100.633,1.7552,299.886,1771.82,3686.45,5778.59,5778.59,5778.59,653,579,579,194,1157,0,1.83294,16.753,144.103,486.422,8607.94,0,0,296.802,,,,,,,,
2018/DATA-20180308/p6440120.nc,644,5,120,990,390,250,200,1,0,310,0,2000,200,1,0,120,10,0.18209,0,0.005438,0.0174486,0.0170881,0.0153148,0,1867.55,304.773,SciCon|PAM,5781,14.966,6521,55,sbe41 contopt wlseaowl,66.12,13.37,27.797,12.89,0,1.52133e+09,8.61667,98.35,1.79431,302.523,1811.21,3581.84,5511.85,5701.84,5701.84,658,571,571,191,1141,0,1.80489,16.756,128.686,485.931,8662.14,0,0,300.006,,,,,,,,
2018/DATA-20180308/p6440121.nc,644,5,121,990,390,250,200,1,0,310,0,2000,200,1,0,120,10,0.186982,0,0.00530531,0.0168039,0.0189276,0.0167218,0,2068.59,301.315,SciCon|PAM,6573,14.623,6373,55,sbe41 contopt wlseaowl,66.12,13.33,28.064,12.9,0,1.52133e+09,9.06667,112.9,2.4755,342.799,1803.2,3613.59,5454.02,6494.02,6494.02,732,603,602,217,1300,0,2.08077,20.044,141.949,486.913,8882.57,0,0,340.556,,,,,,,,
2018/DATA-20180308/p6440122.nc,644,5,122,990,390,250,200,1,0,310,0,2000,200,1,0,120,10,0.190458,0,0.00470638,0.0183139,0.0207213,0.0180429,0,2264.62,317.88,SciCon|PAM,7166,14.38,7279,55,sbe41 contopt wlseaowl,66.12,13.31,28.343,13.21,0,1.52134e+09,9.1,121.617,2.69749,366.744,1838.71,3599.93,5410.13,7083.67,7083.67,797,621,620,236,1418,0,2.23596,20.032,153.364,485.931,9069.69,0,0,368.101,,,,,,,,
2018/DATA-20180308/p6440123.nc,644,5,123,990,390,250,200,1,0,310,0,2000,200,1,0,120,10,0.182075,0,0.00736935,0.0187147,0.0182408,0.0156935,0,1993.53,323.481,SciCon|PAM,5774,14.953,7809,55,sbe41 contopt wlseaowl,66.12,13.35,28.604,13.19,0,1.52135e+09,9.5,98.0667,2.10847,297.955,1853.75,3643.75,5687.89,5687.89,5687.89,657,570,569,191,1139,0,1.79274,16.751,133.196,486.422,8672.11,0,0,294.994,,,,,,,,
2018/DATA-20180308/p6440124.nc,644,5,124,990,390,250,200,1,0,310,0,2000,200,1,0,120,10,0.179484,0,0.00462522,0.0163162,0.0160484,0.0144348,0,1753.92,284.41,SciCon|PAM,5140,15.074,6339,55,sbe41 contopt wlseaowl,66.12,13.38,28.852,12.9,0,1.52135e+09,8.53333,87.6333,1.31481,273.256,1789.29,3529.87,5061.49,5061.49,5061.49,589,507,507,170,1013,0,1.58367,16.741,117.855,486.422,8532.69,0,0,269.857,,,,,,,,
2018/DATA-20180308/p6440125.nc,644,5,125,990,390,250,200,1,0,310,0,2000,200,1,0,120,10,0.179659,0,0.00415656,0.0154432,0.0178536,0.0156395,0,1951.22,283.295,SciCon|PAM,5752,14.877,5706,55,sbe41 contopt wlseaowl,66.12,13.38,29.105,13.26,0,1.52136e+09,8.56667,98.3333,1.24052,287.387,1814.99,3604.99,5679.37,5679.37,5679.37,652,568,543,190,1136,0,1.7266,16.755,129.944,487.158,8546.37,0,0,288.4,,,,,,,,
2018/DATA-20180308/p6440126.nc,644,5,126,990,390,250,200,1,0,310,0,2000,200,1,0,120,10,0.176164,0,0.0044203,0.0170711,0.015833,0.0140218,0,1730.38,303.844,SciCon|PAM,5037,14.82,6383,55,sbe41 contopt wlseaowl,66.12,13.38,29.35,13.21,0,1.52137e+09,8.56667,85.5,1.26385,261.611,1774.15,3594.55,4954.88,4954.88,4954.88,576,496,496,166,992,0,1.5407,13.444,115.046,487.158,8412.18,0,0,258.55,,,,,,,,
2018/DATA-20180308/p6440127.nc,644,5,127,990,390,250,200,1,0,310,0,2000,200,1,0,120,10,0.175735,0,0.00342208,0.0159845,0.0149537,0.0135394,0,1634.29,287.117,SciCon|PAM,4843,14.959,5581,55,sbe41 contopt wlseaowl,66.12,13.39,29.591,12.89,0,1.52137e+09,8.15,82.75,1.49801,253.142,1798.57,3559.66,4770.04,4770.04,4770.04,560,478,478,160,955,0,1.47395,13.44,107.998,486.667,8382.18,0,0,250.208,,,,,,,,
2018/DATA-20180308/p6440128.nc,644,5,128,990,390,250,200,1,0,310,0,2000,200,1,0,120,10,0.174449,0,0.00434669,0.0158843,0.0147699,0.0131902,0,1614.2,285.285,SciCon|PAM,4588,14.835,5408,55,sbe41 contopt wlseaowl,66.12,13.4,29.829,12.9,0,1.52138e+09,8.4,78.6833,1.68638,244.283,1693.43,3454.18,4516.99,4516.99,4516.99,529,453,452,152,904,0,1.38539,13.423,106.277,486.913,8329.08,0,0,241.098,,,,,,,,
2018/DATA-20180308/p6440129.nc,644,5,129,990,390,250,200,1,0,310,0,2000,200,1,0,120,10,0.173266,0,0.00308936,0.0125323,0.0142478,0.0128911,0,1557.14,233.342,SciCon|PAM,4616,14.88,5116,55,sbe41 contopt wlseaowl,66.12,13.41,30.061,12.91,0,1.52138e+09,7.55,78.55,1.75152,235.932,1854.06,3634.47,4544.47,4544.47,4544.47,547,455,455,152,910,0,1.40149,13.448,103.283,487.158,8252.13,0,0,232.688,,,,,,,,
2018/DATA-20180308/p6440130.nc,644,5,130,990,390,250,200,1,0,310,0,2000,200,1,0,120,10,0.170986,0,0.00421616,0.0123188,0.0138578,0.0129837,0,1514.51,221.169,SciCon|PAM,4457,14.974,5093,55,sbe41 contopt wlseaowl,66.12,13.41,30.29,12.9,0,1.52139e+09,7.15,76.35,1.52366,230.985,1774.39,3564.78,4386.36,4386.36,4386.36,521,440,440,147,878,0,1.35244,13.431,104.065,486.913,8167.95,0,0,227.452,,,,,,,,
2018/DATA-20180308/p6440131.nc,644,5,131,990,390,250,200,1,0,310,0,2000,200,1,0,120,10,0.172135,0,0.0037067,0.0122715,0.0138049,0.0126306,0,1508.73,222.864,SciCon|PAM,4342,14.976,4967,55,sbe41 contopt wlseaowl,66.12,13.4,30.52,12.9,0,1.52139e+09,7.65,74.8167,1.1899,230.925,1742.55,3462.55,4272.55,4272.55,4272.55,508,428,428,144,855,0,1.30795,13.429,98.871,486.913,8229.91,0,0,227.307,,,,,,,,
2018/DATA-20180308/p6440132.nc,644,5,132,990,390,250,200,1,0,310,0,2000,200,1,0,120,10,0.171405,0,0.00405964,0.0133907,0.0135438,0.0126299,0,1480.2,244.978,SciCon|PAM,4343,14.765,4887,55,sbe41 contopt wlseaowl,66.12,13.41,30.75,12.91,0,1.5214e+09,7.2,74.65,0.953284,224.544,1766.8,3577.4,4277.4,4277.4,4277.4,510,429,428,143,857,0,1.30278,13.441,99.656,487.158,8197.73,0,0,220.805,,,,,,,,
2018/DATA-20180308/p6440133.nc,644,5,133,990,390,200,200,1,0,310,0,2000,200,1,0,120,10,0.137044,6.902e-05,0.00393683,0.013503,0.0146948,0.0131028,0,1605.98,246.164,SciCon|PAM,4828,14.993,4882,55,sbe41 contopt wlseaowl,66.12,13.46,30.95,12.92,0,1.5214e+09,7.36667,81.6333,0.783104,220.562,2048.03,4118.89,4758.89,4758.89,4758.89,571,478,476,159,953,0,1.28013,13.45,110.071,389.53,6566.82,0,0,218.404,,,,,,,,
2018/DATA-20180308/p6440134.nc,644,5,134,990,390,200,200,1,0,310,0,2000,200,1,0,120,10,0.135937,8.14406e-05,0.00374603,0.0179116,0.0161748,0.0132518,0,1767.74,325.048,SciCon|PAM,4861,15.011,5395,55,sbe41 contopt wlseaowl,66.12,13.46,31.155,13.32,0,1.52141e+09,9.38333,83.1,0.861347,221.19,2069.43,4139.43,4789.43,4789.43,4789.43,573,480,477,161,958,0,1.29591,13.433,112.102,389.53,6507.91,0,0,218.563,,,,,,,,
2018/DATA-20180308/p6440135.nc,644,5,135,990,400,250,200,1,0,310,0,2000,200,1,0,120,10,0.169077,0,0.00358173,0.014937,0.0137611,0.0123504,0,1503.94,268.662,SciCon|PAM,4347,14.894,5420,55,sbe41 contopt wlseaowl,66.12,13.43,31.384,13.29,0,1.52141e+09,7.91667,74.45,1.2194,223.3,1751.46,3602.17,4272.17,4272.17,4272.17,511,428,428,143,855,0,1.31082,13.431,97.616,486.667,8091.1,0,0,219.967,,,,,,,,
2018/DATA-20180308/p6440136.nc,644,5,136,990,400,250,200,1,0,310,0,2000,200,1,0,120,10,0.172457,0,0.00477985,0.0136169,0.0150689,0.0133805,0,1646.87,271.116,SciCon|PAM,4647,15.031,4957,55,sbe41 contopt wlseaowl,66.12,13.4,31.619,13.28,0,1.52142e+09,9.28333,79.9667,1.75681,237.892,1795.93,3606.27,4581.5,4581.5,4581.5,537,459,458,153,917,0,1.41728,13.446,106.487,487.403,8259.26,0,0,234.552,,,,,,,,
2018/DATA-20180308/p6440137.nc,644,5,137,990,400,250,200,1,0,310,0,2000,200,1,0,120,10,0.205302,0,0.00395797,0.0149979,0.0140749,0.0131009,0,1538.24,272.985,SciCon|PAM,4198,14.966,5240,55,sbe41 contopt wlseaowl,66.12,13.43,31.855,12.91,0,1.52142e+09,8.26667,72.0333,1.84534,209.751,1885.55,3696.43,4125.55,4125.55,4125.55,498,413,413,138,826,0,1.25136,13.458,99.822,486.913,8122.73,170.481,295.318,205.731,,,,,,,,
2018/DATA-20180308/p6440138.nc,644,5,138,990,400,250,200,1,0,310,0,2000,200,1,0,120,10,0.169911,0,0.00774679,0.0143606,0.0145441,0.0132802,0,1589.52,262.46,SciCon|PAM,4245,15.307,4745,55,sbe41 contopt wlseaowl,66.12,13.42,32.086,13.27,0,1.52143e+09,8,72.45,1.81678,211.314,1942.17,3723.16,4172.54,4172.54,4172.54,516,419,418,140,836,0,1.24722,13.452,103.833,486.667,8082.37,0,0,208.292,,,,,,,,
2018/DATA-20180308/p6440139.nc,644,5,139,990,400,250,200,1,0,310,0,2000,200,1,0,120,10,0.168826,0,0.00492473,0.0134078,0.0135429,0.0126551,0,1480.1,238.569,SciCon|PAM,4213,15.094,4742,55,sbe41 contopt wlseaowl,66.12,13.4,32.312,13.32,0,1.52143e+09,7.33333,73.2167,1.60005,211.414,1827.24,3698.47,4147.58,4147.58,4147.58,502,416,415,139,830,0,1.26316,13.443,99.99,486.913,8044.96,0,0,207.498,,,,,,,,
2018/DATA-20180308/p6440140.nc,644,5,140,990,400,250,200,1,0,310,0,2000,200,1,0,120,10,0.168907,0,0.00488897,0.0135539,0.0132818,0.0124851,0,1451.56,248.561,SciCon|PAM,3999,14.882,4799,55,sbe41 contopt wlseaowl,66.12,13.4,32.538,12.91,0,1.52144e+09,7.33333,68.3333,1.37001,209.552,1719.35,3501.46,3930.6,3930.6,3930.6,474,394,387,132,788,0,1.1745,13.452,97.547,485.441,8054.62,0,0,206.031,,,,,,,,
2018/DATA-20180308/p6440141.nc,644,5,141,990,400,250,200,1,0,310,0,2000,200,1,0,120,10,0.168913,0,0.00421699,0.012052,0.0130633,0.0123839,0,1427.68,219.075,SciCon|PAM,4080,15.015,4476,55,sbe41 contopt wlseaowl,66.12,13.4,32.762,13.2,0,1.52144e+09,6.81667,70.2,1.16601,208.527,1803.56,3616.35,4013.95,4013.95,4013.95,482,402,402,135,803,0,1.1963,13.406,96.583,485.686,8057.53,0,0,204.75,,,,,,,,
2018/DATA-20180308/p6440142.nc,644,5,142,990,400,200,200,1,0,310,0,2000,200,1,0,120,10,0.180013,0,0.00489279,0.0152744,0.0150726,0.0138867,0,1647.28,273.493,SciCon|PAM,4681,14.785,4643,55,sbe41 contopt wlseaowl,66.12,13.47,32.972,12.98,0,1.52145e+09,8.3,79.9333,1.07415,214.987,2024.96,4065.55,4615.55,4615.55,4615.55,551,462,462,155,924,0,1.24339,13.427,108.586,389.039,6604.84,206.294,358.933,212.746,,,,,,,,
2018/DATA-20180308/p6440143.nc,644,5,143,990,400,200,200,1,0,310,0,2000,200,1,0,120,10,0.139256,9.68575e-05,0.00490822,0.0148815,0.0153283,0.014078,0,1675.22,262.957,SciCon|PAM,5076,14.914,0,0,sbe41 contopt wlseaowl,66.12,13.47,33.177,13.34,0,1.52145e+09,7.28333,85.5167,1.4741,224.205,2233.84,4285.09,5005.09,5005.09,5005.09,610,501,501,167,1001,0,1.33461,16.716,116.064,390.021,6670.84,0,0,222.046,,,,,,,,
2018/DATA-20180308/p6440144.nc,644,5,144,990,400,200,200,1,0,310,0,2000,200,1,0,120,10,0.137467,0.000109023,0.00484482,0.0179024,0.0157515,0.0133465,0,1721.48,363.089,SciCon|PAM,4691,14.924,0,0,sbe41 contopt wlseaowl,66.12,13.48,33.382,13.31,0,1.52146e+09,11.5667,79.9667,1.77555,218.073,1955.11,4036.28,4616.28,4616.28,4616.28,556,463,462,155,924,0,1.23883,13.437,112.872,390.021,6586.1,0,0,215.804,,,,,,,,
2018/DATA-20180308/p6440145.nc,644,5,145,990,400,200,200,1,0,310,0,2000,200,1,0,120,10,0.139068,9.31919e-05,0.00624318,0.0146889,0.0154336,0.0138723,0,1686.73,263.528,SciCon|PAM,5236,15.013,0,0,sbe41 contopt wlseaowl,66.12,13.47,33.589,13.3,0,1.52146e+09,7.21667,88.2333,2.56713,239.494,2020.74,4150.74,5163.55,5163.55,5163.55,610,517,516,173,1033,0,1.39136,16.762,115.817,390.021,6669.55,0,0,237.55,,,,,,,,
2018/DATA-20180308/p6440146.nc,644,5,146,990,400,200,200,1,0,310,0,2000,200,1,0,120,10,0.135985,9.32344e-05,0.00513901,0.0186225,0.0156745,0.0132027,0,1713.06,367.892,SciCon|PAM,4684,14.801,0,0,sbe41 contopt wlseaowl,66.12,13.47,33.793,13.31,0,1.52147e+09,10.2,78.8,2.50423,215.007,2049.68,4050.03,4613.19,4613.19,4613.19,558,462,462,154,922,0,1.22788,13.457,109.937,390.021,6540.86,0,0,212.454,,,,,,,,
2018/DATA-20180308/p6440147.nc,644,5,147,990,400,200,200,1,0,310,0,2000,200,1,0,120,10,0.161619,0,0.00448056,0.0150447,0.0150857,0.0138413,0,1648.71,266.799,SciCon|PAM,4844,14.708,0,0,sbe41 contopt wlseaowl,66.12,13.47,34,13.32,0,1.52148e+09,7.35,82.55,2.44158,220.432,2096.4,4107.37,4777.37,4777.37,4777.37,574,478,478,160,955,0,1.27875,13.422,110.253,389.775,6603.89,117.006,195.556,218.341,,,,,,,,
2018/DATA-20180308/p6440148.nc,644,5,148,990,400,200,200,1,0,310,0,2000,200,1,0,120,10,0.139215,0.000125407,0.00560052,0.0148934,0.0156467,0.014209,0,1710.02,271.171,SciCon|PAM,5126,14.802,0,0,sbe41 contopt wlseaowl,66.12,13.47,34.206,13.29,0,1.52148e+09,7.53333,86.3333,2.10369,229.669,2154.88,4207.35,5057.35,5057.35,5057.35,606,506,506,170,1011,0,1.35458,16.734,117.758,389.285,6689.95,0,0,227.544,,,,,,,,
2018/DATA-20180308/p6440149.nc,644,5,149,990,400,200,200,1,0,310,0,2000,200,1,0,120,10,0.141478,0.00010234,0.00511296,0.0187241,0.0167028,0.0141141,0,1825.44,369.71,SciCon|PAM,5225,14.849,0,0,sbe41 contopt wlseaowl,66.12,13.46,34.42,13.4,0,1.52149e+09,10.65,90.2,1.72847,244.799,2009.8,4020.48,5151.24,5151.24,5151.24,611,516,515,173,1031,0,1.39798,16.731,117.519,389.53,6782.95,0,0,242.696,,,,,,,,
2018/DATA-20180308/p6440150.nc,644,5,150,990,400,200,200,1,0,310,0,2000,200,1,0,120,10,0.141259,9.58588e-05,0.00525925,0.0157866,0.0174832,0.0155707,0,1910.73,283.838,SciCon|PAM,5705,14.967,0,0,sbe41 contopt wlseaowl,66.12,13.46,34.638,13.38,0,1.52149e+09,8.2,95.9333,1.40054,256.394,2141.49,4233.22,5633.63,5633.63,5633.63,668,563,563,188,1126,0,1.52724,16.751,130.937,389.775,6778.28,0,0,252.992,,,,,,,,
2018/DATA-20180308/p6440151.nc,644,5,151,990,400,200,200,1,0,310,0,2000,200,1,0,120,10,0.1436,0.000100805,0.00542472,0.0158323,0.0189416,0.0167032,0,2070.12,277.076,SciCon|PAM,6462,14.864,0,0,sbe41 contopt wlseaowl,66.12,13.45,34.861,13.31,0,1.5215e+09,8.28333,108.55,1.64611,282.618,2155.1,4227.06,6382.15,6382.15,6382.15,736,639,639,214,1277,0,1.70388,20.066,141.88,389.775,6884.56,0,0,283.8,,,,,,,,
2018/DATA-20180308/p6440152.nc,644,5,152,990,400,200,200,1,0,310,0,2000,200,1,0,120,10,0.14195,9.129e-05,0.00496607,0.0163391,0.0175098,0.0156354,0,1913.64,291.9,SciCon|PAM,5941,14.771,0,0,sbe41 contopt wlseaowl,66.12,13.45,35.079,13.3,0,1.52151e+09,7.91667,99.7333,2.16871,271.84,2072.15,4144.92,5855.33,5855.33,5855.33,683,586,586,196,1172,0,1.61248,16.76,131.683,388.549,6822.49,0,0,270.313,,,,,,,,
2018/DATA-20180308/p6440153.nc,644,5,153,990,400,200,200,1,0,310,0,2000,200,1,0,120,10,0.14392,8.91969e-05,0.00487718,0.0160318,0.0183123,0.0163316,0,2001.34,284.981,SciCon|PAM,6252,14.882,0,0,sbe41 contopt wlseaowl,66.12,13.45,35.302,13.29,0,1.52151e+09,8.31667,104.483,2.20544,287.732,2067.37,4188.07,6171.07,6171.07,6171.07,712,618,617,206,1235,0,1.70198,16.761,139.438,389.775,6911.81,0,0,285.998,,,,,,,,
2018/DATA-20180308/p6440154.nc,644,5,154,990,400,200,200,1,0,310,0,2000,200,1,0,120,10,0.145696,8.52072e-05,0.00592209,0.0141713,0.0178772,0.0164684,0,1953.79,251.194,SciCon|PAM,6437,14.789,0,0,sbe41 contopt wlseaowl,66.12,13.43,35.524,13,0,1.52152e+09,7.25,108.65,1.80284,297.096,2125.62,4126.21,6356.22,6356.22,6356.22,734,637,635,213,1272,0,1.75907,20.014,139.001,390.021,6988.62,0,0,295.597,,,,,,,,
2018/DATA-20180308/p6440155.nc,644,5,155,990,400,200,200,1,0,310,0,2000,200,1,0,120,10,0.146341,9.35e-05,0.00638545,0.0152977,0.0181429,0.0166236,0,1982.84,276.081,SciCon|PAM,6446,14.944,0,0,sbe41 contopt wlseaowl,66.12,13.43,35.75,13.01,0,1.52153e+09,7.58333,108.117,1.22614,296.399,2072.82,4133.03,6363.42,6363.42,6363.42,734,637,637,213,1273,0,1.7625,20.058,140.588,389.775,7012.74,0,0,294.506,,,,,,,,
2018/DATA-20180308/p6440156.nc,644,5,156,990,400,200,200,1,0,310,0,2000,200,1,0,120,10,0.146419,9.03284e-05,0.0044842,0.0149821,0.0184786,0.0167318,0,2019.52,268.258,SciCon|PAM,6473,14.782,0,0,sbe41 contopt wlseaowl,66.12,13.43,35.975,13.29,0,1.52153e+09,7.86667,108.4,0.787669,295.872,2079.65,4169.65,6389.87,6389.87,6389.87,739,639,639,214,1278,0,1.77569,20.054,141.946,389.53,7027.48,0,0,293.954,,,,,,,,
2018/deployment 2018/p6440157.nc,644,5,157,990,400,200,200,1,0,310,0,2000,200,1,0,120,10,0.146551,9.16406e-05,0.00461554,0.0155669,0.0183185,0.0166127,0,2002.03,280.737,SciCon|PAM,6520,15.041,0,0,sbe41 contopt wlseaowl,66.12,13.43,36.201,13.27,0,1.52154e+09,7.75,109.25,0.899035,296.946,2055.17,4174.81,6436.41,6436.41,6436.41,741,645,644,216,1288,0,1.79232,20.069,140.012,389.775,7025.56,0,0,294.798,,,,,,,,
2018/DATA-20180308/p6440158.nc,644,5,158,990,400,200,200,1,0,310,0,2000,200,1,0,120,10,0.145897,9.1035e-05,0.00679316,0.0164877,0.0182311,0.0165064,0,1992.47,294.298,SciCon|PAM,6538,14.738,0,0,sbe41 contopt wlseaowl,66.12,13.44,36.426,13.02,0,1.52155e+09,7.91667,109.633,1.50137,297.334,2052.43,4163.85,6452.98,6452.98,6452.98,743,646,645,216,1291,0,1.79613,20.091,137.984,390.021,6992.21,0,0,295.55,,,,,,,,
2018/DATA-20180308/p6440159.nc,644,5,159,990,420,200,200,1,0,310,0,2000,200,1,0,120,10,0.145434,9.99281e-05,0.00385687,0.0199101,0.0193061,0.0161825,0,2109.96,383.511,SciCon|PAM,6634,14.76,0,0,sbe41 contopt wlseaowl,66.12,13.45,36.656,13.36,0,1.52155e+09,11.15,111.417,1.93286,303.275,2045.09,4145.65,6318.06,6548.06,6548.06,751,655,655,219,1310,0,1.82424,20.074,116.017,390.021,6983.49,0,0,301.296,,,,,,,,
2018/DATA-20180308/p6440160.nc,644,5,160,990,420,200,200,1,0,310,0,2000,200,1,0,120,10,0.145272,0.000109777,0.00502844,0.0165274,0.0188015,0.0166465,0,2054.81,296.832,SciCon|PAM,6889,14.929,0,0,sbe41 contopt wlseaowl,66.12,13.45,36.883,13.31,0,1.52156e+09,8.1,115.383,1.91734,303.404,2221.79,4401.79,6564.48,6804.46,6804.46,787,681,680,228,1361,0,1.8864,20.075,121.304,389.285,6963.95,0,0,301.194,,,,,,,,
2018/DATA-20180308/p6440161.nc,644,5,161,990,420,200,200,1,0,310,0,2000,200,1,0,120,10,0.146685,0.000109777,0.0040852,0.0193157,0.0193915,0.0168699,0,2119.29,342.552,SciCon|PAM,7002,14.78,0,0,sbe41 contopt wlseaowl,66.12,13.43,37.116,13.32,0,1.52157e+09,8.88333,117.3,1.72995,315.702,2137.32,4207.65,6367.86,6913.29,6913.29,792,692,691,231,1384,0,1.91272,20.062,122.015,389.53,7051.23,0,0,313.546,,,,,,,,
2018/DATA-20180308/p6440162.nc,644,5,162,990,420,200,200,1,0,310,0,2000,200,1,0,120,10,0.149071,8.94412e-05,0.00400041,0.0180296,0.0192207,0.0169073,0,2100.62,320.499,SciCon|PAM,7121,14.754,0,0,sbe41 contopt wlseaowl,66.12,13.43,37.35,13.28,0,1.52158e+09,8.81667,119.25,1.61594,321.95,2090.71,4161.12,6331.88,7031.88,7031.88,802,688,687,235,1408,0,1.95187,20.064,121.814,389.53,7152.13,0,0,320.603,,,,,,,,
2018/DATA-20180308/p6440163.nc,644,5,163,990,420,200,200,1,0,310,0,2000,200,1,0,120,10,0.150867,8.93881e-05,0.0043663,0.0175326,0.0199387,0.0175325,0,2179.09,305.25,SciCon|PAM,7364,14.643,0,0,sbe41 contopt wlseaowl,66.12,13.43,37.587,13.03,0,1.52158e+09,8.88333,123.333,1.85406,328.935,2166.08,4317.11,6437.78,7277.78,7277.78,826,699,699,243,1455,0,2.01925,20.074,126.256,389.53,7233.18,0,0,327.5,,,,,,,,
2018/DATA-20180308/p6440164.nc,644,5,164,990,420,200,200,1,0,310,0,2000,200,1,0,120,10,0.152146,0.000108439,0.00484801,0.0185867,0.0204198,0.0182264,0,2231.67,330.901,SciCon|PAM,7505,14.554,0,0,sbe41 contopt wlseaowl,66.12,13.43,37.829,13.37,0,1.52159e+09,8.7,125.733,2.6848,335.799,2171.1,4351.62,6403.49,7415.36,7415.36,846,702,702,248,1483,0,2.07168,23.36,133.936,389.775,7284.41,0,0,334.455,,,,,,,,
2018/DATA-20180308/p6440165.nc,644,5,165,990,420,200,200,1,0,310,0,2000,200,1,0,120,10,0.15011,8.81397e-05,0.00439084,0.0201441,0.02003,0.0175111,0,2189.07,352.882,SciCon|PAM,7279,14.78,0,0,sbe41 contopt wlseaowl,66.12,13.43,38.068,13.39,0,1.5216e+09,9.15,122.217,2.72915,325.82,1996.08,4166.45,6406.45,7186.45,7186.45,817,695,694,241,1438,0,2.00551,20.064,126.281,390.021,7190.16,0,0,324.25,,,,,,,,
2018/DATA-20180308/p6440166.nc,644,5,166,990,420,200,200,1,0,310,0,2000,200,1,0,120,10,0.148821,9.72506e-05,0.0041431,0.0174165,0.0193609,0.0170171,0,2115.95,308.194,SciCon|PAM,7110,14.783,0,0,sbe41 contopt wlseaowl,66.12,13.44,38.301,13.29,0,1.52161e+09,8.83333,119.25,2.2922,323.253,2045.43,4145.43,6297.9,7022.3,7022.3,801,683,683,235,1405,0,1.96136,20.059,123.192,389.775,7139.12,0,0,321.298,,,,,,,,
2018/DATA-20180308/p6440167.nc,644,5,167,990,420,200,200,1,0,310,0,2000,200,1,0,120,10,0.148423,9.79838e-05,0.00524405,0.0174333,0.0194788,0.0173673,0,2128.83,312.792,SciCon|PAM,7221,14.76,0,0,sbe41 contopt wlseaowl,66.12,13.45,38.535,13.06,0,1.52162e+09,8.45,121.15,2.14172,325.68,2200.7,4261.47,6342.48,7135.45,7135.45,817,688,688,239,1427,0,1.99756,20.06,125.531,390.757,7121.51,0,0,324.74,,,,,,,,
2018/DATA-20180308/p6440168.nc,644,5,168,990,420,200,200,1,0,310,0,2000,200,1,0,120,10,0.149205,8.42934e-05,0.00394412,0.0157666,0.0190479,0.0172686,0,2081.73,279.649,SciCon|PAM,7303,14.689,0,0,sbe41 contopt wlseaowl,66.12,13.44,38.768,13.06,0,1.52162e+09,7.78333,122.45,1.92607,326.775,2094.66,4244.97,6415.34,7215.34,7215.34,822,696,696,241,1443,0,2.02343,20.028,123.912,390.021,7159.08,0,0,325.397,,,,,,,,
2018/DATA-20180308/p6440169.nc,644,5,169,990,420,200,200,1,0,310,0,2000,200,1,0,120,10,0.147517,8.7975e-05,0.00476552,0.0161769,0.0193648,0.0171153,0,2116.37,288.476,SciCon|PAM,7252,14.886,0,0,sbe41 contopt wlseaowl,66.12,13.45,39,13.31,0,1.52163e+09,8.31667,121.4,2.43246,318.238,2164.14,4354.48,6554.14,7164.14,7164.14,816,717,717,240,1433,0,1.99493,20.061,122.844,389.53,7087.18,0,0,316.408,,,,,,,,
2018/DATA-20180308/p6440170.nc,644,5,170,990,420,200,200,1,0,310,0,2000,200,1,0,120,10,0.147665,8.62644e-05,0.00593146,0.0166238,0.0183817,0.016425,0,2008.93,296.678,SciCon|PAM,6960,14.802,0,0,sbe41 contopt wlseaowl,66.12,13.44,39.229,13.35,0,1.52164e+09,8.15,116.817,2.92638,315.85,2012.04,4092.69,6303.83,6873.83,6873.83,781,688,687,230,1375,0,1.91396,20.056,117.16,389.039,7100.69,0,0,314.204,,,,,,,,
2018/DATA-20180308/p6440171.nc,644,5,171,990,420,200,200,1,0,310,0,2000,200,1,0,120,0,0.148662,9.6135e-05,0.00447185,0.0159875,0.0187311,0.0165048,0,2047.12,309.705,SciCon|PAM,6932,14.881,0,0,sbe41 contopt wlseaowl,66.12,13.43,39.459,13.24,0,1.52165e+09,9.43333,116.25,1.77094,318.486,1985.79,4056.14,6246.42,6846.42,6846.42,777,686,685,229,1370,0,1.90247,20.074,120.264,390.266,7130.7,0,0,317.052,,,,,,,,
2018/DATA-20180308/p6440172.nc,644,5,172,990,420,200,200,1,0,310,0,2000,200,1,0,120,0,0.15035,9.94341e-05,0.00467805,0.0162724,0.0193034,0.0167028,0,2109.66,287.093,SciCon|PAM,6969,14.711,0,0,sbe41 contopt wlseaowl,66.12,13.43,39.691,13.36,0,1.52165e+09,9.21667,116.733,2.3962,328.196,1862.05,3982.05,6072.05,6882.05,6882.05,779,662,662,230,1377,0,1.93035,20.029,122.343,390.266,7196.55,0,0,327.554,,,,,,,,
2018/DATA-20180308/p6440173.nc,644,5,173,990,420,200,200,1,0,310,0,2000,200,1,0,120,0,0.15064,9.72188e-05,0.0073111,0.0201489,0.0201451,0.0172025,0,2201.65,378.082,SciCon|PAM,7226,14.618,0,0,sbe41 contopt wlseaowl,66.12,13.43,39.93,13.06,0,1.52166e+09,11.2333,121.233,2.20606,332.017,1958.28,4058.68,6259.76,7139.76,7139.76,806,683,683,239,1428,0,2.00747,20.069,126.819,389.775,7209.21,0,0,331.049,,,,,,,,
2018/DATA-20180308/p6440174.nc,644,5,174,990,420,200,200,1,0,310,0,2000,200,1,0,120,0,0.150671,0.000102988,0.00493232,0.0160733,0.019652,0.0175138,0,2147.76,284.194,SciCon|PAM,7361,14.569,0,0,sbe41 contopt wlseaowl,66.12,13.44,40.166,13.25,0,1.52167e+09,7.9,123.617,2.38838,339.548,2019.62,4049.62,6219.62,7275.75,7275.75,825,687,687,243,1455,0,2.03172,20.056,127.754,390.021,7225.41,0,0,337.884,,,,,,,,
2018/DATA-20180308/p6440175.nc,644,5,175,990,420,200,200,1,0,310,0,2000,200,1,0,120,0,0.147649,8.88622e-05,0.00494851,0.0193285,0.0202242,0.0174203,0,2210.29,353.169,SciCon|PAM,7252,14.781,0,0,sbe41 contopt wlseaowl,66.12,13.44,40.402,13.39,0,1.52168e+09,9.56667,121.533,2.76784,325.689,2138.11,4258.37,6400.22,7160.22,7160.22,817,694,694,239,1433,0,1.99976,20.086,127.361,388.549,7090.82,0,0,324.761,,,,,,,,
2018/DATA-20180308/p6440176.nc,644,5,176,990,420,200,200,1,0,310,0,2000,200,1,0,120,0,0.149592,9.26181e-05,0.00466889,0.0159332,0.0197574,0.0174586,0,2159.28,278.688,SciCon|PAM,7388,14.712,0,0,sbe41 contopt wlseaowl,66.12,13.43,40.637,13.35,0,1.52168e+09,8.48333,123.783,3.28839,332.593,2114.98,4285.21,6425.57,7297.32,7297.32,829,698,698,245,1460,0,2.06035,20.067,127.129,389.775,7181.6,0,0,331.109,,,,,,,,
2018/DATA-20180308/p6440177.nc,644,5,177,990,420,200,200,1,0,310,0,2000,200,1,0,120,0,0.150444,0.000104019,0.00484589,0.0161805,0.0192594,0.0173417,0,2104.86,282.676,SciCon|PAM,7290,14.589,0,0,sbe41 contopt wlseaowl,66.12,13.43,40.872,13.26,0,1.52169e+09,8.03333,122.05,2.8304,334.015,2024.48,4145.33,6256.99,7196.99,7196.99,816,685,685,241,1440,0,2.02397,20.049,126.934,389.285,7229.15,0,0,333.697,,,,,,,,
2018/DATA-20180308/p6440178.nc,644,5,178,990,420,200,200,1,0,310,0,2000,200,1,0,120,0,0.164477,8.51541e-05,0.00550917,0.0204678,0.0247902,0.0215254,0,2709.31,417.59,SciCon|PAM,9410,14.035,0,0,sbe41 contopt wlseaowl,66.12,13.34,41.142,13.22,0,1.5217e+09,12.45,157.15,2.52624,447.57,2131.64,4163.94,6324.49,9316.87,9316.87,1031,754,753,311,1864,0,2.66585,26.671,159.576,390.021,7881.33,0,0,441.892,,,,,,,,
2018/DATA-20180308/p6440179.nc,644,5,179,990,420,200,200,1,0,310,0,2000,200,1,0,120,0,0.183809,8.47875e-05,0.00727969,0.0200751,0.029323,0.0263713,0,3204.7,342.242,SciCon|PAM,12261,13.292,0,0,sbe41 contopt wlseaowl,66.12,13.22,41.449,13.14,0,1.52171e+09,9.4,204.55,2.47926,581.81,2162.17,4023.08,6054.07,10125.2,12151.8,1310,834,834,406,2431,0,3.50762,33.295,195.627,389.53,8720.45,0,0,582.9,,,,,,,,
2018/DATA-20180308/p6440180.nc,644,5,180,990,420,200,200,1,0,310,0,2000,200,1,0,120,8,0.205324,7.0125e-05,0.00801142,0.021697,0.0353287,0.0318518,0,3861.06,365.453,SciCon|PAM,15340,12.991,0,0,sbe41 contopt wlseaowl,66.12,13.06,41.801,13.09,0,1.52172e+09,10.2167,255.683,3.68138,686.011,2104.52,4174.52,6355.27,10815.7,15215.7,1622,959,955,508,3043,0,4.39066,43.256,236.159,390.021,9668.51,0,0,685.445,,,,,,,,
2018/DATA-20180308/p6440181.nc,644,5,181,990,420,200,200,1,0,310,0,2000,200,1,0,120,8,0.218754,8.36081e-05,0.00798902,0.0254939,0.0404129,0.0358208,0,4416.71,431.605,SciCon|PAM,16992,13.028,0,0,sbe41 contopt wlseaowl,66.12,12.88,42.188,12.89,0,1.52174e+09,11.7667,282.917,0.329056,757.963,2125.85,4285.85,6395.85,10675.8,16849.1,1784,1016,1015,562,3370,0,4.88499,46.553,272.489,388.794,10264.5,0,0,755.254,,,,,,,,
2018/DATA-20180308/p6440182.nc,644,5,182,990,420,200,200,1,0,310,0,2000,200,1,0,120,8,0.221979,7.29725e-05,0.00789653,0.0282882,0.0406954,0.0356128,0,4447.58,475.993,SciCon|PAM,16860,12.947,0,0,sbe41 contopt wlseaowl,66.12,12.86,42.578,12.84,0,1.52176e+09,12.8833,280.9,1.20163,749.782,2093.92,4284.48,6434.66,10585.5,16702.6,1770,1013,1013,557,3340,0,4.8467,46.556,268.889,389.039,10262.7,0,0,750.312,,,,,,,,
2018/DATA-20180308/p6440183.nc,644,5,183,990,420,200,200,1,0,310,0,2000,200,1,0,120,8,0.240821,8.17806e-05,0.00967221,0.0296604,0.0437895,0.038576,0,4785.74,499.178,SciCon|PAM,18785,12.665,0,0,sbe41 contopt wlseaowl,66.12,12.73,42.999,12.7,0,1.52178e+09,13.1333,313.017,2.15318,846.177,2119.89,4269.89,6249.89,10440.5,18630.5,1965,1062,1062,622,3726,0,5.41686,53.187,290.466,387.568,11043.8,0,0,844.157,,,,,,,,
2018/DATA-20180308/p6440184.nc,644,5,184,990,420,200,200,1,0,310,0,2000,200,1,0,120,8,0.251407,7.61069e-05,0.016584,0.0356162,0.0491986,0.0423722,0,5376.89,617.739,SciCon|PAM,20428,12.687,0,0,sbe41 contopt wlseaowl,66.12,12.65,43.453,12.7,0,1.52179e+09,17.0833,339.85,0.907081,891.555,2094.49,4084.49,6204.49,10514.5,20259.7,2129,1121,1120,676,4051,0,5.90032,56.474,325.474,388.549,11481.3,0,0,891.514,,,,,,,,
2018/DATA-20180308/p6440185.nc,644,5,185,990,420,200,200,1,0,310,0,2000,200,1,0,120,0,0.248455,7.80937e-05,0.00657967,0.0346861,0.0452405,0.039157,0,4944.31,573.666,SciCon|PAM,19020,12.708,0,0,sbe41 contopt wlseaowl,66.12,12.66,43.89,12.65,0,1.52182e+09,15.0667,317,0.959136,892.855,1970.47,4030.47,6050.47,10270.5,18840.6,1987,1059,1058,628,3768,0,5.52147,53.185,297.238,388.304,11355.7,0,0,887.668,,,,,,,,
2018/DATA-20180308/p6440186.nc,644,5,186,990,410,250,200,1,0,310,0,2000,200,1,0,120,0,0.320937,0,0.0068954,0.00295335,0.0365181,0.0348976,0,3991.04,58.467,SciCon|PAM,17342,12.705,0,0,sbe41 contopt wlseaowl,66.12,12.61,44.347,12.59,0,1.52184e+09,5.55,289.05,1.53912,920.773,1793.76,3553.76,5293.76,8913.76,16554,1799,949,949,574,3434,0,5.81984,49.877,257.048,485.195,14481.3,0,0,921.714,,,,,,,,
2018/DATA-20180308/p6440187.nc,644,5,187,990,410,250,200,1,0,310,0,2000,200,1,0,120,0,0.337048,0,0.00665327,0.00316678,0.0396827,0.0380987,0,4336.9,61.832,SciCon|PAM,19313,12.879,0,0,sbe41 contopt wlseaowl,66.12,12.55,44.832,12.53,0,1.52185e+09,5.28333,322.117,4.42596,996.621,1805.66,3535.66,5355.66,9085.66,17035.7,1995,1013,1013,634,3800,0,6.4656,53.165,280.411,485.441,15093.8,0,0,996.821,,,,,,,,
2018/DATA-20180308/p6440188.nc,644,5,188,990,410,250,200,1,0,310,0,2000,200,1,0,120,0,0.334785,0,0.00713858,0.00300098,0.0385464,0.0367588,0,4212.73,61.289,SciCon|PAM,18751,12.643,0,0,sbe41 contopt wlseaowl,66.12,12.55,45.31,12.56,0,1.52187e+09,5.43333,313.017,2.46609,991.315,1811.33,3511.33,5151.33,8921.33,16581.5,1946,985,984,620,3717,0,6.2825,53.167,271.109,484.705,15019.7,0,0,993.604,,,,,,,,
2018/DATA-20180308/p6440189.nc,644,5,189,990,410,250,200,1,0,310,0,2000,200,1,0,120,0,0.346943,0,0.00969162,0.00318317,0.0396334,0.0375703,0,4331.52,64.186,SciCon|PAM,18956,12.587,14,55,sbe41 contopt wlseaowl,66.12,12.49,45.797,12.45,0,1.52189e+09,5.63333,317.433,4.76862,993.408,1809.85,3559.85,5319.85,8799.92,16682,1966,1002,1002,627,3758,0,6.33941,53.166,278.43,484.95,15154.9,18.1519,32.3669,994.611,,,,,,,,
2018/DATA-20180308/p6440190.nc,644,5,190,990,410,250,200,1,0,310,0,2000,200,1,0,120,0,0.343253,0,0.00833496,0.0028454,0.0400121,0.0378964,0,4372.9,55.957,SciCon|PAM,18943,12.639,19369,55,sbe41 contopt wlseaowl,66.12,12.48,46.287,12.24,0,1.52191e+09,5.96667,316.117,5.24457,993.923,1877.39,3657.71,5367.71,9068.66,16631,1962,1007,1006,627,3756,0,6.34484,53.18,282.118,483.724,15225.7,0,0,994.965,,,,,,,,
2018/DATA-20180308/p6440191.nc,644,5,191,990,410,250,200,1,0,310,0,2000,200,1,0,120,0,0.262427,0.000325093,0.00731718,0.00461105,0.0377228,0.0348153,0,4122.71,94.843,SciCon|PAM,17590,12.685,19331,55,sbe41 contopt wlseaowl,66.12,12.51,46.69,12.58,0,1.52193e+09,6.68333,293.683,2.83886,990.66,1756.78,3376.78,5047.52,8417.57,15527.6,1831,937,937,581,3485,0,5.37406,49.884,264.111,372.605,11790.5,0,0,993.51,,,,,,,,
2018/DATA-20180308/p6440192.nc,644,5,192,990,410,250,200,1,0,310,0,2000,200,1,0,120,0,0.341799,0,0.0112168,0.0632189,0.0488396,0.0400325,0,5337.66,1096.64,SciCon|PAM,19043,12.647,19195,55,sbe41 contopt wlseaowl,66.12,12.47,47.251,12.44,0,1.52195e+09,26.8667,318.2,4.89288,995.102,1854.68,3595.03,5315.03,8997.84,16800.8,1975,1002,1002,628,3761,0,6.40933,53.195,297.019,484.705,15207.7,0,0,995.676,,,,,,,,
2018/DATA-20180308/p6440193.nc,644,5,193,990,410,250,200,1,0,310,0,2000,200,1,0,120,0,0.342593,0,0.00962977,0.067481,0.0506695,0.0418307,0,5537.65,1134.15,SciCon|PAM,19425,12.64,20660,55,sbe41 contopt wlseaowl,66.12,12.47,47.822,12.45,0,1.52197e+09,26.7333,324.183,5.37775,994.072,1838.21,3750.25,5550.75,9322.09,17165.3,2015,1035,1035,643,3851,0,6.51637,53.196,309.866,484.95,15253.8,0,0,995.071,,,,,,,,
2018/DATA-20180308/p6440194.nc,644,5,194,990,410,250,200,1,0,310,0,2000,200,1,0,120,0,0.344524,0,0.00655559,0.0661383,0.0494434,0.0405077,0,5403.65,1116,SciCon|PAM,19275,12.713,21016,55,sbe41 contopt wlseaowl,66.12,12.46,48.39,12.45,0,1.52199e+09,26.6167,321.95,2.868,993.181,1751.46,3522.63,5313.15,9074.5,17007.4,1999,1016,1016,638,3821,0,6.44671,53.186,299.607,484.46,15302.1,0,0,994.856,,,,,,,,
2018/DATA-20180308/p6440195.nc,644,5,195,990,410,220,200,1,0,310,0,2000,200,1,0,120,0,0.302817,0,0.00703311,0.0623955,0.0518945,0.043043,0,5671.53,1051.46,SciCon|PAM,21123,12.595,20802,55,sbe41 contopt wlseaowl,66.12,12.48,48.924,12.52,0,1.52201e+09,25.3,353.217,3.91951,993.152,2048.43,3898.43,5918.42,10188.6,18709.2,2186,1118,1118,699,4191,0,6.48785,56.522,319.04,426.57,13528.7,0,0,994.567,,,,,,,,
2018/DATA-20180308/p6440196.nc,644,5,196,990,410,220,200,1,0,310,0,2000,200,1,0,120,0,0.301495,0,0.00719461,0.0989805,0.0549715,0.041916,0,6007.81,1674.74,SciCon|PAM,19676,12.537,23440,55,sbe41 contopt wlseaowl,66.12,12.5,49.49,12.29,0,1.52204e+09,37.9833,328.483,3.12889,992.806,1873.53,3693.71,5583.71,9423.71,17423.8,2038,1046,1046,650,3899,0,6.17316,53.203,312.806,425.589,13447.8,0,0,994.86,,,,,,,,
2018/DATA-20180308/p6440197.nc,644,5,197,990,410,220,200,1,0,310,0,2000,200,1,0,120,0,0.297726,0,0.00944414,0.0311484,0.0580558,0.0505547,0,6344.9,519.574,SciCon|PAM,23434,12.883,20550,55,sbe41 contopt wlseaowl,66.12,12.52,50.013,12.51,0,1.52206e+09,14.6,390.867,2.26992,996.753,2379.51,4740.2,7130.97,11821,20961.4,2439,1277,1277,771,4622,0,6.2743,69.744,373.057,426.57,13298.2,0,0,996.561,,,,,,,,
2018/DATA-20180308/p6440198.nc,644,5,198,990,410,220,200,1,0,310,0,2000,200,1,0,120,0,0.298778,0,0.0112428,0.0346918,0.0580798,0.050153,0,6347.52,573.628,SciCon|PAM,23165,12.837,24388,55,sbe41 contopt wlseaowl,66.12,12.52,50.54,12.5,0,1.52208e+09,16.1833,386.3,0.94283,997.23,2247.56,4587.56,6757.56,11207.6,20488.4,2412,1239,1239,761,4556,0,6.02509,66.437,372.096,426.324,13384.6,0,0,996.951,,,,,,,,
2018/DATA-20180308/p6440199.nc,644,5,199,990,410,220,220,1,0,310,0,2000,200,1,0,120,0,0.300367,0.000118904,0.00605243,0.0366573,0.0502346,0.043718,0,5490.12,607.902,SciCon|PAM,21980,12.66,24154,55,sbe41 contopt wlseaowl,66.12,12.49,51.048,12.45,0,1.52211e+09,16.8333,365.333,4.13338,992.291,2062.19,4152.19,6262.19,10622.2,19522.4,2280,1171,1171,726,4357,0,6.63207,59.811,326.118,425.343,13418.6,0,0,994.537,,,,,,,,
2018/DATA-20180308/p6440200.nc,644,5,200,990,410,220,220,1,0,310,0,2000,200,1,0,120,0,0.302263,0.000117475,0.00860426,0.0318596,0.0499262,0.0442541,0,5456.41,528.241,SciCon|PAM,21936,12.692,22789,55,sbe41 contopt wlseaowl,66.12,12.45,51.555,12.45,0,1.52213e+09,15.0167,364.8,3.81957,992.918,2046.37,4117.6,6267.6,10671.5,19465.3,2276,1170,1169,726,4350,0,6.63296,59.806,332.435,425.589,13451.1,0,0,994.436,,,,,,,,
2018/DATA-20180308/p6440201.nc,644,5,201,990,410,220,220,1,0,310,0,2000,200,1,0,120,0,0.303386,0.000111233,0.00639919,0.0337893,0.0500857,0.0441953,0,5473.84,563.55,SciCon|PAM,22027,12.648,22795,55,sbe41 contopt wlseaowl,66.12,12.46,52.065,12.48,0,1.52215e+09,15.65,366.45,5.76241,992.969,2124.67,4235.23,6305.48,10588.3,19551.7,2286,1175,1173,728,4369,0,6.67383,59.815,330.085,428.287,13536.7,0,0,994.713,,,,,,,,
2018/DATA-20180308/p6440203.nc,644,5,203,990,410,220,220,1,0,310,0,2000,200,1,0,120,0,0.210699,0.00185481,0.00709952,0.0311686,0.0480987,0.0420458,0,5256.69,517.51,SciCon|PAM,21400,12.69,23107,55,sbe41 contopt wlseaowl,66.12,12.54,52.986,12.51,0,1.5222e+09,14.8667,356.117,5.08773,989.156,2127.39,4148.99,6169.37,10381.4,19063.8,2218,1144,1144,707,4243,0,5.56603,59.76,318.971,300.488,9535.76,0,0,992.568,,,,,,,,
2018/DATA-20180308/p6440204.nc,644,5,204,990,420,200,220,1,0,310,0,2000,200,1,0,120,0,0.273884,0.00066759,0.0108042,0.0321116,0.0552027,0.0494246,0,6033.08,535.418,SciCon|PAM,23406,12.648,22241,55,sbe41 contopt wlseaowl,66.12,12.5,53.483,12.47,0,1.52222e+09,15.1833,389.383,5.17525,991.17,2128.47,4439.65,6730.05,11312.5,20825.3,2423,1251,1251,774,4645,0,6.6782,66.366,383.262,387.813,12269.8,0,0,993.664,,,,,,,,
2018/DATA-20180308/p6440205.nc,644,5,205,990,420,200,220,1,0,310,0,2000,200,1,0,120,0,0.275059,0.000648911,0.0142272,0.0373966,0.0564711,0.0500933,0,6171.71,649.339,SciCon|PAM,23664,12.603,24439,55,sbe41 contopt wlseaowl,66.12,12.49,53.99,12.52,0,1.52224e+09,18.5167,393.433,4.77663,990.576,2189.26,4579.26,6769.35,11279.4,21039.4,2444,1262,1262,783,4694,0,6.67872,66.443,391.27,387.322,12314.8,0,0,993.37,,,,,,,,
2018/DATA-20180308/p6440206.nc,644,5,206,990,420,180,220,1,0,310,0,2000,200,1,0,120,0,0.235834,0.00121209,0.0146539,0.034377,0.0533099,0.047685,0,5826.22,566.139,SciCon|PAM,22417,12.667,24535,55,sbe41 contopt wlseaowl,66.12,12.57,54.445,12.59,0,1.52227e+09,16.0667,372.917,4.233,916.382,2289.92,4580.12,6881.08,11534.3,21617,2325,1229,1228,742,4444,0,5.96251,63.091,372.657,348.32,10650.9,0,0,918.274,,,,,,,,
2018/DATA-20180308/p6440207.nc,644,5,207,990,420,180,220,1,0,310,0,2000,200,1,0,120,0,0.22685,0.00121692,0.0124661,0.0334651,0.0514309,0.0456907,0,5620.86,553.257,SciCon|PAM,21582,12.889,23284,55,sbe41 contopt wlseaowl,66.12,12.63,54.884,12.61,0,1.52229e+09,15.7,359.117,4.89418,861.731,2216.84,4677.36,7088.21,11969.1,21386,2244,1217,1215,714,4278,0,5.71884,59.864,354.862,348.566,10293.9,0,0,863.215,,,,,,,,
2018/DATA-20180308/p6440208.nc,644,5,208,990,420,180,220,1,0,310,0,2000,200,1,0,120,0,0.211437,0.00121503,0.0123286,0.0330201,0.0445614,0.0389924,0,4870.1,548.42,SciCon|PAM,17942,12.943,22444,55,sbe41 contopt wlseaowl,66.12,12.71,55.281,12.64,0,1.52231e+09,15.4833,298.733,4.67167,785.712,2241.38,4401.38,6541.45,10991.8,17750.2,1884,1055,1055,593,3551,0,4.86345,49.893,301.009,351.019,9656.15,0,0,787.665,,,,,,,,
2018/DATA-20180308/p6440209.nc,644,5,209,150,50,250,220,1,0,310,0,2000,200,1,0,120,0,0.157886,0,0.00264876,0.028046,0.013927,0.0108652,0,1522.07,476.86,SciCon|PAM,3403,14.708,18718,55,magnetometer sbe41 contopt wlseaowl,66.12,13.28,55.506,13.19,0,1.52233e+09,13.8,56.7833,0.702916,160.725,1867.74,3237.75,3237.75,3237.75,3237.75,415,325,324,108,649,0,0.934113,13.459,71.876,486.913,7493.6,0,0,156.058,,,,,,,,
2018/DATA-20180308/p6440210.nc,644,5,210,150,50,70,220,1,0,310,0,2000,200,1,0,120,0,0.0591961,0.00205907,0.00450774,0.0105175,0.0131555,0.0111718,0,1437.76,198.343,SciCon|PAM,4277,14.961,3761,55,magnetometer sbe41 contopt wlseaowl,66.12,13.57,55.609,13.58,0,1.52234e+09,6.86667,72.95,0.804338,153.107,2648.17,4218.17,4218.17,4218.17,4218.17,546,422,422,141,845,0,0.649907,16.761,82.595,137.12,2188.85,72.117,131.44,151.998,,,,,,,,
2018/DATA-20180308/p6440211.nc,644,5,211,150,50,250,220,1,0,310,0,2000,200,1,0,120,0,0.157291,0,0.00242806,4.46829e-05,0.00814433,0.0095599,0,890.091,0,SciCon|PAM,3270,46.52,0,0,magnetometer sbe41 contopt wlseaowl,66.12,13.35,55.875,13.24,0,1.52234e+09,4.25,56.95,0.671962,159.062,1958.27,3258.27,3258.27,3258.27,3258.27,424,653,651,652,653,0,0.943512,13.445,90.483,487.403,7482.04,0,0,155.398,,,,,,,,
2018/DATA-20180308/p6440212.nc,644,5,212,150,50,250,220,1,0,310,0,2000,200,1,0,120,0,0.155871,0,0.00246445,0.0136963,0.0146876,0.0126974,0,1605.2,252.211,SciCon|PAM,3263,45.881,3851,55,magnetometer sbe41 contopt wlseaowl,66.12,13.35,56.113,13.18,0,1.52235e+09,7.81667,56.3333,0.700369,160.406,1837.7,3187.16,3187.16,3187.16,3187.16,618,638,638,638,638,0,0.908023,20.083,90.993,486.667,7448.79,0,0,155.361,,,,,,,,
2018/DATA-20180308/p6440213.nc,644,5,213,150,50,70,220,1,0,310,0,2000,200,1,0,120,0,0.0444978,0.00383358,0.00251531,0.0133075,0.0183634,0.014816,0,2006.92,243.889,SciCon|PAM,4254,45.816,3804,55,magnetometer sbe41 contopt wlseaowl,66.12,13.68,56.264,13.51,0,1.52235e+09,7.65,72.95,0.966819,151.902,2671.48,4181.11,4181.11,4181.11,4181.11,826,836,835,836,836,0,0.647863,26.735,119.889,136.63,2177.46,0,0,151.259,,,,,,,,
2018/DATA-20180308/p6440214.nc,644,5,214,990,420,180,220,1,0,310,0,2000,200,1,0,120,0,0.218269,0.00121425,0.00738639,0.00103641,0.03984,0.0391521,0,4354.1,0,SciCon|PAM,19923,16.502,0,0,sbe41 contopt wlseaowl,66.12,12.74,56.707,12.75,0,1.52236e+09,4.1,334.45,6.74744,822.554,2359.33,4759.96,6970.56,11792.6,19909.2,2099,1128,1128,1128,3983,0,5.35,56.549,324.265,349.302,9980.99,0,0,824.367,,,,,,,,
2018/DATA-20180308/p6440215.nc,644,5,215,990,420,180,220,1,0,310,0,2000,200,1,0,120,0,0.247011,0.00123333,0.00588872,0.0350135,0.0522643,0.0459948,0,5711.94,603.929,SciCon|PAM,23263,15.648,21080,55,magnetometer sbe41 contopt wlseaowl,66.12,12.55,57.188,12.33,0,1.52238e+09,17.4167,387.383,4.89104,960.398,2230.21,4470.66,6790.66,11593.2,21434.7,2415,1221,1220,1220,4617,0,6.26432,76.471,345.229,348.566,11080.1,0,0,963.114,,,,,,,,
2018/DATA-20180308/p6440216.nc,644,5,216,990,420,180,220,1,0,310,0,2000,200,1,0,120,0,0.252938,0.00122523,0.00891028,0.0425953,0.055691,0.0479494,0,6086.45,730.746,SciCon|PAM,23943,15.567,24412,55,magnetometer sbe41 contopt wlseaowl,66.12,12.49,57.693,12.49,0,1.5224e+09,20.1667,398.25,4.5366,990.06,2282.1,4592.1,6942.1,11662.6,21362.6,2484,1254,1254,1254,4749,0,6.45283,79.731,364.091,350.037,11339.5,0,0,993.11,,,,,,,,
2018/DATA-20180308/p6440217.nc,644,5,217,990,420,180,220,1,0,310,0,2000,200,1,0,120,0,0.252834,0.00124547,0.00839368,0.03504,0.0547008,0.0484936,0,5978.23,572.301,SciCon|PAM,24371,15.688,24838,55,magnetometer sbe41 contopt wlseaowl,66.12,12.5,58.191,12.46,0,1.52243e+09,16.3333,405.417,3.38327,990.723,2336.66,4536.69,6866.69,11736.7,21766.7,2530,1263,1262,1262,4834,0,6.52971,83.099,367.063,347.83,11308.9,0,0,993.567,,,,,,,,
2018/DATA-20180308/p6440218.nc,644,5,218,990,420,180,220,1,0,310,0,2000,200,1,0,120,0,0.252982,0.00122464,0.00551936,0.0359272,0.0527683,0.0464968,0,5767.03,585.397,SciCon|PAM,23475,15.632,25289,55,magnetometer sbe41 contopt wlseaowl,66.12,12.5,58.681,12.22,0,1.52245e+09,16.6333,390.4,3.57055,990.988,2234.1,4564.44,6835.14,11616.6,20898.2,2439,1229,1228,1229,4654,0,6.29162,79.8,347.932,348.811,11266.1,0,0,993.529,,,,,,,,
2018/DATA-20180308/p6440219.nc,644,5,219,990,420,180,220,1,0,310,0,2000,200,1,0,120,0,0.251748,0.00123603,0.00609729,0.0357542,0.0543592,0.0479878,0,5940.9,589.491,SciCon|PAM,24445,15.593,24381,55,magnetometer sbe41 contopt wlseaowl,66.12,12.49,59.176,12.49,0,1.52248e+09,16.5333,406.667,5.29633,990.354,2308.2,4548.2,7028.51,11959.7,21871.3,2531,1275,1275,1275,4849,0,6.53031,79.739,359.552,347.584,11197.8,0,0,993.475,,,,,,,,
2018/DATA-20180308/p6440220.nc,644,5,220,990,420,180,220,1,0,310,0,2000,200,1,0,120,0,0.253416,0.00122878,0.00798598,0.0433634,0.0547518,0.0470527,0,5983.81,761.346,SciCon|PAM,23646,15.623,25673,55,magnetometer sbe41 contopt wlseaowl,66.12,12.52,59.675,12.51,0,1.5225e+09,21.7667,393.233,6.88855,989.781,2366.23,4706.86,6986.86,11719.6,21061.5,2452,1246,1246,1246,4689,0,6.33259,79.811,353.21,348.32,11207.9,0,0,992.916,,,,,,,,
2018/DATA-20180308/p6440221.nc,644,5,221,990,420,150,220,1,0,310,0,2000,200,1,0,120,0,0.20976,0.00201884,0.00659236,0.0364475,0.0594011,0.0522936,0,6491.92,606.802,SciCon|PAM,26758,15.743,24569,55,magnetometer sbe41 contopt wlseaowl,66.12,12.51,60.153,12.56,0,1.52253e+09,16.7833,445.25,4.57356,990.487,2661.83,5222.11,7952.71,13155.5,24037.4,2775,1414,1414,1412,5311,0,6.44322,89.789,395.988,290.43,9441.97,0,0,994.024,,,,,,,,
2018/DATA-20180308/p6440222.nc,644,5,222,990,420,150,220,1,0,310,0,2000,200,1,0,120,0,0.209724,0.00199612,0.00713946,0.0398185,0.0602838,0.0524105,0,6588.39,660.436,SciCon|PAM,26830,15.775,27783,55,magnetometer sbe41 contopt wlseaowl,66.12,12.5,60.636,12.58,0,1.52256e+09,18.4,446.05,6.24623,989.378,2757.06,5367.06,8047.12,13469.9,24142.4,2789,1422,1421,1422,5323,0,6.43621,89.735,397.087,289.695,9451.41,0,0,992.835,,,,,,,,
2018/DATA-20180308/p6440223.nc,644,5,223,990,420,150,220,1,0,310,0,2000,200,1,0,120,0,0.210545,0.00204159,0.00667255,0.0413274,0.0585509,0.0507767,0,6399.01,690.3,SciCon|PAM,25998,15.658,27862,55,magnetometer sbe41 contopt wlseaowl,66.12,12.5,61.113,12.56,0,1.52258e+09,18.8333,432.517,8.28921,987.934,2362.29,4924.42,7605.09,12997.5,23262.4,2687,1366,1366,1366,5154,0,6.21177,86.43,383.929,289.449,9462.53,0,0,992.112,,,,,,,,
2018/DATA-20180308/p6440224.nc,644,5,224,990,420,150,220,1,0,310,0,2000,200,1,0,120,0,0.211385,0.00197094,0.00977028,0.0483251,0.0596244,0.0508879,0,6516.32,865.285,SciCon|PAM,25077,15.66,27364,55,magnetometer sbe41 contopt wlseaowl,66.12,12.47,61.596,12.54,0,1.52261e+09,24.1333,417.017,3.91193,989.345,2427.91,4882.79,7215.56,12369,22345.3,2606,1310,1309,1310,4972,0,6.02811,86.355,389.798,289.94,9495.35,0,0,992.779,,,,,,,,
2018/DATA-20180308/p6440225.nc,644,5,225,990,420,150,220,1,0,310,0,2000,200,1,0,120,0,0.213718,0.00196127,0.00884124,0.0397186,0.0587034,0.0513295,0,6415.67,659.169,SciCon|PAM,26272,15.615,26075,55,magnetometer sbe41 contopt wlseaowl,66.12,12.47,62.075,12.53,0,1.52264e+09,18.1333,436.917,2.7119,987.223,2432.97,5103.06,7573.83,13024.2,23605,2716,1373,1371,1372,5211,0,6.26142,89.746,388.432,289.94,9534.03,0,0,990.625,,,,,,,,
2018/DATA-20180308/p6440226.nc,644,5,226,990,420,150,220,1,0,310,0,2000,200,1,0,120,0,0.207457,0.00193941,0.00633167,0.0466053,0.0607615,0.0519434,0,6640.61,802.564,SciCon|PAM,26253,15.978,27486,55,magnetometer sbe41 contopt wlseaowl,66.12,12.51,62.561,12.49,0,1.52266e+09,21.7333,436.733,5.14352,960.671,2563.04,5313.91,8094.13,13544.5,24294.6,2727,1407,1407,1407,5207,0,6.29967,89.754,395.918,289.94,9321.52,0,0,963.623,,,,,,,,
2018/DATA-20180308/p6440227.nc,644,5,227,990,430,150,220,1,0,310,0,2000,200,1,0,120,0,0.205677,0.0019486,0.00797103,0.0396862,0.0583003,0.0508346,0,6371.62,658.584,SciCon|PAM,25853,15.965,27267,55,magnetometer sbe41 contopt wlseaowl,66.12,12.52,63.033,12.5,0,1.52269e+09,18.35,429.967,5.66652,949.054,2631.21,5571.23,8123.37,13245.6,24128.5,2681,1394,1393,1394,5126,0,6.14999,86.315,384.322,290.676,9260.91,0,0,952.308,,,,,,,,
2018/DATA-20180308/p6440228.nc,644,5,228,990,430,150,220,1,0,310,0,2000,200,1,0,120,0,0.201283,0.00197215,0.00519412,0.0393604,0.0561057,0.0488519,0,6131.77,649.073,SciCon|PAM,24985,15.981,26851,55,magnetometer sbe41 contopt wlseaowl,66.12,12.55,63.491,12.61,0,1.52272e+09,18.1167,415.467,5.01461,920.225,2590.35,5190.45,7860.98,13193.4,24055.7,2598,1348,564,564,4629,0,5.94516,86.345,366.49,289.449,9087.13,0,0,923.318,,,,,,,,
2018/DATA-20180308/p6440229.nc,644,5,229,990,430,150,220,1,0,310,0,2000,200,1,0,120,0,0.211766,0.00196835,0.00774465,0.0459611,0.0610021,0.052125,0,6666.9,818.915,SciCon|PAM,26923,15.543,26302,55,magnetometer sbe41 contopt wlseaowl,66.12,12.49,63.981,12.56,0,1.52275e+09,23.4333,448.1,5.32102,988.872,2390.01,4990.54,7611.71,12973.2,24085.9,2778,1397,1396,1397,5342,0,6.40971,89.651,395.387,289.695,9502.65,0,0,992.441,,,,,,,,
2018/DATA-20180308/p6440230.nc,644,5,230,990,430,150,220,1,0,310,0,2000,200,1,0,120,0,0.211053,0.00192633,0.0129102,0.0393747,0.06035,0.0534874,0,6595.63,645.732,SciCon|PAM,26181,15.525,27939,55,magnetometer sbe41 contopt wlseaowl,66.12,12.48,64.463,12.56,0,1.52277e+09,18.1333,435.417,3.09009,988.872,2472.39,4884.71,7436.58,12809.2,23396.2,2703,1360,1360,1360,5192,0,6.27572,89.727,407.83,289.695,9470.96,0,0,992.62,,,,,,,,
2018/DATA-20180308/p6440231.nc,644,5,231,990,430,150,220,1,0,310,0,2000,200,1,0,120,0,0.20841,0.00194057,0.00676293,0.0403355,0.0610798,0.0537447,0,6675.38,665.654,SciCon|PAM,27200,15.681,27196,55,magnetometer sbe41 contopt wlseaowl,66.12,12.52,64.948,12.53,0,1.5228e+09,18.4167,452.45,5.86825,990.389,2621.04,5303.13,8074.96,13870,24493.5,2823,1437,1431,1435,5396,0,6.46753,93.076,403.159,289.204,9390.35,0,0,993.384,,,,,,,,
2018/DATA-20180308/p6440232.nc,644,5,232,990,430,150,220,1,0,310,0,2000,200,1,0,120,0,0.20934,0.00195766,0.00885372,0.0518903,0.0648417,0.0553677,0,7086.52,890.701,SciCon|PAM,27956,15.546,0,0,magnetometer sbe41 contopt wlseaowl,66.12,12.51,65.454,12.58,0,1.52283e+09,22.9667,464.717,5.56496,988.82,2477.02,5197.02,7997.38,13617.5,25108.7,2894,1455,1453,1454,5545,0,6.67578,93.071,417.3,289.94,9439.71,0,0,992.386,,,,,,,,
2018/DATA-20180308/p6440233.nc,644,5,233,990,430,150,220,1,0,310,0,2000,200,1,0,120,0,0.209008,0.00192892,0.00907733,0.0436819,0.0623568,0.0551065,0,6814.95,714.865,SciCon|PAM,27110,15.653,0,0,magnetometer sbe41 contopt wlseaowl,66.12,12.5,65.946,12.59,0,1.52286e+09,19.0333,450.85,4.4189,989.098,2562.54,5292.54,7954.78,13347.9,24261.6,2804,1423,1412,1422,5375,0,6.45274,93.084,418.723,289.94,9408.45,0,0,992.475,,,,,,,,
2018/DATA-20180308/p6440234.nc,644,5,234,990,430,150,220,1,0,310,0,2000,200,1,0,120,0,0.208841,0.00192367,0.00642431,0.0430857,0.0596516,0.0521899,0,6519.3,708.103,SciCon|PAM,26356,15.532,0,0,magnetometer sbe41 contopt wlseaowl,66.12,12.52,66.427,12.53,0,1.52289e+09,18.7833,437.833,9.33895,988.66,2478.84,5050.17,7600.49,12842.6,23633.7,2731,1375,1375,1375,5225,0,6.32492,89.716,393.404,289.94,9416.28,0,0,992.324,,,,,,,,
2018/DATA-20180308/p6440235.nc,644,5,235,990,430,150,220,1,0,310,0,2000,200,1,0,120,0,0.207837,0.00194071,0.00862226,0.044104,0.0614382,0.0533474,0,6714.56,757.277,SciCon|PAM,27330,15.657,0,0,magnetometer sbe41 contopt wlseaowl,66.12,12.53,66.915,12.59,0,1.52291e+09,20.6333,454.367,1.18598,990.691,2713.95,5396.14,8016.98,13408.5,24475.1,2843,1437,1436,1436,5422,0,6.50979,93.076,400.324,288.959,9386.82,0,0,993.121,,,,,,,,
2018/DATA-20180308/p6440236.nc,644,5,236,990,430,150,220,1,0,310,0,2000,200,1,0,120,0,0.208886,0.00195909,0.0059789,0.0488804,0.0613771,0.052971,0,6707.89,826.298,SciCon|PAM,27073,15.702,0,0,magnetometer sbe41 contopt wlseaowl,66.12,12.53,67.408,12.63,0,1.52294e+09,22.2333,450,3.42317,988.678,2648.77,5298.78,8018.78,13440.2,24224,2808,1430,1429,1429,5369,0,6.41557,89.761,396.26,289.94,9450.14,0,0,992.566,,,,,,,,
2018/DATA-20180308/p6440237.nc,644,5,237,990,430,150,220,1,0,310,0,2000,200,1,0,120,0,0.210826,0.00197215,0.00684114,0.0415004,0.0586039,0.0518266,0,6404.8,687.666,SciCon|PAM,26051,15.598,0,0,magnetometer sbe41 contopt wlseaowl,66.12,12.5,67.887,12.56,0,1.52297e+09,18.2,433.483,2.87356,989.164,2468.5,4990.06,7551.11,12893.8,23237.4,2699,1364,1363,1363,5166,0,6.24727,86.335,390.479,289.94,9498.21,0,0,992.822,,,,,,,,
2018/DATA-20180308/p6440238.nc,644,5,238,990,430,150,220,1,0,310,0,2000,200,1,0,120,0,0.314201,0,0.00582113,0.046314,0.0596396,0.052166,0,6517.99,787.163,SciCon|PAM,26994,15.577,0,0,magnetometer sbe41 contopt wlseaowl,66.12,12.48,68.423,12.57,0,1.523e+09,21.0333,449.033,2.46271,988.47,2269.87,4859.87,7720.7,13194.4,24216.5,2764,1406,1406,1406,5355,0,6.43345,89.621,384.081,290.185,9503.14,161.895,2388.32,992.319,,,,,,,,
2018/DATA-20180308/p6440239.nc,644,5,239,990,430,150,220,1,0,310,0,2000,200,1,0,120,0,0.211293,0.00197349,0.00535642,0.0406885,0.0581443,0.0513195,0,6354.57,677.539,SciCon|PAM,26739,15.639,0,0,magnetometer sbe41 contopt wlseaowl,66.12,12.49,68.902,12.59,0,1.52303e+09,17.9333,444.467,0.99514,989.463,2404.22,5154.22,7894.22,13145.9,23997.4,2760,1408,1408,1408,5304,0,6.33846,89.741,382.265,289.695,9480.66,0,0,992.697,,,,,,,,
2018/DATA-20180308/p6440240.nc,644,5,240,990,430,150,220,1,0,310,0,2000,200,1,0,120,0,0.210746,0.00195324,0.00676253,0.038445,0.0587053,0.0521751,0,6415.88,633.484,SciCon|PAM,27046,15.562,0,0,magnetometer sbe41 contopt wlseaowl,66.12,12.5,69.38,12.56,0,1.52305e+09,17.2167,449.633,0.250106,988.917,2503.34,5174.28,7744.63,13245.7,24297.1,2799,1410,1409,1410,5365,0,6.43188,89.682,389.952,290.676,9470.84,0,0,992.418,,,,,,,,
2018/DATA-20180308/p6440241.nc,644,5,241,990,430,150,220,1,0,310,0,2000,200,1,0,120,0,0.208737,0.00198001,0.00784699,0.0397719,0.0593364,0.0522115,0,6484.85,660.275,SciCon|PAM,26847,15.839,0,0,magnetometer sbe41 contopt wlseaowl,66.12,12.5,69.861,12.47,0,1.52308e+09,17.8,446.233,1.40717,989.364,2701.12,5481.5,8302.52,13803.6,24094.9,2788,1439,1439,1439,5326,0,6.36906,89.66,390.135,288.959,9373.83,0,0,992.738,,,,,,,,
2018/DATA-20180308/p6440242.nc,644,5,242,990,420,200,220,1,0,310,0,2000,200,1,0,120,0,0.278924,0.000653565,0.00551193,0.0450293,0.0525846,0.0457337,0,5746.95,763.206,SciCon|PAM,22790,15.579,0,0,magnetometer sbe41 contopt wlseaowl,66.12,12.47,70.382,12.46,0,1.52311e+09,20.6,378.1,1.14419,991.665,2205.79,4415.79,6685.79,11256,20276.5,2366,1198,1197,1197,4513,0,6.50846,76.436,338.289,387.322,12428.2,0,0,994.075,,,,,,,,
2018/DATA-20180308/p6440243.nc,644,5,243,990,420,200,220,1,0,310,0,2000,200,1,0,120,0,0.279742,0.000655281,0.0097201,0.0356363,0.0525731,0.0470129,0,5745.7,591.902,SciCon|PAM,23128,15.522,0,0,magnetometer sbe41 contopt wlseaowl,66.12,12.47,70.897,12.49,0,1.52313e+09,16,384.3,1.92161,991.666,2307.24,4437.38,6687.62,11268.5,20619.5,2405,1209,1208,1209,4586,0,6.60059,79.79,349.111,387.077,12450.7,0,0,993.888,,,,,,,,
2018/DATA-20180308/p6440244.nc,644,5,244,990,420,200,220,1,0,310,0,2000,200,1,0,120,0,0.278299,0.000666708,0.00785004,0.0346529,0.0501201,0.0449434,0,5477.6,570.449,SciCon|PAM,22230,15.641,0,0,magnetometer sbe41 contopt wlseaowl,66.12,12.49,71.402,12.47,0,1.52316e+09,15.6333,369.567,2.10051,990.01,2163.11,4313.11,6483.9,10957.1,19832.8,2303,1166,1159,1166,4406,0,6.3663,76.507,332.028,386.832,12417.3,0,0,992.963,,,,,,,,
2018/DATA-20180308/p6440245.nc,644,5,245,990,420,200,220,1,0,310,0,2000,200,1,0,120,0,0.280534,0.000665954,0.00644461,0.0343383,0.0507595,0.0456372,0,5547.49,565.894,SciCon|PAM,22878,15.572,0,0,magnetometer sbe41 contopt wlseaowl,66.12,12.49,71.91,12.25,0,1.52318e+09,15.5333,380.45,3.60361,992.589,2119.27,4270.69,6560.69,11092.3,20365.8,2364,1194,1193,1193,4537,0,6.49855,76.516,335.895,387.322,12444.6,0,0,994.268,,,,,,,,
2018/DATA-20180308/p6440246.nc,644,5,246,990,420,200,220,1,0,310,0,2000,200,1,0,120,0,0.278573,0.000658856,0.00578875,0.0381803,0.0510963,0.0454164,0,5584.29,630.754,SciCon|PAM,22569,15.649,0,0,magnetometer sbe41 contopt wlseaowl,66.12,12.55,72.422,12.53,0,1.5232e+09,16.7,374.85,4.27313,993.323,2188.96,4359.3,6550.36,10981.7,20023.1,2340,1181,1180,1180,4475,0,6.45433,76.466,334.867,387.322,12456.3,0,0,995.068,,,,,,,,
2018/DATA-20180308/p6440247.nc,644,5,247,990,420,200,220,1,0,310,0,2000,200,1,0,120,0,0.280212,0.00066733,0.0057583,0.03809,0.0514331,0.0457678,0,5621.1,632.538,SciCon|PAM,22933,15.683,0,0,magnetometer sbe41 contopt wlseaowl,66.12,12.5,72.936,12.49,0,1.52323e+09,16.7167,381.017,4.31606,991.708,2231.71,4453.36,6733.36,11335.8,20438,2381,1204,1203,1204,4547,0,6.53786,76.44,336.151,386.341,12462.3,0,0,994.025,,,,,,,,
2018/DATA-20180308/p6440248.nc,644,5,248,990,420,200,220,1,0,310,0,2000,200,1,0,120,0,0.278755,0.000649443,0.00587333,0.0349949,0.0516582,0.0463871,0,5645.71,579.374,SciCon|PAM,22930,15.579,0,0,magnetometer sbe41 contopt wlseaowl,66.12,12.5,73.446,12.49,0,1.52325e+09,15.8,381.4,3.97067,990.965,2184.76,4406.16,6607,11218.3,20421.1,2378,1196,1196,1196,4547,0,6.54984,76.408,342.886,387.077,12431,0,0,993.624,,,,,,,,
2018/DATA-20180308/p6440249.nc,644,5,249,990,420,200,220,1,0,310,0,2000,200,1,0,120,0,0.277631,0.000679033,0.00712337,0.0354845,0.0503159,0.0452442,0,5499,590.362,SciCon|PAM,22365,15.575,0,0,magnetometer sbe41 contopt wlseaowl,66.12,12.5,73.952,12.5,0,1.52328e+09,16.1,371.483,4.52405,991.213,2219.41,4370.18,6640.97,11194,19845.2,2322,1180,1180,1180,4433,0,6.39518,76.471,333.669,387.077,12381.5,0,0,993.767,,,,,,,,
2018/DATA-20180308/p6440250.nc,644,5,250,990,420,200,220,1,0,310,0,2000,200,1,0,120,0,0.277847,0.000666708,0.00514262,0.0337807,0.0501987,0.045212,0,5486.2,555.252,SciCon|PAM,22721,15.716,0,0,magnetometer sbe41 contopt wlseaowl,66.12,12.48,74.458,12.49,0,1.5233e+09,15.3333,377.583,4.34204,992.335,2283.67,4504.3,6725.57,11407,20267.6,2361,1200,1196,1199,4505,0,6.47388,76.496,331.043,387.077,12395,0,0,994.33,,,,,,,,
2018/DATA-20180308/p6440251.nc,644,5,251,990,420,200,220,1,0,310,0,2000,200,1,0,120,0,0.279525,0.000663383,0.0077715,0.0369158,0.0517582,0.0460199,0,5656.64,668.893,SciCon|PAM,23029,15.48,0,0,magnetometer sbe41 contopt wlseaowl,66.12,12.49,74.97,12.49,0,1.52332e+09,19.35,382.683,4.6435,992.088,2213.63,4375.07,6535.57,11187.3,20488.9,2387,1197,1196,1196,4567,0,6.561,76.493,338.451,387.077,12407.3,0,0,994.279,,,,,,,,
2018/DATA-20180308/p6440252.nc,644,5,252,990,420,200,220,1,0,310,0,2000,200,1,0,120,0,0.279888,0.000674342,0.00595006,0.0426665,0.0535628,0.0470593,0,5853.86,737.933,SciCon|PAM,23437,15.481,0,0,magnetometer sbe41 contopt wlseaowl,66.12,12.47,75.494,12.43,0,1.52335e+09,19.5667,389.45,4.92141,992.03,2217.89,4398.77,6639.02,11420.1,20812.6,2430,1216,1216,1216,4648,0,6.64096,79.776,347.806,387.322,12446.3,0,0,994.299,,,,,,,,
2018/DATA-20180308/p6440253.nc,644,5,253,990,420,200,220,1,0,310,0,2000,200,1,0,120,0,0.281238,0.000672934,0.00600972,0.0414661,0.0527259,0.0459212,0,5762.4,753.45,SciCon|PAM,22630,15.61,0,0,magnetometer sbe41 contopt wlseaowl,66.12,12.47,76.012,12.46,0,1.52337e+09,21.45,375.967,5.53745,991.307,2230.37,4440.37,6710.37,11042.4,20086.6,2349,1193,1193,1193,4486,0,6.47168,76.475,338.873,387.322,12465.2,0,0,993.72,,,,,,,,
2018/DATA-20180308/p6440254.nc,644,5,254,990,440,150,220,1,0,310,0,2000,200,1,0,120,0,0.211636,0.00202749,0.00626993,0.0394535,0.0606424,0.0535854,0,6627.58,688.785,SciCon|PAM,27555,15.781,0,0,magnetometer sbe41 contopt wlseaowl,66.12,12.49,76.5,12.46,0,1.52339e+09,18.85,458.617,8.50584,988.89,2690.47,5620.79,8311.06,13781.7,24683.3,2862,1464,1463,1464,5473,0,6.48561,93.096,399.229,289.449,9503.21,0,0,992.717,,,,,,,,
2018/DATA-20180308/p6440255.nc,644,5,255,990,440,150,220,1,0,310,0,2000,200,1,0,120,0,0.212897,0.00204272,0.00540536,0.0477146,0.0622662,0.0541417,0,6805.04,820.5,SciCon|PAM,27904,15.628,0,0,magnetometer sbe41 contopt wlseaowl,66.12,12.44,77,12.52,0,1.52342e+09,21.6833,463.833,4.47618,990.281,2632.19,5333.5,8134.65,13917.7,24939.8,2892,1462,1456,1462,5535,0,6.56325,93.031,402.842,289.695,9515.8,0,0,993.384,,,,,,,,
2018/DATA-20180308/p6440256.nc,644,5,256,990,440,150,220,1,0,310,0,2000,200,1,0,120,0,0.212482,0.002009,0.00478083,0.0393766,0.0598735,0.053147,0,6543.55,653.643,SciCon|PAM,27565,15.778,0,0,magnetometer sbe41 contopt wlseaowl,66.12,12.47,77.488,12.46,0,1.52345e+09,17.6833,458.233,6.01147,988.854,2616.25,5356.48,8247.02,13838.2,24800.8,2859,1459,1459,1459,5468,0,6.48805,93.005,393.764,290.43,9515.16,0,0,992.219,,,,,,,,
2018/DATA-20180308/p6440257.nc,644,5,257,990,440,150,220,1,0,310,0,2000,200,1,0,120,0,0.21124,0.00204464,0.0164305,0.0441969,0.0611752,0.0543529,0,6685.81,760.481,SciCon|PAM,25374,15.683,0,0,magnetometer sbe41 contopt wlseaowl,66.12,12.47,77.976,12.47,0,1.52348e+09,20.8167,421.767,6.16995,990.73,2435.02,4785.36,7425.66,12285.5,22547.1,2626,1333,1333,1333,5030,0,6.07244,86.297,418.677,290.185,9463.24,0,0,993.436,,,,,,,,
2018/DATA-20180308/p6440258.nc,644,5,258,990,440,150,220,1,0,310,0,2000,200,1,0,120,0,0.211786,0.00204497,0.0138921,0.0473868,0.0630631,0.0559264,0,6892.15,817.493,SciCon|PAM,26381,15.573,0,0,magnetometer sbe41 contopt wlseaowl,66.12,12.45,78.475,12.51,0,1.52351e+09,21.55,438.617,6.39179,989.502,2452.6,5063.3,7653.58,12945.3,23546.3,2729,1381,1381,1381,5233,0,6.332,89.765,431.471,289.695,9469.01,0,0,992.81,,,,,,,,
2018/DATA-20180308/p6440259.nc,644,5,259,990,440,150,220,1,0,310,0,2000,200,1,0,120,0,0.211669,0.00204136,0.00758748,0.000837417,0.0537363,0.0528386,0,5872.82,0,SciCon|PAM,27263,15.742,0,0,magnetometer sbe41 contopt wlseaowl,66.12,12.46,78.995,12.45,0,1.52354e+09,5.36667,457.083,6.30514,990.097,2550.81,5142.35,7922.94,13496.3,24637.4,2844,1434,1427,1433,5452,0,6.49367,93.013,421.718,288.713,9450.02,0,0,993.042,,,,,,,,
2018/DATA-20180308/p6440260.nc,644,5,260,990,440,150,220,1,0,310,0,2000,200,1,0,120,0,0.212422,0.00203184,0.00859605,0.0500751,0.0654198,0.0569648,0,7149.71,891.962,SciCon|PAM,28151,15.819,28887,55,magnetometer sbe41 contopt wlseaowl,66.12,12.46,79.508,12.42,0,1.52356e+09,24.8667,468.217,7.59286,988.55,2706.83,5617.38,8499.82,14102.6,25254.8,2916,1495,1483,1495,5587,0,6.6291,96.438,431.345,290.43,9488.11,0,0,992.214,,,,,,,,
2018/DATA-20180308/p6440261.nc,644,5,261,990,440,150,220,1,0,310,0,2000,200,1,0,120,0,0.212796,0.00203216,0.0109241,0.0445804,0.0616977,0.0548667,0,6742.92,757.66,SciCon|PAM,26791,15.759,29351,55,magnetometer sbe41 contopt wlseaowl,66.12,12.46,80.004,12.43,0,1.52359e+09,21.45,445.383,3.69212,988.788,2551.78,5122.26,7993.93,13345.4,24001.1,2777,1417,1415,1416,5311,0,6.3405,89.755,413.3,289.94,9496.95,0,0,992.627,,,,,,,,
2018/DATA-20180308/p6440262.nc,644,5,262,990,440,150,220,1,0,310,0,2000,200,1,0,120,0,0.213434,0.00198687,0.0103651,0.0515829,0.0624955,0.0547749,0,6830.11,881.736,SciCon|PAM,26844,15.672,28098,55,magnetometer sbe41 contopt wlseaowl,66.12,12.49,80.506,12.43,0,1.52362e+09,23.45,446.233,1.94459,989.272,2597.65,5248.67,7851.13,13214.3,23941.9,2785,1409,1407,1409,5323,0,6.37975,89.768,410.558,290.43,9490.84,0,0,992.774,,,,,,,,
2018/DATA-20180308/p6440263.nc,644,5,263,990,440,150,220,1,0,310,0,2000,200,1,0,120,0,0.214303,0.00199996,0.00672247,0.0400437,0.0604533,0.0538717,0,6606.91,663.297,SciCon|PAM,27062,15.956,27856,55,magnetometer sbe41 contopt wlseaowl,66.12,12.5,80.997,12.45,0,1.52365e+09,18.6,449.933,7.93032,989.055,2711.31,5561.3,8421.65,13782.8,24263.8,2806,1454,1453,1454,5367,0,6.4101,92.984,403.368,293.374,9592.14,0,0,992.6,,,,,,,,
2018/DATA-20180308/p6440264.nc,644,5,264,990,440,150,220,1,0,310,0,2000,200,1,0,120,0,0.191979,0.00247122,0.0113786,0.0406035,0.0648507,0.0580227,0,7087.51,676.865,SciCon|PAM,28420,15.586,28093,55,magnetometer sbe41 contopt wlseaowl,66.12,12.5,81.48,12.18,0,1.52368e+09,18.8,472.717,10.3882,988.286,2554.23,5326.15,8069.48,14063.6,25518.5,2938,1476,1476,1476,5638,0,6.31526,96.388,440.134,258.051,8565.68,0,0,992.123,,,,,,,,
2018/DATA-20180308/p6440265.nc,644,5,265,990,440,150,220,1,0,310,0,2000,200,1,0,120,0,0.21432,0.00202526,0.00817919,0.0503343,0.0620959,0.054148,0,6786.44,860.503,SciCon|PAM,26569,15.688,29739,55,magnetometer sbe41 contopt wlseaowl,66.12,12.45,81.981,12.44,0,1.52371e+09,23.4667,441.483,3.91682,990.452,2546.39,5097.06,7798.78,12853.5,23608.2,2752,1395,1389,1395,5266,0,6.33905,89.743,405.793,291.166,9554.4,0,0,993.467,,,,,,,,
2018/DATA-20180308/p6440266.nc,644,5,266,990,440,150,220,1,0,310,0,2000,200,1,0,120,0,0.214548,0.00201744,0.0107504,0.0395179,0.0599164,0.0535667,0,6548.24,656.356,SciCon|PAM,26416,15.719,27561,55,magnetometer sbe41 contopt wlseaowl,66.12,12.47,82.466,12.49,0,1.52374e+09,18.3833,439.483,4.37688,989.601,2703.77,5395.12,7806.22,13308.4,23571.7,2747,1393,1392,1392,5239,0,6.22862,89.76,397.245,290.185,9541.53,0,0,993.014,,,,,,,,
2018/DATA-20180308/p6440267.nc,644,5,267,990,440,150,220,1,0,310,0,2000,200,1,0,120,0,0.213751,0.00203068,0.00828131,0.0411092,0.05479,0.0537335,0,5987.98,673.586,SciCon|PAM,26379,4.142,27462,55,magnetometer,66.12,12.46,82.865,12.42,0,1.52376e+09,18.9333,438.7,11.0886,989.333,2530.88,4975.88,7545.88,12985.9,23565.9,2741,0,0,0,0,0,,89.739,404.517,289.449,9557.1,0,0,992.674,,,,,,,,
2018/DATA-20180308/p6440268.nc,644,5,268,990,440,150,220,1,0,310,0,2000,200,1,0,120,0,0.215249,0.00201348,0.00905324,0.0144931,0.0512342,0.0545579,0,5599.36,251.091,SciCon|PAM,27684,4.161,26769,55,magnetometer,66.12,12.45,83.236,12.4,0,1.52379e+09,7.96667,463.55,4.142,990.106,2611.6,5327.08,8002.07,13822.1,25032.1,2884,0,0,0,0,0,,93.12,407.988,290.185,9597.65,0,0,993.012,,,,,,,,
2018/deployment 2018/p6440269.nc,644,5,269,990,440,150,220,1,0,310,0,2000,200,1,0,120,0,0.215366,0.00197082,0.00878167,0.0217316,0.0517232,0.0538087,0,5652.8,396.571,SciCon|PAM,26887,4.112,28481,55,magnetometer,66.12,12.47,83.614,12.53,0,1.52382e+09,11.7167,450.283,10.0926,989.65,2640.89,5335.89,7920.89,13375.9,24270.9,2809,0,0,0,0,0,,93.007,407.757,290.185,9617.94,0,0,992.779,,,,,,,,
2018/deployment 2018/p6440270.nc,644,5,270,990,440,150,220,1,0,310,0,2000,200,1,0,120,0,0.214176,0.00195516,0.00818642,0.0131912,0.0499325,0.053167,0,5457.11,230.34,SciCon|PAM,26886,4.14,27446,55,magnetometer,66.12,12.5,83.979,12.19,0,1.52385e+09,7.68333,450.217,8.98878,990.364,2610.88,5145.88,7675.88,13075.9,24180.9,2808,0,0,0,0,0,,89.668,399.64,290.185,9588.13,0,0,993.321,,,,,,,,
2018/DATA-20180308/p6440271.nc,644,5,271,990,440,150,220,1,0,310,0,2000,200,1,0,120,0,0.186332,0.00192092,0.0102869,0.0126838,0.0431112,0.0456255,0,4711.61,223.249,SciCon|PAM,22436,4.141,27434,55,magnetometer,66.12,12.66,84.297,12.59,0,1.52387e+09,7.53333,376.05,8.61801,830.78,2610.87,5200.87,7835.87,13190.9,22385.9,2366,0,0,0,0,0,,76.507,341.665,290.676,8471,0,0,832.914,,,,,,,,
2018/DATA-20180308/p6440272.nc,644,5,272,990,440,150,220,1,0,310,0,2000,200,1,0,120,0,0.161098,0.00192737,0.00915137,0.0121346,0.0406365,0.0391048,0,4441.15,217.457,SciCon|PAM,18920,17.437,22970,55,magnetometer sbe41 contopt wlseaowl,66.12,12.86,84.646,12.77,0,1.5239e+09,7.3,317.517,4.97832,693.331,2610.8,5231.61,7951.61,13384.6,18873.4,2009,1158,1158,1158,3776,0,4.4606,66.548,289.081,291.657,7462.6,0,0,694.49,,,,,,,,
2018/DATA-20180308/p6440273.nc,644,5,273,990,440,150,220,1,0,310,0,2000,200,1,0,120,0,0.14183,0.00191687,0.00558704,0.0340974,0.0399423,0.0347966,0,4365.28,607.644,SciCon|PAM,16120,18.358,20072,55,magnetometer sbe41 contopt wlseaowl,66.12,13.05,84.983,12.77,0,1.52392e+09,17.55,268.65,2.63595,585.295,2593.7,5275.23,8006.06,13399.7,15937.7,1713,1063,1062,1062,3188,0,3.7492,56.56,259.63,293.619,6661.78,0,0,586.355,,,,,,,,
2018/DATA-20180308/p6440274.nc,644,5,274,990,440,150,220,1,0,310,0,2000,200,1,0,120,0,0.133299,0.00190639,0.00595121,0.0278679,0.0347898,0.0308815,0,3802.17,469.994,SciCon|PAM,14057,19.171,16920,55,magnetometer sbe41 contopt wlseaowl,66.12,13.16,85.289,12.76,0,1.52393e+09,14,234.4,2.64844,523.697,2647.35,5340.09,7810.6,13112.4,13887.6,1514,983,981,982,2779,0,3.24206,49.988,227.756,292.638,6303.33,0,0,523.844,,,,,,,,
2018/DATA-20180308/p6440275.nc,644,5,275,990,440,150,220,1,0,310,0,2000,200,1,0,120,0,0.115094,0.00192737,0.00494811,0.026758,0.0270677,0.0237967,0,2958.22,454.556,SciCon|PAM,10124,22.646,14823,55,magnetometer sbe41 contopt wlseaowl,66.12,13.29,85.55,13.3,0,1.52395e+09,13.1833,168.9,3.32575,364.855,2714.71,5375.42,8076.32,9966.78,9966.78,1126,869,868,869,1994,0,2.29732,36.634,172.842,292.638,5505.16,0,0,364.502,,,,,,,,
2018/DATA-20180308/p6440276.nc,644,5,276,990,440,150,220,1,0,310,0,2000,200,1,0,120,0,0.104837,0.00193124,0.00549237,0.0225864,0.0218473,0.0188726,0,2387.68,418.093,SciCon|PAM,7488,25.232,10882,55,magnetometer sbe41 contopt wlseaowl,66.12,13.41,85.774,12.94,0,1.52396e+09,12.9667,125.517,1.59784,267.057,2786.56,5468.29,7362.15,7362.15,7362.15,868,737,737,737,1473,0,1.66348,26.745,137.536,293.129,5041.87,0,0,265.802,,,,,,,,
2018/DATA-20180308/p6440277.nc,644,5,277,990,440,150,220,1,0,310,0,2000,200,1,0,120,0,0.103551,0.00192479,0.00447842,0.0173202,0.0192103,0.0175284,0,2099.48,300.048,SciCon|PAM,6848,25.286,8068,55,magnetometer sbe41 contopt wlseaowl,66.12,13.4,85.983,12.97,0,1.52397e+09,9.48333,115,0.819855,247.002,2633.47,5365.01,6739.31,6739.31,6739.31,798,675,675,675,1349,0,1.51792,23.393,124.967,293.129,4977.45,0,0,245.198,,,,,,,,
2018/DATA-20180308/p6440278.nc,644,5,278,990,440,150,220,1,0,310,0,2000,200,1,0,120,0,0.10283,0.00191687,0.00445322,0.0175005,0.0195186,0.0176577,0,2133.18,313.028,SciCon|PAM,6766,25.305,7444,55,magnetometer sbe41 contopt wlseaowl,66.12,13.4,86.192,12.94,0,1.52397e+09,9.63333,113.867,0.77573,243.399,2743.44,5365.51,6663.27,6663.27,6663.27,796,668,666,667,1334,0,1.49741,23.393,127.578,292.883,4958.48,0,0,241.495,,,,,,,,
2018/DATA-20180308/p6440279.nc,644,5,279,990,440,150,220,1,0,310,0,2000,200,1,0,120,0,0.102171,0.00192866,0.00389796,0.0179122,0.0187828,0.0167493,0,2052.76,320.861,SciCon|PAM,6567,25.252,7382,55,magnetometer sbe41 contopt wlseaowl,66.12,13.42,86.398,13.34,0,1.52398e+09,9.7,110.7,1.27396,234.599,2599.78,5380.25,6468.36,6468.36,6468.36,769,648,647,647,1294,0,1.45207,23.412,119.643,292.638,4924.37,0,0,232.902,,,,,,,,
2018/DATA-20180308/p6440280.nc,644,5,280,990,440,150,220,1,0,310,0,2000,200,1,0,120,0,0.102473,0.0019093,0.00582226,0.0167277,0.0182395,0.0164696,0,1993.39,298.312,SciCon|PAM,6285,25.266,7166,55,magnetometer sbe41 contopt wlseaowl,66.12,13.27,86.6,13.35,0,1.52399e+09,9.33333,106.067,1.51088,234.45,2580.38,5141.91,6189.27,6189.27,6189.27,740,620,619,620,1238,0,1.39062,23.425,118.062,292.393,4941.66,0,0,232.691,,,,,,,,
2018/DATA-20180308/p6440281.nc,644,5,281,990,440,150,220,1,0,310,0,2000,200,1,0,120,0,0.102927,0.00191687,0.00404402,0.017255,0.0188472,0.0169513,0,2059.8,306.77,SciCon|PAM,6429,25.299,6895,55,magnetometer sbe41 contopt wlseaowl,66.12,13.4,86.805,13.33,0,1.524e+09,9.4,108.3,1.44383,235.147,2662.42,5273.96,6335.18,6335.18,6335.18,761,634,634,634,1267,0,1.42358,23.385,120.371,292.883,4962.28,0,0,233.546,,,,,,,,
2018/DATA-20180308/p6440282.nc,644,5,282,990,440,150,220,1,0,310,0,2000,200,1,0,120,0,0.102378,0.00193253,0.00359064,0.0156351,0.0181524,0.0166428,0,1983.87,276.165,SciCon|PAM,6389,25.309,6998,55,magnetometer sbe41 contopt wlseaowl,66.12,13.27,87.006,13.39,0,1.524e+09,8.86667,107.633,1.11801,225.123,2767.99,5459.84,6289.84,6289.84,6289.84,764,630,630,630,1259,0,1.3982,23.425,118.018,291.902,4931.53,0,0,223.246,,,,,,,,
2018/DATA-20180308/p6440283.nc,644,5,283,990,440,150,220,1,0,310,0,2000,200,1,0,120,0,0.10342,0.00191575,0.00394922,0.0171752,0.0183889,0.0166615,0,2009.71,308.777,SciCon|PAM,6333,25.235,6990,55,magnetometer sbe41 contopt wlseaowl,66.12,13.39,87.21,12.93,0,1.52401e+09,9.4,106.4,0.875499,233.843,2609.17,5180.71,6231.83,6231.83,6231.83,747,625,612,624,1248,0,1.39256,23.466,119.175,292.638,4966.18,0,0,231.852,,,,,,,,
2018/DATA-20180308/p6440284.nc,644,5,284,990,440,150,220,1,0,310,0,2000,200,1,0,120,0,0.104443,0.00191687,0.00330391,0.0158056,0.018502,0.0169066,0,2022.07,278.541,SciCon|PAM,6770,25.348,6892,55,magnetometer sbe41 contopt wlseaowl,66.12,13.26,87.416,13.24,0,1.52402e+09,9.05,114.083,0.989467,241.149,2673.05,5374.06,6668.16,6668.16,6668.16,793,668,666,668,1335,0,1.49477,23.405,119.158,292.638,5019.18,0,0,239.564,,,,,,,,
2018/DATA-20180308/p6440285.nc,644,5,285,990,440,150,220,1,0,310,0,2000,200,1,0,120,0,0.104484,0.0019235,0.00346296,0.0170369,0.0187557,0.0169606,0,2049.81,306.532,SciCon|PAM,6678,25.287,7384,55,magnetometer sbe41 contopt wlseaowl,66.12,13.26,87.624,12.91,0,1.52402e+09,9.48333,112.483,1.25051,243.209,2675.85,5286.56,6576.56,6576.56,6576.56,782,655,389,389,1300,0,1.47763,23.384,119.014,292.638,5017.08,0,0,241.806,,,,,,,,
2018/DATA-20180308/p6440286.nc,644,5,286,990,440,150,220,1,0,310,0,2000,200,1,0,120,0,0.104967,0.00190254,0.0037888,0.0161276,0.0190258,0.0172258,0,2079.32,286.542,SciCon|PAM,6892,25.381,7261,55,magnetometer sbe41 contopt wlseaowl,66.12,13.42,87.833,12.91,0,1.52403e+09,9.1,115.833,1.7829,250.804,2678.81,5299.59,6792.93,6792.93,6792.93,809,681,680,681,1360,0,1.53179,26.694,121.129,292.883,5041.42,0,0,248.854,,,,,,,,
2018/DATA-20180308/p6440287.nc,644,5,287,990,440,150,220,1,0,310,0,2000,200,1,0,120,0,0.104159,0.00191845,0.00425019,0.0168803,0.0211973,0.0191428,0,2316.64,302.796,SciCon|PAM,7714,25.278,7476,55,magnetometer sbe41 contopt wlseaowl,66.12,13.26,88.052,12.89,0,1.52404e+09,9.66667,129.8,1.88573,241.816,3103,6184.2,7614.33,7614.33,7614.33,903,762,762,762,1524,0,1.60793,30.013,138.062,292.638,5007.7,0,0,239.567,,,,,,,,
2018/DATA-20180308/p6440288.nc,644,5,288,990,440,150,220,1,0,310,0,2000,200,1,0,120,0,0.103362,0.00190938,0.00489284,0.0182597,0.0213148,0.0192575,0,2329.49,323.778,SciCon|PAM,7575,25.278,8348,55,magnetometer sbe41 contopt wlseaowl,66.12,13.27,88.272,13.3,0,1.52405e+09,9.83333,127.383,1.42504,234.799,3149.54,6272.12,7472.85,7472.85,7472.85,898,748,747,747,1495,0,1.58516,30.061,138.006,292.393,4974.76,0,0,233.204,,,,,,,,
2018/DATA-20180308/p6440289.nc,644,5,289,990,440,150,220,1,0,310,0,2000,200,1,0,120,0,0.10379,0.00193512,0.00456168,0.0182461,0.0224719,0.0204386,0,2455.95,322.46,SciCon|PAM,8089,25.424,8204,55,magnetometer sbe41 contopt wlseaowl,66.12,13.41,88.498,12.91,0,1.52406e+09,9.85,136.033,0.943503,242.025,3287.36,6500.56,7984.76,7984.76,7984.76,950,799,799,799,1599,0,1.70076,30.016,147.579,292.883,5000.16,0,0,239.895,,,,,,,,
2018/DATA-20180308/p6440290.nc,644,5,290,990,440,150,220,1,0,310,0,2000,200,1,0,120,0,0.102622,0.00191279,0.00469196,0.0196291,0.0207337,0.0185196,0,2265.98,348.767,SciCon|PAM,7157,25.316,8754,55,magnetometer sbe41 contopt wlseaowl,66.12,13.42,88.714,13.35,0,1.52407e+09,10.4833,120.417,0.878302,234.042,2691.02,5863.42,7050.27,7050.27,7050.27,825,706,706,706,1410,0,1.51236,26.732,133.757,293.129,4941.23,0,0,232.802,,,,,,,,
2018/DATA-20180308/p6440291.nc,644,5,291,990,440,150,220,1,0,310,0,2000,200,1,0,120,0,0.157588,0,0.00581119,0.017407,0.0221289,0.0208616,0,2418.46,309.857,SciCon|PAM,8101,25.347,7771,55,magnetometer sbe41 contopt wlseaowl,66.12,13.38,88.981,12.92,0,1.52407e+09,9.68333,136.567,1.49352,220.684,3639.55,7242.02,8002.02,8002.02,8002.02,928,801,800,800,1601,0,1.78019,30.065,147.01,292.638,4867.85,146.196,2255.49,218.94,,,,,,,,
2018/DATA-20180308/p6440292.nc,644,5,292,990,440,150,220,1,0,310,0,2000,200,1,0,120,0,0.0995068,0.00193789,0.00415656,0.0204367,0.0197806,0.0174704,0,2161.81,359.126,SciCon|PAM,6628,25.346,8802,55,magnetometer sbe41 contopt wlseaowl,66.12,13.23,89.188,13.33,0,1.52408e+09,10.7,111.55,1.48868,207.782,3099.5,6140,6518.1,6518.1,6518.1,803,652,652,652,1304,0,1.3685,26.707,123.235,292.638,4791.05,0,0,206.035,,,,,,,,
2018/DATA-20180308/p6440293.nc,644,5,293,990,440,150,220,1,0,310,0,2000,200,1,0,120,0,0.102197,0.00192104,0.00597518,0.015898,0.0212512,0.0195441,0,2322.53,281.929,SciCon|PAM,7498,25.383,7202,55,magnetometer sbe41 contopt wlseaowl,66.12,13.42,89.405,12.93,0,1.52409e+09,9,126.217,1.64503,229.583,3145.52,6176.05,7400.62,7400.62,7400.62,895,741,740,740,1481,0,1.5441,30.049,143.926,292.883,4913.38,0,0,230.45,,,,,,,,
2018/DATA-20180308/p6440294.nc,644,5,294,990,440,150,220,1,0,310,0,2000,200,1,0,120,0,0.101696,0.0019143,0.00432598,0.0190282,0.0191446,0.0170773,0,2092.3,336.868,SciCon|PAM,6615,25.208,8150,55,magnetometer sbe41 contopt wlseaowl,66.12,13.26,89.612,13.3,0,1.5241e+09,10.1833,111.3,1.26914,230.778,2675.7,5387.84,6509.67,6509.67,6509.67,759,652,651,651,1303,0,1.40113,23.434,119.552,292.638,4897.26,0,0,230.751,,,,,,,,
2018/DATA-20180308/p6440295.nc,644,5,295,990,440,150,220,1,0,310,0,2000,200,1,0,120,0,0.100517,0.00191715,0.00423526,0.0172282,0.0185949,0.0168458,0,2032.23,308.569,SciCon|PAM,6325,25.236,7212,55,magnetometer sbe41 contopt wlseaowl,66.12,13.41,89.813,12.94,0,1.5241e+09,9.43333,106.567,0.960332,212.382,2845.6,5736.29,6226.29,6226.29,6226.29,754,623,619,623,1246,0,1.29021,23.425,121.474,292.638,4840.51,0,0,210.752,,,,,,,,
2018/DATA-20180308/p6440296.nc,644,5,296,990,440,150,220,1,0,310,0,2000,200,1,0,120,0,0.100497,0.00190413,0.00406915,0.0173274,0.0197264,0.0178925,0,2155.89,308.248,SciCon|PAM,6861,25.343,6928,55,magnetometer sbe41 contopt wlseaowl,66.12,13.45,90.021,12.9,0,1.52411e+09,9.41667,115.583,1.47484,212.392,3033.38,6236.28,6766.28,6766.28,6766.28,825,678,676,678,1355,0,1.4019,26.725,128.387,292.883,4843.11,0,0,210.014,,,,,,,,
2018/DATA-20180308/p6440297.nc,644,5,297,990,440,150,220,1,0,310,0,2000,200,1,0,120,0,0.101035,0.00193229,0.00494074,0.0164534,0.0196187,0.0179123,0,2144.12,288.14,SciCon|PAM,6824,25.191,7456,55,magnetometer sbe41 contopt wlseaowl,66.12,13.41,90.228,12.92,0,1.52412e+09,9.26667,114.567,2.20777,218.783,2947.18,6018.64,6718.64,6718.64,6718.64,810,673,672,672,1345,0,1.39257,26.746,127.808,291.657,4870.97,0,0,216.706,,,,,,,,
2018/DATA-20180308/p6440298.nc,644,5,298,990,440,150,220,1,0,310,0,2000,200,1,0,120,0,0.103345,0.00190401,0.00397383,0.0159729,0.0203552,0.0186548,0,2224.61,280.567,SciCon|PAM,7261,25.388,7385,55,magnetometer sbe41 contopt wlseaowl,66.12,13.41,90.441,13.26,0,1.52413e+09,9.16667,122.05,3.2053,234.551,3015.26,6015.26,7159.42,7159.42,7159.42,863,717,717,717,1433,0,1.52926,26.736,131.96,292.883,4973.19,0,0,232.622,,,,,,,,
2018/DATA-20180308/p6440299.nc,644,5,299,990,440,150,220,1,0,310,0,2000,200,1,0,120,0,0.105329,0.0019029,0.00393683,0.0179479,0.0213334,0.0194046,0,2331.51,318.1,SciCon|PAM,7819,25.342,7877,55,magnetometer sbe41 contopt wlseaowl,66.12,13.4,90.664,12.91,0,1.52413e+09,9.73333,131.517,3.21442,251.472,3041.47,5983.61,7717.5,7717.5,7717.5,914,772,772,772,1544,0,1.65458,30.103,137.575,291.902,5065.52,0,0,249.996,,,,,,,,
2018/DATA-20180308/p6440300.nc,644,5,300,990,440,150,220,1,0,310,0,2000,200,1,0,120,0,0.107311,0.0018963,0.00525619,0.0186799,0.0227432,0.0206316,0,2485.59,330.246,SciCon|PAM,8435,25.334,8464,55,magnetometer sbe41 contopt wlseaowl,66.12,13.26,90.896,12.89,0,1.52414e+09,10.1,141.6,2.68196,267.108,3035.48,6116.35,8326.35,8326.35,8326.35,977,833,831,833,1666,0,1.78139,30.038,147.704,292.638,5151.09,0,0,265.498,,,,,,,,
2018/DATA-20180308/p6440301.nc,644,5,301,990,440,150,220,1,0,310,0,2000,200,1,0,120,0,0.108201,0.00190658,0.00555855,0.0208446,0.0247485,0.0223861,0,2704.76,364.79,SciCon|PAM,8966,25.358,9115,55,magnetometer sbe41 contopt wlseaowl,66.12,13.4,91.14,12.89,0,1.52415e+09,10.9167,150.483,2.81653,273.826,3191.95,6412.78,8852.78,8852.78,8852.78,1032,886,886,886,1772,0,1.88735,33.36,161.541,292.883,5190.99,0,0,272.4,,,,,,,,
2018/DATA-20180308/p6440302.nc,644,5,302,990,440,150,220,1,0,310,0,2000,200,1,0,120,0,0.108757,0.00193919,0.00535101,0.0217159,0.024887,0.022302,0,2719.89,384.497,SciCon|PAM,9072,25.268,9676,55,magnetometer sbe41 contopt wlseaowl,66.12,13.38,91.385,12.89,0,1.52416e+09,11.4,152.15,3.4956,282.654,3124.37,6235.55,8951.56,8951.56,8951.56,1043,896,896,896,1791,0,1.90936,33.349,161.939,290.676,5202.63,0,0,281.352,,,,,,,,
2018/DATA-20180308/p6440303.nc,644,5,303,990,440,150,220,1,0,310,0,2000,200,1,0,120,0,0.108831,0.00193744,0.00446236,0.0219127,0.024341,0.0216586,0,2660.22,382.25,SciCon|PAM,8870,25.22,9773,55,magnetometer sbe41 contopt wlseaowl,66.12,13.4,91.628,12.86,0,1.52417e+09,11.4167,148.733,3.37893,283.111,3110.34,6021.11,8751.86,8751.86,8751.86,1024,876,875,876,1751,0,1.88216,33.341,153.86,291.902,5213.65,0,0,281.842,,,,,,,,
2018/DATA-20180308/p6440304.nc,644,5,304,990,440,150,220,1,0,310,0,2000,200,1,0,120,0,0.109489,0.00192329,0.00491729,0.0206119,0.0241263,0.0217366,0,2636.75,360.127,SciCon|PAM,8849,25.257,9540,55,magnetometer sbe41 contopt wlseaowl,66.12,13.39,91.87,13.27,0,1.52418e+09,10.9,148.5,2.51893,294.168,3000.32,5742.16,8733.35,8733.35,8733.35,1014,874,872,874,1747,0,1.8388,33.389,154.016,292.148,5250.69,0,0,292.998,,,,,,,,
2018/DATA-20180308/p6440305.nc,644,5,305,990,440,150,220,1,0,310,0,2000,200,1,0,120,0,0.139811,0,0.00466751,0.0210539,0.0244826,0.0222744,0,2675.69,369.455,SciCon|PAM,9054,25.278,9541,55,magnetometer sbe41 contopt wlseaowl,66.12,13.36,92.117,12.89,0,1.52419e+09,11.1,151.933,2.29516,286.714,3056.92,6088.03,8932.87,8932.87,8932.87,1036,894,894,894,1788,0,1.92678,33.43,158.445,292.393,5215.01,138.838,210.645,285.096,,,,,,,,
2018/DATA-20180308/p6440306.nc,644,5,306,990,440,150,220,1,0,310,0,2000,200,1,0,120,0,0.108989,0.00191279,0.00498116,0.0221636,0.0252192,0.0228099,0,2756.2,386.891,SciCon|PAM,9129,25.376,9762,55,magnetometer sbe41 contopt wlseaowl,66.12,13.39,92.364,12.87,0,1.5242e+09,11.3167,153.083,2.64914,288.605,3242.87,6222.87,9008.68,9008.68,9008.68,1057,902,902,902,1803,0,1.93213,33.351,162.283,292.148,5224.28,0,0,287.198,,,,,,,,
2018/DATA-20180308/p6440307.nc,644,5,307,990,440,150,220,1,0,310,0,2000,200,1,0,120,0,0.109409,0.00193673,0.00446798,0.0204693,0.0244934,0.0223565,0,2676.88,353.014,SciCon|PAM,9263,25.408,9798,55,magnetometer sbe41 contopt wlseaowl,66.12,13.36,92.61,13.22,0,1.52421e+09,10.7833,155.667,3.36222,294.447,2867.25,6128.83,9143.21,9143.21,9143.21,1045,916,914,916,1830,0,1.96342,33.365,159.018,292.148,5235.79,0,0,293.044,,,,,,,,
2018/DATA-20180308/p6440308.nc,644,5,308,990,440,150,220,1,0,310,0,2000,200,1,0,120,0,0.109204,0.00188828,0.00472776,0.0226152,0.0255086,0.022034,0,2787.83,390.04,SciCon|PAM,8942,25.414,9997,55,magnetometer sbe41 contopt wlseaowl,66.12,13.38,92.857,12.85,0,1.52422e+09,13.1167,149.9,2.84854,289.024,3065.44,6017.26,8817.8,8817.8,8817.8,1030,883,883,883,1765,0,1.84003,33.362,156.713,292.883,5232.23,0,0,288.55,,,,,,,,
2018/DATA-20180308/p6440309.nc,644,5,309,990,440,150,220,1,0,310,0,2000,200,1,0,120,0,0.108654,0.0018921,0.00350387,0.0219276,0.023983,0.0212739,0,2621.09,382.382,SciCon|PAM,8788,25.305,9636,55,magnetometer sbe41 contopt wlseaowl,66.12,13.42,93.098,12.85,0,1.52423e+09,11.3,147.633,2.66285,284.784,3133.38,6073.38,8669.78,8669.78,8669.78,1020,868,868,868,1735,0,1.86934,33.421,148.45,293.374,5216.63,0,0,283.496,,,,,,,,
2018/DATA-20180308/p6440310.nc,644,5,310,990,440,150,220,1,0,310,0,2000,200,1,0,120,0,0.107329,0.00191663,0.00666424,0.0207213,0.0243459,0.0221686,0,2660.76,363.57,SciCon|PAM,8998,25.309,9477,55,magnetometer sbe41 contopt wlseaowl,66.12,13.39,93.34,12.86,0,1.52424e+09,10.8667,150.833,2.42793,276.992,3153.18,6444.21,8879.16,8879.16,8879.16,1034,889,889,889,1778,0,1.90479,33.4,158.625,291.412,5143.77,0,0,275.897,,,,,,,,
2018/DATA-20180308/p6440311.nc,644,5,311,990,440,150,220,1,0,310,0,2000,200,1,0,120,0,0.174298,0,0.00435983,0.0211786,0.0240487,0.0221843,0,2628.28,365.222,SciCon|PAM,9017,25.256,9678,55,magnetometer sbe41 contopt wlseaowl,66.12,13.38,93.632,12.84,0,1.52425e+09,11.5667,151.767,2.395,281.053,2858.15,6364.15,8895.52,8895.52,8895.52,1009,891,889,891,1781,0,1.89492,33.295,151.51,291.902,5160.81,167.292,2521.66,280.06,,,,,,,,
2018/DATA-20180308/p6440312.nc,644,5,312,990,440,150,220,1,0,310,0,2000,200,1,0,120,0,0.108594,0.00189486,0.00688746,0.0203887,0.0242263,0.0222422,0,2647.68,349.336,SciCon|PAM,9071,25.339,9720,55,magnetometer sbe41 contopt wlseaowl,66.12,13.38,93.875,13.21,0,1.52426e+09,10.8333,152.1,3.84165,282.815,3071.91,6135.15,8947.51,8947.51,8947.51,1043,896,895,896,1791,0,1.92724,33.344,157.87,291.902,5196.92,0,0,282.156,,,,,,,,
2018/DATA-20180308/p6440313.nc,644,5,313,990,440,150,220,1,0,310,0,2000,200,1,0,120,0,0.108709,0.00189501,0.00612067,0.0207919,0.0237973,0.0216627,0,2600.8,356.607,SciCon|PAM,8793,25.259,9750,55,magnetometer sbe41 contopt wlseaowl,66.12,13.38,94.116,13.33,0,1.52427e+09,10.95,147.333,3.10127,279.75,3065.11,6099.83,8672.14,8672.14,8672.14,1010,868,868,868,1736,0,1.80056,33.341,153.691,292.638,5210.27,0,0,278.002,,,,,,,,
2018/DATA-20180308/p6440314.nc,644,5,314,990,440,150,220,1,0,310,0,2000,200,1,0,120,0,0.1093,0.00191687,0.00460167,0.0221682,0.0232913,0.0210871,0,2545.5,384.99,SciCon|PAM,8226,25.402,9488,55,magnetometer sbe41 contopt wlseaowl,66.12,13.24,94.354,12.85,0,1.52428e+09,11.3667,138.05,2.54501,282.357,2990.13,5754.84,8107.22,8107.22,8107.22,950,812,812,812,1622,0,1.68568,30.041,148.421,292.393,5235.87,0,0,280.9,,,,,,,,
2018/DATA-20180308/p6440315.nc,644,5,315,990,440,150,220,1,0,310,0,2000,200,1,0,120,0,0.109289,0.00192201,0.00432432,0.0193842,0.0241223,0.0219781,0,2636.32,333.097,SciCon|PAM,8901,25.441,8873,55,magnetometer sbe41 contopt wlseaowl,66.12,13.25,94.596,12.88,0,1.52429e+09,10.9,149.583,3.48867,282.965,3169.66,6190.68,8785.56,8785.56,8785.56,1036,880,880,880,1758,0,1.8911,33.358,155.915,292.883,5243.21,0,0,281.085,,,,,,,,
2018/DATA-20180308/p6440316.nc,644,5,316,990,440,150,220,1,0,310,0,2000,200,1,0,120,0,0.109199,0.00192587,0.00443088,0.0207125,0.0232448,0.0211627,0,2540.42,355.63,SciCon|PAM,8550,25.285,9593,55,magnetometer sbe41 contopt wlseaowl,66.12,13.39,94.834,12.86,0,1.5243e+09,10.8667,143.95,3.00357,280.059,3007.78,6009.21,8431.57,8431.57,8431.57,980,844,843,844,1687,0,1.75272,33.365,149.181,290.921,5232.41,0,0,279.257,,,,,,,,
2018/DATA-20180308/p6440317.nc,644,5,317,990,440,150,220,1,0,310,0,2000,200,1,0,120,0,0.109254,0.00193412,0.00599273,0.0207258,0.0233808,0.0212458,0,2555.28,361.837,SciCon|PAM,8477,25.306,9261,55,magnetometer sbe41 contopt wlseaowl,66.12,13.38,95.073,13.26,0,1.52431e+09,10.9667,142.65,3.12072,276.397,2866.18,5976.91,8359.51,8359.51,8359.51,978,837,837,837,1673,0,1.75097,33.376,150.643,292.148,5231.06,0,0,274.748,,,,,,,,
2018/DATA-20180308/p6440318.nc,644,5,318,990,440,150,220,1,0,310,0,2000,200,1,0,120,0,0.109205,0.00193358,0.00626768,0.0212703,0.0260552,0.0235654,0,2847.56,374.722,SciCon|PAM,9522,25.352,9195,55,magnetometer sbe41 contopt wlseaowl,66.12,13.37,95.325,12.82,0,1.52432e+09,11.5833,159.5,2.9843,279.134,3313.95,6676.25,9402.5,9402.5,9402.5,1098,942,940,942,1882,0,1.95783,36.693,169.294,292.148,5234.83,0,0,277.894,,,,,,,,
2018/DATA-20180308/p6440319.nc,644,5,319,990,440,150,220,1,0,310,0,2000,200,1,0,120,0,0.112304,0.00192587,0.00497975,0.0218421,0.0259478,0.0236865,0,2835.83,376.317,SciCon|PAM,9992,25.043,10221,55,magnetometer sbe41 contopt wlseaowl,66.12,13.12,95.582,12.84,0,1.52433e+09,11.3833,167.167,2.33401,300.918,3236.34,6468.65,9755.5,9865.49,9865.49,1116,975,973,975,1975,0,2.1,36.677,166.528,294.11,5374.95,0,0,299.69,,,,,,,,
2018/DATA-20180308/p6440320.nc,644,5,320,990,440,150,220,1,0,310,0,2000,200,1,0,120,0,0.113403,0.0019377,0.00464386,0.0233593,0.0263311,0.0237102,0,2877.72,403.67,SciCon|PAM,10093,24.147,10719,55,magnetometer sbe41 contopt wlseaowl,66.12,13.24,95.84,13.26,0,1.52434e+09,12.0167,168.967,2.96766,322.61,3047.47,6078.21,9118.21,9965.02,9965.02,1131,938,938,938,1993,0,2.15971,36.743,168.063,291.902,5421.96,0,0,322.203,,,,,,,,
2018/DATA-20180308/p6440321.nc,644,5,321,990,440,150,220,1,0,310,0,2000,200,1,0,120,0,0.112066,0.00190658,0.00680481,0.0224452,0.0264604,0.0238967,0,2891.85,390.8,SciCon|PAM,9827,25.093,10806,55,magnetometer sbe41 contopt wlseaowl,66.12,13.23,96.097,12.82,0,1.52435e+09,11.65,164.667,2.7635,299.336,3176.48,6529.72,9701.42,9701.42,9701.42,1120,965,964,964,1941,0,2.00008,36.689,169.209,292.638,5355.31,0,0,298.608,,,,,,,,
2018/DATA-20180308/p6440322.nc,644,5,322,990,440,150,220,1,0,310,0,2000,200,1,0,120,0,0.109996,0.00190254,0.00833545,0.0216431,0.0264798,0.0244426,0,2893.96,372.954,SciCon|PAM,9823,25.295,10534,55,magnetometer sbe41 contopt wlseaowl,66.12,13.37,96.353,12.84,0,1.52436e+09,11.4333,164.25,3.29431,282.867,3293.29,7025.24,9691.73,9691.73,9691.73,1121,971,969,970,1940,0,2.04326,36.692,177.704,292.393,5259.19,0,0,281.711,,,,,,,,
2018/DATA-20180308/p6440323.nc,644,5,323,990,440,150,220,1,0,310,0,2000,200,1,0,120,0,0.10717,0.0019235,0.00750943,0.0222296,0.0246335,0.0221845,0,2692.18,381.294,SciCon|PAM,8790,25.299,10517,55,magnetometer sbe41 contopt wlseaowl,66.12,13.38,96.595,12.84,0,1.52437e+09,11.5333,147.233,1.86494,263.341,3275.71,6510.08,8657.75,8657.75,8657.75,1017,866,838,866,1733,0,1.77194,33.338,158.343,292.393,5138.17,0,0,262.008,,,,,,,,
2018/DATA-20180308/p6440324.nc,644,5,324,990,440,150,220,1,0,310,0,2000,200,1,0,120,0,0.107681,0.00191663,0.00416753,0.02148,0.0240231,0.0215171,0,2625.47,375.139,SciCon|PAM,5079,25.137,9481,55,magnetometer sbe41 contopt wlseaowl,66.12,13.38,96.809,12.76,0,1.52438e+09,11.3333,145.767,2.13022,270.736,3272.93,6353.99,8568.71,8568.71,8568.71,1011,496,495,496,991,0,0.97288,33.344,133.889,292.638,5162.73,0,0,268.608,,,,,,,,
2018/DATA-20180308/p6440325.nc,644,5,325,990,420,150,200,1,0,310,0,2000,200,1,0,120,0,0.10753,0.00136323,0.00472684,0.015792,0.0234409,0.0222852,0,2561.85,277.269,SciCon|PAM,9229,25.429,9241,55,magnetometer sbe41 contopt wlseaowl,66.12,13.38,97.046,12.82,0,1.52439e+09,8.8,155.283,0.193636,273.343,3298.89,6658.89,9146.93,9146.93,9146.93,1056,915,914,915,1830,0,1.92743,33.368,156.707,294.11,5153.9,0,0,272.141,,,,,,,,
2018/DATA-20180308/p6440326.nc,644,5,326,990,420,150,200,1,0,310,0,2000,200,1,0,120,0,0.107085,0.00138877,0.00481052,0.0209681,0.0227842,0.0206659,0,2490.08,361.684,SciCon|PAM,8072,25.338,9952,55,magnetometer sbe41 contopt wlseaowl,66.12,13.39,97.278,12.85,0,1.5244e+09,11.1333,135.283,0.24118,268.277,2846.05,5656.04,7952.13,7952.13,7952.13,930,796,795,796,1591,0,1.70138,30.08,147.559,291.657,5132.15,0,0,267.392,,,,,,,,
2018/DATA-20180308/p6440327.nc,644,5,327,990,420,150,200,1,0,310,0,2000,200,1,0,120,0,0.107397,0.00139865,0.00520662,0.0214441,0.0225656,0.0204297,0,2466.19,372.901,SciCon|PAM,7964,25.337,8748,55,magnetometer sbe41 contopt wlseaowl,66.12,13.38,97.509,13.28,0,1.52441e+09,11.0833,133.817,1.39264,272.01,2849.68,5651.96,7852.44,7852.44,7852.44,920,787,786,786,1571,0,1.73933,30.05,145.203,292.638,5152.63,0,0,270.298,,,,,,,,
2018/DATA-20180308/p6440328.nc,644,5,328,990,420,150,200,1,0,310,0,2000,200,1,0,120,0,0.107618,0.00140489,0.00516003,0.0196276,0.023748,0.0216128,0,2595.41,347.695,SciCon|PAM,8717,25.246,8634,55,magnetometer sbe41 contopt wlseaowl,66.12,13.39,97.746,12.8,0,1.52441e+09,10.6,146.133,1.43354,278.966,2940.98,6011.49,8607.61,8607.61,8607.61,997,861,861,861,1722,0,1.88458,33.355,156.966,290.676,5148.31,0,0,276.963,,,,,,,,
2018/DATA-20180308/p6440329.nc,644,5,329,990,420,150,200,1,0,310,0,2000,200,1,0,120,0,0.107236,0.00140308,0.00696384,0.0207318,0.0227664,0.0207392,0,2488.13,364.976,SciCon|PAM,8228,25.285,9397,55,magnetometer sbe41 contopt wlseaowl,66.12,13.39,97.979,12.84,0,1.52442e+09,11.0167,137.85,1.49303,267.431,3064.39,6018.79,8106.11,8106.11,8106.11,949,812,812,812,1623,0,1.76794,30.042,154.26,291.902,5140.62,0,0,266.803,,,,,,,,
2018/DATA-20180308/p6440330.nc,644,5,330,990,420,150,200,1,0,310,0,2000,200,1,0,120,0,0.108906,0.00140228,0.00529419,0.0199584,0.0252017,0.0229999,0,2754.29,349.035,SciCon|PAM,9302,25.35,8883,55,magnetometer sbe41 contopt wlseaowl,66.12,13.38,98.226,12.82,0,1.52443e+09,10.75,155.883,1.9744,286.111,3087.61,6261.09,9189.19,9189.19,9189.19,1062,921,920,920,1838,0,1.98804,33.353,169.381,292.393,5218.18,0,0,285.05,,,,,,,,
2018/DATA-20180308/p6440331.nc,644,5,331,990,420,150,200,1,0,310,0,2000,200,1,0,120,0,0.110153,0.00139217,0.00622313,0.0210759,0.0246867,0.0224591,0,2698,368.899,SciCon|PAM,9187,25.278,9997,55,magnetometer sbe41 contopt wlseaowl,66.12,13.36,98.472,12.8,0,1.52444e+09,11.3,154.067,2.22219,289.933,3005.63,6118.61,9061.52,9061.52,9061.52,1045,907,907,907,1813,0,1.98649,33.343,164.135,292.638,5269.29,0,0,289.198,,,,,,,,
2018/DATA-20180308/p6440332.nc,644,5,332,990,420,150,200,1,0,310,0,2000,200,1,0,120,0,0.111318,0.00140228,0.00594593,0.0206632,0.022681,0.0207225,0,2478.8,356.439,SciCon|PAM,8210,25.324,9873,55,magnetometer sbe41 contopt wlseaowl,66.12,13.35,98.709,12.8,0,1.52445e+09,11.0667,137.533,1.84785,298.073,2555.68,5176.53,8087.01,8087.01,8087.01,932,810,810,810,1618,0,1.83446,30.012,151.808,292.393,5322.57,0,0,297.802,,,,,,,,
2018/DATA-20180308/p6440333.nc,644,5,333,990,400,250,200,1,0,310,0,2000,200,1,0,120,0,0.18717,0,0.00537688,0.0189848,0.0246146,0.0233013,0,2690.12,347.33,SciCon|PAM,9086,24.004,8857,55,magnetometer sbe41 contopt wlseaowl,66.12,13.17,99.024,13.02,0,1.52446e+09,10.7,152.8,1.63476,322.561,2683.09,5356.27,8158.55,8976.29,8976.29,1021,842,842,842,1795,0,2.5696,33.37,158.048,485.686,8820.34,0,0,320.05,,,,,,,,
2018/DATA-20180308/p6440334.nc,644,5,334,990,400,250,200,1,0,310,0,2000,200,1,0,120,0,0.187549,0,0.00842169,0.0197935,0.0243153,0.0232348,0,2657.41,339.68,SciCon|PAM,8693,23.954,9776,55,magnetometer sbe41 contopt wlseaowl,66.12,13.18,99.338,12.82,0,1.52447e+09,11.2667,146.133,1.25308,323.635,2538.81,5078.81,7748.81,8571.71,8571.71,978,802,802,802,1716,0,2.40108,33.403,160.892,486.913,8838.52,0,0,321.548,,,,,,,,
2018/DATA-20180308/p6440335.nc,644,5,335,990,400,250,200,1,0,310,0,2000,200,1,0,120,0,0.188488,0,0.00546249,0.0247662,0.0249792,0.0229452,0,2729.97,456.238,SciCon|PAM,8648,23.665,9593,55,magnetometer sbe41 contopt wlseaowl,66.12,13.16,99.657,13.04,0,1.52448e+09,14.35,145.25,1.11132,325.267,2450.54,5022.21,7633.26,8528.17,8528.17,971,793,793,793,1707,0,2.39589,30.049,155.815,487.648,8874.35,0,0,323.453,,,,,,,,
2018/DATA-20180308/p6440336.nc,644,5,336,990,400,250,200,1,0,310,0,2000,200,1,0,120,0,0.187972,0,0.00548604,0.0205214,0.024127,0.0230832,0,2636.84,354.243,SciCon|PAM,8798,23.994,9338,55,magnetometer sbe41 contopt wlseaowl,66.12,13.16,99.972,13.02,0,1.52449e+09,10.9333,147.967,1.12725,321.755,2548.73,5209.63,7910.61,8684.23,8684.23,986,816,816,816,1737,0,2.44829,33.355,156.238,487.158,8861.76,0,0,319.25,,,,,,,,
2018/DATA-20180308/p6440337.nc,644,5,337,990,400,250,200,1,0,310,0,2000,200,1,0,120,0,0.190097,0,0.00470725,0.0200112,0.0238007,0.0226928,0,2601.17,349.815,SciCon|PAM,8891,23.622,9494,55,magnetometer sbe41 contopt wlseaowl,66.12,13.16,100.287,12.81,0,1.5245e+09,10.8,149.3,0.906677,332.321,2646.06,5208.4,7769.37,8775.12,8775.12,998,808,808,808,1755,0,2.50989,33.362,154.235,487.158,8931.02,0,0,329.059,,,,,,,,
2018/DATA-20180308/p6440338.nc,644,5,338,990,400,250,200,1,0,310,0,2000,200,1,0,120,0,0.195775,0,0.00594561,0.0216863,0.0260107,0.0245036,0,2842.7,377.649,SciCon|PAM,9485,22.516,9605,55,magnetometer sbe41 contopt wlseaowl,66.12,13.13,100.614,12.81,0,1.52451e+09,11.3167,159.233,0.868336,367.997,2652.76,5074.59,7443.78,9369.16,9369.16,1057,808,806,807,1875,0,2.64793,33.36,166.044,487.158,9174.06,0,0,366.65,,,,,,,,
2018/deployment 2018/p6440339.nc,644,5,339,990,400,250,200,1,0,310,0,2000,200,1,0,120,0,0.198996,0,0.00642072,0.0242365,0.0287024,0.0266326,0,3136.88,475.846,SciCon|PAM,10468,21.807,10432,55,magnetometer sbe41 contopt wlseaowl,66.12,13.11,100.957,12.78,0,1.52452e+09,15.2,175.717,0.748623,390.099,2682.04,5146.84,7658.23,10347,10347,1163,855,855,855,2070,0,2.94521,36.686,184.273,487.403,9317.97,0,0,388.448,,,,,,,,
2018/DATA-20180308/p6440340.nc,644,5,340,990,400,250,200,1,0,310,0,2000,200,1,0,120,0,0.198536,0,0.00607387,0.0240704,0.0271225,0.0256615,0,2964.21,414.148,SciCon|PAM,10100,21.912,11251,55,magnetometer sbe41 contopt wlseaowl,66.12,13.1,101.295,12.78,0,1.52453e+09,12.4,169.567,1.02893,392.626,2520.81,4963.02,7465.31,9973.69,9973.69,1108,828,828,828,1995,0,2.87819,36.692,176.433,487.403,9317.37,0,0,389.548,,,,,,,,
2018/DATA-20180308/p6440341.nc,644,5,341,990,400,250,200,1,0,310,0,2000,200,1,0,120,0,0.196527,0,0.00631342,0.0224447,0.028429,0.02684,0,3107,389.252,SciCon|PAM,10636,22.084,10850,55,magnetometer sbe41 contopt wlseaowl,66.12,13.11,101.636,12.78,0,1.52454e+09,11.8333,178.317,1.35608,385.842,2714.93,5324.93,8014.93,10512.6,10512.6,1173,883,883,883,2103,0,3.01041,36.641,184.921,486.177,9245.21,0,0,382.641,,,,,,,,
2018/DATA-20180308/p6440343.nc,644,5,343,990,400,250,200,1,0,310,0,2000,200,1,0,120,0,0.211183,0,0.00752504,0.0316079,0.0332412,0.0308361,0,3632.92,563.494,SciCon|PAM,12500,20.249,12752,55,magnetometer sbe41 contopt wlseaowl,66.12,13.04,102.374,12.89,0,1.52457e+09,16,209.433,2.57211,452.245,2598.39,5161.14,7804.63,12362.6,12362.6,1360,932,932,932,2473,0,3.52404,43.287,216.085,486.913,9869.35,0,0,454.3,,,,,,,,
2018/DATA-20180308/p6440344.nc,644,5,344,990,400,250,200,1,0,310,0,2000,200,1,0,120,0,0.210775,0,0.00619877,0.026215,0.0316011,0.02973,0,3453.67,451.117,SciCon|PAM,12178,20.693,13327,55,magnetometer sbe41 contopt wlseaowl,66.12,13.02,102.744,12.98,0,1.52458e+09,13.25,203.867,2.61848,447.959,2533.78,5255.84,7977.31,12037.7,12037.7,1318,933,933,933,2408,0,3.49317,43.316,207.642,486.422,9834.34,0,0,445.198,,,,,,,,
2018/DATA-20180308/p6440345.nc,644,5,345,990,400,250,200,1,0,310,0,2000,200,1,0,120,0,0.20505,0,0.00628934,0.0255939,0.0303226,0.0284371,0,3313.95,440.399,SciCon|PAM,11450,21.193,12978,55,magnetometer sbe41 contopt wlseaowl,66.12,13.06,103.101,12.99,0,1.52459e+09,13.05,191.817,3.24858,416.394,2665.76,5328.79,7930.77,11309.6,11309.6,1267,905,899,905,2263,0,3.22127,40.019,196.154,486.913,9584.52,0,0,414.006,,,,,,,,
2018/DATA-20180308/p6440346.nc,644,5,346,990,400,250,200,1,0,310,0,2000,200,1,0,120,0,0.1999,0,0.00591843,0.0235614,0.028062,0.0267185,0,3066.89,402.251,SciCon|PAM,10493,21.852,12212,55,magnetometer sbe41 contopt wlseaowl,66.12,13.09,103.444,12.8,0,1.52461e+09,12.25,175.833,3.18852,391.44,2625.99,5158.07,7780.96,10358.8,10358.8,1164,864,864,864,2072,0,2.99417,36.66,184.55,486.667,9368.66,0,0,388.837,,,,,,,,
2018/DATA-20180308/p6440347.nc,644,5,347,990,400,250,200,1,0,310,0,2000,200,1,0,120,0,0.198546,0,0.00599395,0.020782,0.0270558,0.0259975,0,2956.92,358.141,SciCon|PAM,10409,21.935,11194,55,magnetometer sbe41 contopt wlseaowl,66.12,13.11,103.78,12.75,0,1.52462e+09,11.2833,174.7,2.79282,388.893,2578.3,5102.28,7784.3,10283.7,10283.7,1145,860,860,860,2057,0,2.95776,36.671,178.561,485.931,9306.19,0,0,385.861,,,,,,,,
2018/DATA-20180308/p6440348.nc,644,5,348,990,400,250,200,1,0,310,0,2000,200,1,0,120,0,0.201888,0,0.00629719,0.0211571,0.027879,0.0268286,0,3046.89,363.644,SciCon|PAM,10843,21.449,11134,55,magnetometer sbe41 contopt wlseaowl,66.12,13.08,104.123,12.73,0,1.52463e+09,11.3833,181.933,2.87744,402.608,2528.03,5090.25,7671.4,10715.8,10715.8,1189,869,863,868,2144,0,3.05571,36.7,185.121,487.403,9440.92,0,0,404.4,,,,,,,,
2018/DATA-20180308/p6440349.nc,644,5,349,990,400,250,200,1,0,310,0,2000,200,1,1,120,0,0.197975,0,0.00792093,0.0241242,0.0277158,0.0265792,0,3029.05,409.475,SciCon|PAM,10558,21.715,11616,55,magnetometer sbe41 contopt wlseaowl,66.12,13.12,104.464,12.75,0,1.52464e+09,12.2,176.983,3.24808,384.933,2535.47,5170.76,7741.83,10430.9,10430.9,1158,864,856,863,2087,0,2.96146,36.728,182.206,486.913,9269.35,0,0,386.6,,,,,,,,
2018/DATA-20180308/p6440350.nc,644,5,350,990,400,250,200,1,0,310,0,2000,200,2,0,120,0,0.190572,0,0.00810613,0.0320187,0.0270958,0.0253279,0,2961.29,545.802,SciCon|PAM,9546,22.901,11488,55,magnetometer sbe41 contopt wlseaowl,66.12,13.14,104.8,12.77,0,1.52465e+09,15.0167,160.25,3.06509,350.932,2578.62,5250.9,7853.24,9421.51,9421.51,1062,835,834,834,1884,0,2.69005,33.352,173.37,487.403,8959.01,0,0,348.398,,,,,,,,
2018/DATA-20180308/p6440351.nc,644,5,351,990,420,150,200,1,0,310,0,2000,200,1,0,120,0,0.113708,0.00135505,0.00640128,0.0247757,0.02804,0.0260645,0,3064.48,430.586,SciCon|PAM,10933,23.471,10322,55,magnetometer sbe41 contopt wlseaowl,66.12,13.35,105.067,12.49,0,1.52466e+09,12.4,182.733,2.3303,340.486,3098.4,6290.93,9393.54,10813.5,10813.5,1225,985,984,985,2163,0,2.34234,40.002,182.908,292.638,5434.98,0,0,339.995,,,,,,,,
2018/DATA-20180308/p6440352.nc,644,5,352,990,420,150,200,1,0,310,0,2000,200,1,0,120,0,0.11545,0.00141799,0.00422873,0.0242799,0.0291771,0.0269682,0,3188.76,421.56,SciCon|PAM,11557,23.059,0,0,magnetometer sbe41 contopt wlseaowl,66.12,13.33,105.34,12.54,0,1.52467e+09,11.8333,193.3,2.42948,352.384,3255.58,6478.06,9629.31,11424.1,11424.1,1295,1020,1019,1020,2285,0,2.4971,39.97,190.946,293.129,5517.03,0,0,352.149,,,,,,,,
2018/DATA-20180308/p6440353.nc,644,5,353,990,420,150,200,1,0,310,0,2000,200,1,0,120,0,0.117191,0.00142764,0.00795636,0.0241368,0.0298674,0.0276716,0,3264.2,411.381,SciCon|PAM,11784,22.673,0,0,magnetometer sbe41 contopt wlseaowl,66.12,13.32,105.617,12.65,0,1.52469e+09,11.85,197.667,3.04537,364.988,3099.42,6350.41,9413.6,11644.8,11644.8,1315,1014,1014,1014,2329,0,2.52042,43.31,198.971,291.902,5603.31,0,0,364.75,,,,,,,,
2018/DATA-20180308/p6440354.nc,644,5,354,990,420,150,200,1,0,310,0,2000,200,1,0,120,0,0.117638,0.0014348,0.00682132,0.0248693,0.0298924,0.0276293,0,3266.93,422.72,SciCon|PAM,11946,22.673,0,0,magnetometer sbe41 contopt wlseaowl,66.12,13.33,105.896,12.64,0,1.5247e+09,12.1667,199.983,2.45861,363.565,3099.27,6330.41,9543.98,11805.5,11805.5,1327,1029,1028,1029,2362,0,2.5594,43.268,197.069,293.129,5614.89,0,0,363.901,,,,,,,,
2018/DATA-20180308/p6440355.nc,644,5,355,990,420,150,200,1,0,310,0,2000,200,1,0,120,0,0.119049,0.00145269,0.00589024,0.0266965,0.0319781,0.029133,0,3494.88,455.707,SciCon|PAM,12530,22.469,0,0,magnetometer sbe41 contopt wlseaowl,66.12,13.27,106.185,13.24,0,1.52471e+09,13.35,209.583,1.56942,378.118,3210.6,6492.84,9793.88,12390.4,12390.4,1398,1065,1060,1064,2478,0,2.67737,43.33,208.963,292.883,5677.31,0,0,377.15,,,,,,,,
2018/DATA-20180308/p6440356.nc,644,5,356,990,420,150,200,1,0,310,0,2000,200,2,0,120,0,0.120554,0.00145428,0.00571237,0.0259983,0.0322462,0.0294584,0,3524.18,446.359,SciCon|PAM,12639,22.025,15,55,magnetometer sbe41 contopt wlseaowl,66.12,13.23,106.475,12.75,0,1.52472e+09,13.3333,211.45,2.19966,385.945,3201.6,6294.82,9538.84,12496.8,12496.8,1401,1050,1049,1049,2499,0,2.72325,43.297,211.556,291.657,5726.76,0,0,385.795,,,,,,,,
2018/DATA-20180308/p6440357.nc,644,5,357,990,420,150,200,1,0,310,0,2000,200,2,0,120,0,0.140622,0,0.0065461,0.0296624,0.0324409,0.0295949,0,3545.46,505.054,SciCon|PAM,12618,22.287,13509,55,magnetometer sbe41 contopt wlseaowl,66.12,13.22,106.77,12.71,0,1.52474e+09,14.2167,211.3,2.94995,385.139,3345.85,6537.14,9689.73,12476.5,12476.5,1408,1060,1060,1060,2495,0,2.7022,46.671,210.937,292.638,5733.43,77.2682,120.706,384.548,,,,,,,,
2018/DATA-20180308/p6440358.nc,644,5,358,990,420,150,200,1,0,310,0,2000,200,2,0,120,0,0.122132,0.00143616,0.00566409,0.0273679,0.0315664,0.0295527,0,3449.88,463.804,SciCon|PAM,12529,22.119,13456,55,magnetometer sbe41 contopt wlseaowl,66.12,13.26,107.06,13.19,0,1.52475e+09,13.5167,209.45,2.38668,389.446,3253.66,6326.29,9527.4,12383.9,12383.9,1398,1048,1047,1047,2478,0,2.70192,43.312,209.882,292.148,5803.34,0,0,389.055,,,,,,,,
2018/DATA-20180308/p6440359.nc,644,5,359,990,420,150,200,1,0,310,0,2000,200,2,0,120,0,0.121276,0.00142845,0.00428915,0.0282701,0.0304237,0.0280026,0,3324.99,485.147,SciCon|PAM,12131,22.232,0,0,magnetometer sbe41 contopt wlseaowl,66.12,13.28,107.346,12.58,0,1.52476e+09,13.4,203.117,2.0336,381.548,3050.9,6142.42,9262.42,11986,11986,1343,1015,1014,1014,2398,0,2.61693,43.269,196.693,292.638,5763.4,0,0,380.948,,,,,,,,
2018/DATA-20180308/p6440360.nc,644,5,360,990,420,150,200,1,0,310,0,2000,200,2,0,120,0,0.1209,0.00143868,0.00853225,0.0354805,0.0327191,0.0303292,0,3575.86,606.439,SciCon|PAM,12629,22.188,0,0,magnetometer sbe41 contopt wlseaowl,66.12,13.28,107.648,13.21,0,1.52478e+09,15.1833,210.667,2.80522,384.154,3324.51,6445.51,9655.51,12486.9,12486.9,1408,1058,1054,1057,2499,0,2.69613,46.597,214.857,292.883,5756.73,0,0,383,,,,,,,,
2018/DATA-20180308/p6440361.nc,644,5,361,990,420,150,200,1,0,310,0,2000,200,2,0,120,0,0.119934,0.00143843,0.00558035,0.0353828,0.0322497,0.0297934,0,3524.56,596.971,SciCon|PAM,12397,22.249,0,0,magnetometer sbe41 contopt wlseaowl,66.12,13.26,107.945,12.56,0,1.52479e+09,15.1333,207.1,1.97383,377.678,3216.52,6288.29,9580.82,12252,12252,1389,1046,1045,1046,2450,0,2.67059,43.274,207.566,292.638,5703.48,0,0,377.851,,,,,,,,
2018/DATA-20180308/p6440362.nc,644,5,362,990,420,150,200,1,0,310,0,2000,200,2,0,120,0,0.157241,0,0.00758374,0.0266606,0.031627,0.0292492,0,3456.5,480.767,SciCon|PAM,12292,22.559,0,0,magnetometer sbe41 contopt wlseaowl,66.12,13.25,108.237,12.65,0,1.5248e+09,14.2333,205.633,1.38585,374.982,3427.5,6559.56,9692.59,12151,12151,1376,1050,1049,1050,2430,0,2.65959,43.27,207.882,292.638,5694.55,154.046,274.935,374.352,,,,,,,,
2018/DATA-20180308/p6440363.nc,644,5,363,990,420,150,200,1,0,310,0,2000,200,2,0,120,0,0.119457,0.00142577,0.00624012,0.0255951,0.0301031,0.0279105,0,3289.96,438.699,SciCon|PAM,11999,22.347,0,0,magnetometer sbe41 contopt wlseaowl,66.12,13.28,108.517,12.5,0,1.52482e+09,12.55,200.117,2.78664,374.295,3331.5,6122.7,9344.07,11854.1,11854.1,1333,1016,989,1016,2371,0,2.59084,43.343,195.694,292.638,5686.17,0,0,374.396,,,,,,,,
2018/DATA-20180308/p6440364.nc,644,5,364,990,420,150,200,1,0,310,0,2000,200,2,0,120,0,0.11976,0.00144218,0.00703745,0.0261863,0.0304987,0.0282936,0,3333.2,452.155,SciCon|PAM,11865,22.166,0,0,magnetometer sbe41 contopt wlseaowl,66.12,13.28,108.799,12.56,0,1.52483e+09,12.6667,197.817,3.155,378.82,3174.8,6025.95,9097.07,11717.1,11717.1,1326,996,996,996,2344,0,2.53757,43.277,204.177,292.638,5700.54,0,0,378.302,,,,,,,,
2018/DATA-20180308/p6440365.nc,644,5,365,990,420,150,200,1,0,310,0,2000,200,2,0,120,0,0.120512,0.00143112,0.0057294,0.0255819,0.0306526,0.0285787,0,3350.01,439.45,SciCon|PAM,12118,21.936,0,0,magnetometer sbe41 contopt wlseaowl,66.12,13.32,109.081,12.64,0,1.52484e+09,12.3667,202.117,1.97269,388.787,3049.04,6081.75,9084.09,11975.9,11975.9,1351,1002,1002,1002,2396,0,2.59953,43.284,205.474,292.638,5738.87,0,0,388.595,,,,,,,,
2018/DATA-20180308/p6440366.nc,644,5,366,990,420,150,200,1,0,310,0,2000,200,2,0,120,0,0.120977,0.00143411,0.00438722,0.0253597,0.0307104,0.0286566,0,3356.32,429.973,SciCon|PAM,12516,21.953,0,0,magnetometer sbe41 contopt wlseaowl,66.12,13.25,109.366,13.23,0,1.52486e+09,12.2667,209.75,1.85478,392.447,3072.17,6162.76,9295.8,12379.4,12379.4,1381,1030,1029,1030,2476,0,2.70153,43.288,201.305,292.638,5745.66,0,0,391.548,,,,,,,,
2018/DATA-20180308/p6440367.nc,644,5,367,990,420,150,200,1,0,310,0,2000,200,2,0,120,0,0.121563,0.00142041,0.00759167,0.0258028,0.0331103,0.030886,0,3618.61,438.544,SciCon|PAM,13416,21.709,0,0,magnetometer sbe41 contopt wlseaowl,66.12,13.25,109.662,12.65,0,1.52487e+09,12.5333,223.9,3.30308,400.652,3333.3,6593.3,9785.83,13275.4,13275.4,1488,1095,1094,1094,2656,0,2.87057,46.607,222.483,292.638,5780,0,0,400.608,,,,,,,,
2018/DATA-20180308/p6440368.nc,644,5,368,990,420,150,200,1,0,310,0,2000,200,2,0,120,0,0.122275,0.00144952,0.00472176,0.0273165,0.0325189,0.0294594,0,3553.98,466.542,SciCon|PAM,7157,21.525,0,0,magnetometer sbe41 contopt wlseaowl,66.12,13.25,109.921,12.26,0,1.52488e+09,13.3333,215.617,2.16246,404.858,3112.87,6125.23,9285.56,12762.4,12762.4,1427,576,572,576,1400,0,1.33875,46.602,182.423,292.883,5815.63,0,0,404.35,,,,,,,,
2018/DATA-20180308/p6440369.nc,644,5,369,990,420,150,200,1,0,310,0,2000,200,2,0,120,0,0.122467,0.00146771,0.00640056,0.0170185,0.0312334,0.0302634,0,3413.48,295.179,SciCon|PAM,13236,21.602,0,0,magnetometer sbe41 contopt wlseaowl,66.12,13.25,110.205,12.58,0,1.5249e+09,9.03333,221.983,2.19728,408.13,3340.12,6381.32,9533.86,13142.5,13142.5,1473,1072,1070,1072,2629,0,2.85916,46.664,218.105,292.638,5820.14,0,0,408.151,,,,,,,,
2018/DATA-20180308/p6440370.nc,644,5,370,990,420,150,200,1,0,310,0,2000,200,2,0,120,0,0.123589,0.00147205,0.00833788,0.0259707,0.0335714,0.0316423,0,3669,441.315,SciCon|PAM,13332,21.408,0,0,magnetometer sbe41 contopt wlseaowl,66.12,13.24,110.503,12.67,0,1.52491e+09,12.7,222.75,3.62481,416.593,3291.34,6314.43,9438.05,13183.8,13183.8,1471,1066,1066,1066,2636,0,2.89064,46.653,229.29,292.638,5871.82,0,0,416.452,,,,,,,,
2018/DATA-20180308/p6440371.nc,644,5,371,990,420,150,200,1,0,310,0,2000,200,2,0,120,0,0.123965,0.00145328,0.00823145,0.0267131,0.0333797,0.0310036,0,3648.05,460.621,SciCon|PAM,13471,21.183,0,0,magnetometer sbe41 contopt wlseaowl,66.12,13.25,110.802,12.55,0,1.52492e+09,13.1333,224.933,2.53566,418.482,3186.68,6429.17,9432.37,13319.6,13319.6,1479,1070,1070,1070,2664,0,2.92825,46.621,221.838,292.638,5891.05,0,0,418.749,,,,,,,,
2018/DATA-20180308/p6440372.nc,644,5,372,990,420,150,200,1,0,310,0,2000,200,2,0,120,0,0.12392,0.00143708,0.00582131,0.0275846,0.0333579,0.030976,0,3645.67,465.872,SciCon|PAM,13314,21.093,0,0,magnetometer sbe41 contopt wlseaowl,66.12,13.24,111.1,12.57,0,1.52494e+09,13.25,222.333,1.4298,420.66,3100.84,6242.34,9235.54,13166.8,13166.8,1456,1052,1052,1052,2632,0,2.88358,46.589,221.539,292.883,5887.07,0,0,420.65,,,,,,,,
2018/DATA-20180308/p6440373.nc,644,5,373,990,420,150,200,1,0,310,0,2000,200,2,0,120,0,0.124938,0.00144218,0.00808793,0.0272387,0.0340516,0.0316621,0,3721.49,464.459,SciCon|PAM,13754,21.057,0,0,magnetometer sbe41 contopt wlseaowl,66.12,13.24,111.402,13.21,0,1.52495e+09,13.1,229.717,3.31804,427.989,3032.58,6265.36,9468.01,13607.2,13607.2,1513,1083,1083,1083,2721,0,2.97423,49.923,226.319,292.883,5934.49,0,0,427.9,,,,,,,,
2018/DATA-20180308/p6440374.nc,644,5,374,990,420,150,200,1,0,310,0,2000,200,2,0,120,0,0.127284,0.00145087,0.00610386,0.0275159,0.0345249,0.0322734,0,3773.21,464.028,SciCon|PAM,14130,20.634,0,0,magnetometer sbe41 contopt wlseaowl,66.12,13.2,111.708,12.62,0,1.52497e+09,13.2167,235.9,2.594,445.649,3152.73,6224.63,9267.94,13979.6,13979.6,1549,1081,1080,1081,2796,0,3.06519,50.014,231.138,292.638,6037.57,0,0,446.046,,,,,,,,
2018/DATA-20180308/p6440375.nc,644,5,375,990,420,150,200,1,0,310,0,2000,200,2,0,120,0,0.128475,0.00143008,0.00687554,0.0334134,0.0361232,0.0327087,0,3947.89,595.383,SciCon|PAM,14347,20.505,0,0,magnetometer sbe41 contopt wlseaowl,66.12,13.19,112.024,12.55,0,1.52498e+09,16.6333,239.55,2.35419,453.026,3270.15,6221.68,9324.67,14194.2,14194.2,1572,1092,1092,1092,2839,0,3.10988,49.957,234.122,292.638,6098.24,0,0,453.002,,,,,,,,
2018/DATA-20180308/p6440376.nc,644,5,376,990,420,150,200,1,0,310,0,2000,200,2,0,120,0,0.131015,0.00144704,0.00542696,0.0268317,0.0360001,0.0337586,0,3934.44,449.487,SciCon|PAM,15195,20.296,0,0,magnetometer sbe41 contopt wlseaowl,66.12,13.18,112.341,13.18,0,1.525e+09,13.3333,253.467,5.03609,472.255,3106.71,6410.18,9523.24,15038.3,15038.3,1655,1135,1134,1135,3008,0,3.29827,53.206,238.087,292.883,6209.5,0,0,472.15,,,,,,,,
2018/DATA-20180308/p6440377.nc,644,5,377,990,420,150,200,1,0,310,0,2000,200,2,0,120,0,0.129192,0.00143708,0.00995604,0.0291738,0.0352607,0.0328377,0,3853.63,498.4,SciCon|PAM,14299,20.546,0,0,magnetometer sbe41 contopt wlseaowl,66.12,13.18,112.653,12.5,0,1.52501e+09,13.95,238.567,3.32359,453.81,3178.2,6190.9,9333.51,14137.6,14137.6,1574,1092,1091,1092,2828,0,3.09668,49.976,235.576,292.883,6118.14,0,0,453.6,,,,,,,,
2018/DATA-20180308/p6440378.nc,644,5,378,990,420,150,200,1,0,310,0,2000,200,2,0,120,0,0.129162,0.00147863,0.00758902,0.0272802,0.0361374,0.034033,0,3949.45,461.083,SciCon|PAM,14926,20.469,0,0,magnetometer sbe41 contopt wlseaowl,66.12,13.19,112.968,12.51,0,1.52503e+09,13.3667,249.1,2.28576,453.203,3204.5,6377.31,9611.08,14768.6,14768.6,1626,1132,1131,1131,2955,0,3.20178,53.265,242.167,292.148,6118.14,0,0,453.195,,,,,,,,
2018/DATA-20180308/p6440379.nc,644,5,379,990,420,150,200,1,0,310,0,2000,200,2,0,120,0,0.129782,0.00143843,0.00527719,0.0278063,0.035988,0.0338893,0,3933.12,468.275,SciCon|PAM,14905,20.628,0,0,magnetometer sbe41 contopt wlseaowl,66.12,13.19,113.284,13.1,0,1.52505e+09,13.5167,248.067,3.81203,454.187,3249.22,6593.43,9747.35,14741.6,14741.6,1632,1140,1139,1140,2949,0,3.22391,53.298,239.821,292.883,6144.67,0,0,454.4,,,,,,,,
2018/DATA-20180308/p6440380.nc,644,5,380,990,420,150,200,1,0,310,0,2000,200,2,0,120,0,0.128226,0.00145223,0.00850724,0.0297619,0.0353542,0.0329059,0,3863.84,507.373,SciCon|PAM,14379,20.761,0,0,magnetometer sbe41 contopt wlseaowl,66.12,13.19,113.597,12.54,0,1.52506e+09,14.1333,239.467,2.04823,439.858,3163.02,6477.56,9598.49,14219,14219,1555,1113,1111,1113,2844,0,3.11817,49.952,235.314,292.883,6070.43,0,0,439.65,,,,,,,,
2018/DATA-20180308/p6440381.nc,644,5,381,990,420,150,200,1,0,310,0,2000,200,2,0,120,0,0.128266,0.00144183,0.00515991,0.0271901,0.0344863,0.0321688,0,3768.99,463.367,SciCon|PAM,14115,20.735,0,0,magnetometer sbe41 contopt wlseaowl,66.12,13.21,113.904,12.47,0,1.52508e+09,13.4,235.3,2.48462,446.659,3175.93,6328.55,9364.04,13955.5,13955.5,1537,1088,1081,1087,2792,0,3.06177,49.95,227.708,292.393,6080.95,0,0,446.903,,,,,,,,
2018/DATA-20180308/p6440382.nc,644,5,382,990,420,150,200,1,0,310,0,2000,200,2,0,120,0,0.126841,0.00146744,0.00741529,0.0268289,0.0354859,0.0335068,0,3878.24,455.257,SciCon|PAM,14564,20.761,0,0,magnetometer sbe41 contopt wlseaowl,66.12,13.22,114.214,12.53,0,1.52509e+09,13.0667,242.9,4.04037,438.942,3225.85,6460.01,9664.14,14406.8,14406.8,1594,1124,1122,1124,2882,0,3.17483,49.954,240.888,292.148,6012.22,0,0,439.099,,,,,,,,
2018/DATA-20180308/p6440383.nc,644,5,383,990,420,150,200,1,0,310,0,2000,200,2,0,120,0,0.123423,0.00145696,0.00637982,0.0278643,0.0344377,0.0319487,0,3763.68,477.524,SciCon|PAM,13850,21.357,0,0,magnetometer sbe41 contopt wlseaowl,66.12,13.21,114.518,12.59,0,1.52511e+09,13.6,230.683,1.89971,412.987,3157.71,6479.4,9780.72,13694.5,13694.5,1512,1108,1106,1108,2739,0,2.99523,49.983,226.489,291.902,5858.54,0,0,412.743,,,,,,,,
2018/DATA-20180308/p6440384.nc,644,5,384,990,420,150,200,1,0,310,0,2000,200,2,0,120,0,0.122385,0.00144653,0.00542937,0.029451,0.0334658,0.0310674,0,3657.46,529.072,SciCon|PAM,13324,21.682,0,0,magnetometer sbe41 contopt wlseaowl,66.12,13.26,114.818,12.56,0,1.52512e+09,15.5333,221.933,2.05721,401.38,3106.2,6350.46,9705.17,13167.5,13167.5,1458,1084,1084,1084,2634,0,2.87799,46.665,219.894,292.638,5820.19,0,0,401.148,,,,,,,,
2018/DATA-20180308/p6440385.nc,644,5,385,990,420,150,200,1,0,310,0,2000,200,2,0,120,0,0.120613,0.00144518,0.00590395,0.0277186,0.0311099,0.0289077,0,3399.98,479.705,SciCon|PAM,12322,21.848,0,0,magnetometer sbe41 contopt wlseaowl,66.12,13.26,115.105,12.53,0,1.52514e+09,13.4167,205.6,3.23477,386.908,2942.96,6100.86,9155.59,12166.6,12166.6,1352,1016,1015,1016,2435,0,2.66421,43.315,203.559,292.638,5743.64,0,0,385.848,,,,,,,,
2018/DATA-20180308/p6440386.nc,644,5,386,990,420,150,200,1,0,310,0,2000,200,2,0,120,0,0.121522,0.00145792,0.00618767,0.0252579,0.0312188,0.0294658,0,3411.89,426.68,SciCon|PAM,12559,21.741,0,0,magnetometer sbe41 contopt wlseaowl,66.12,13.25,115.393,12.62,0,1.52515e+09,12.3333,209.617,1.67697,391.951,3124.93,6280.02,9315.66,12415.5,12415.5,1382,1034,1032,1033,2484,0,2.70136,43.313,208.992,293.129,5783.61,0,0,390.593,,,,,,,,
2018/DATA-20180308/p6440387.nc,644,5,387,990,420,150,200,1,0,310,0,2000,200,2,0,120,0,0.179947,0,0.00569784,0.0267529,0.0284886,0.0269332,0,3113.51,459.89,SciCon|PAM,11084,21.548,0,0,magnetometer sbe41 contopt wlseaowl,66.12,13.26,115.719,12.49,0,1.52516e+09,13.0833,185.35,1.19704,388.459,2572.21,5325.58,7991.09,10937,10937,1210,896,890,896,2188,0,2.83992,39.985,183.336,430.249,8411.89,0,0,355.262,,,,,,,,
2018/DATA-20180308/p6440388.nc,644,5,388,990,420,150,200,1,0,310,0,2000,200,2,0,120,0,0.135008,0,0.00856634,0.0246321,0.0336532,0.0317752,0,3677.95,436.609,SciCon|PAM,13429,21.93,0,0,magnetometer sbe41 contopt wlseaowl,66.12,13.26,116.015,12.56,0,1.52517e+09,12.25,224.75,2.90616,388.171,3313.61,6347.19,9992.05,13298.4,13298.4,1484,1107,1106,1107,2660,0,2.92234,49.969,223.165,292.638,5724.37,58.871,91.0493,388.597,,,,,,,,
2018/DATA-20180308/p6440389.nc,644,5,389,990,420,150,200,1,0,310,0,2000,200,2,0,120,0,0.158842,0.00137402,0.0100441,0.0309293,0.0482952,0.0455712,0,5278.16,522.094,SciCon|PAM,20930,17.89,0,0,magnetometer sbe41 contopt wlseaowl,66.12,12.82,116.406,12.75,0,1.52519e+09,14.2,348.817,5.02559,650.562,2998.02,6349.76,9532.89,16064.9,20776,2227,1326,1326,1326,4155,0,4.58934,73.147,325.765,290.921,7333.66,0,0,648.083,,,,,,,,
2018/DATA-20180308/p6440390.nc,644,5,390,990,420,150,200,1,0,310,0,2000,200,2,0,120,0,0.186499,0.00137791,0.00929777,0.0398377,0.0606155,0.0569294,0,6624.64,665.534,SciCon|PAM,26814,16.471,0,0,magnetometer sbe41 contopt wlseaowl,66.12,12.55,116.875,12.56,0,1.52521e+09,17.9667,446.433,6.42364,806.448,2674.36,5998.62,9430.54,16132,26604.3,2787,1513,1512,1513,5321,0,5.94288,93.067,408.793,289.94,8395.86,0,0,809.307,,,,,,,,
2018/DATA-20180308/p6440391.nc,644,5,391,990,420,150,200,1,0,310,0,2000,200,2,0,120,0,0.377299,0,0.0137731,0.0507003,0.0719014,0.0677572,0,7858.08,893.209,SciCon|PAM,31718,15.684,0,0,magnetometer sbe41 contopt wlseaowl,66.12,12.35,117.495,12.34,0,1.52524e+09,25.05,527.65,5.92955,971.002,2597.88,5761.39,9424.77,15954.2,28863.6,3237,1676,1674,1676,6296,0,7.05221,106.364,484.274,288.959,9412.8,314.715,3697.31,971.426,,,,,,,,
2018/DATA-20180308/p6440392.nc,644,5,392,990,420,150,200,1,0,310,0,2000,200,1,0,120,0,0.316229,0,0.0140629,0.069417,0.0743454,0.0695883,0,8125.18,1168.18,SciCon|PAM,31640,15.986,3124,55,magnetometer sbe41 contopt wlseaowl,66.12,12.36,118.067,12.32,0,1.52527e+09,30.1167,525.85,1.67418,913.417,2990.83,6329.01,9926.57,16776.5,30746.5,3262,1706,1705,1706,6274,0,7.02825,106.322,491.732,289.449,9081.43,304.167,561.998,916.121,,,,,,,,
2018/DATA-20180308/p6440393.nc,644,5,393,990,420,150,200,1,0,310,0,2000,200,1,1,120,0,0.381079,0,0.00852317,0.0543931,0.0712804,0.0680548,0,7790.21,888.52,SciCon|PAM,31752,15.534,3778,55,magnetometer sbe41 contopt wlseaowl,66.12,12.28,118.691,11.95,0,1.5253e+09,24.6333,527.867,3.79313,988.374,2733.71,5787.86,9140.6,15368.4,28285.8,3251,1656,1656,1656,6298,0,7.02998,106.382,473.679,289.695,9531.61,314.224,3664.31,992.176,,,,,,,,
2018/DATA-20180308/p6440394.nc,644,5,394,990,420,150,200,1,0,310,0,2000,200,1,0,120,0,0.367188,0,0.0104124,0.0620701,0.0722913,0.068275,0,7900.69,1048.37,SciCon|PAM,31733,15.723,4419,55,magnetometer sbe41 contopt wlseaowl,66.12,12.33,119.316,12.4,0,1.52534e+09,28.5833,527.733,5.77959,952.101,3044.12,6325.72,9592.4,16310.9,29545.6,3258,1687,1686,1686,6293,0,7.02205,106.322,473.167,289.94,9366.7,313.979,3478.44,954.987,,,,,,,,
2018/DATA-20180308/p6440395.nc,644,5,395,990,400,250,200,1,0,310,0,2000,200,1,0,120,0,0.355853,0,0.0110032,0.0547206,0.0674869,0.0631471,0,7375.62,899.115,SciCon|PAM,27540,15.697,1095,55,magnetometer sbe41 contopt wlseaowl,66.12,12.33,119.979,12.3,0,1.52537e+09,24.8667,457.883,4.16733,996.165,2880.56,5353.76,7755.55,14027.7,24577.8,2859,1420,1420,1420,5426,0,7.55263,96.37,447.732,483.478,15550.6,0,0,996.277,,,,,,,,
2018/DATA-20180308/p6440396.nc,644,5,396,990,400,250,200,1,0,310,0,2000,200,1,0,120,0,0.35682,0,0.0106331,0.0461343,0.0661655,0.0628742,0,7231.2,758.319,SciCon|PAM,27892,15.913,0,0,magnetometer sbe41 contopt wlseaowl,66.12,12.31,120.632,12.18,0,1.5254e+09,20.7833,463.967,4.73682,996.519,2608.27,5359.83,8292.86,13627.5,24804.5,2885,1468,1468,1468,5499,0,7.77155,96.333,444.593,483.478,15454.9,0,0,996.484,,,,,,,,
2018/DATA-20180308/p6440397.nc,644,5,397,990,400,250,200,1,0,310,0,2000,200,1,0,120,0,0.351813,0,0.0113832,0.0643246,0.0700974,0.0644252,0,7660.92,1125.26,SciCon|PAM,28340,15.865,0,0,magnetometer sbe41 contopt wlseaowl,66.12,12.31,121.31,12.25,0,1.52543e+09,29.3,471.283,7.85587,995.841,2722.18,5436.78,8210.67,13397.7,25193,2927,1479,1479,1479,5594,0,7.80561,96.37,459.029,482.743,15387.1,0,0,996.19,,,,,,,,
2018/DATA-20180308/p6440398.nc,644,5,398,990,380,250,200,1,0,310,0,2000,200,1,0,120,0,0.353117,0,0.0090719,0.0539824,0.0639443,0.0594793,0,6988.45,915.673,SciCon|PAM,26963,15.707,0,0,magnetometer sbe41 contopt wlseaowl,66.12,12.3,121.956,12.24,0,1.52546e+09,24.9,448.15,3.50575,995.332,2600.41,5211.89,7851.89,13136.5,23948.9,2786,1408,1408,1408,5321,0,7.8315,92.982,421.555,483.478,15333.8,0,0,995.836,,,,,,,,
2018/DATA-20180308/p6440399.nc,644,5,399,990,380,250,200,1,0,310,0,2000,200,1,0,120,0,0.348442,0,0.0109984,0.0560607,0.0649987,0.0600141,0,7103.68,970.886,SciCon|PAM,26731,15.793,0,0,magnetometer sbe41 contopt wlseaowl,66.12,12.31,122.606,12.28,0,1.52549e+09,26.5,444.567,3.81805,996.204,2552.43,5163.98,7803.98,13244.4,23769.8,2771,1397,1396,1397,5269,0,7.47082,93.143,428.286,483.478,15297.8,0,0,996.444,,,,,,,,
2018/DATA-20180308/p6440400.nc,644,5,400,990,380,250,200,1,0,310,0,2000,200,1,0,120,0,0.353039,0,0.0126387,0.045134,0.0635952,0.0604921,0,6950.29,755.423,SciCon|PAM,27214,15.67,0,0,magnetometer sbe41 contopt wlseaowl,66.12,12.28,123.248,12.24,0,1.52552e+09,20.5,452.767,4.42429,997.086,2526.41,5168.6,7739.72,13124.6,24180.6,2812,1408,1408,1408,5358,0,7.93697,93.018,432.248,484.46,15388.7,0,0,997.083,,,,,,,,
2018/DATA-20180308/p6440401.nc,644,5,401,990,380,250,200,1,0,310,0,2000,200,1,0,120,0,0.352421,0,0.0125924,0.051898,0.0669864,0.0627288,0,7320.92,874.771,SciCon|PAM,27694,15.969,0,0,magnetometer sbe41 contopt wlseaowl,66.12,12.3,123.906,12.36,0,1.52554e+09,23.7333,461.067,2.20984,1001.24,2606.61,5267.48,8018.58,13480.3,24540.6,2862,1438,1438,1438,5424,0,7.69191,96.393,447.702,483.969,15382.3,0,0,998.795,,,,,,,,
2018/DATA-20180308/p6440402.nc,644,5,402,990,380,250,200,1,0,310,0,2000,200,1,0,120,0,0.490817,0,0.0110291,0.0503924,0.0629807,0.0607113,0,6883.14,833.07,SciCon|PAM,26642,15.815,0,0,magnetometer sbe41 contopt wlseaowl,66.12,12.28,124.618,11.97,0,1.52557e+09,22.0833,443.733,4.37694,997.837,2377.15,5211.57,7805.52,13018,23571,2724,1391,1387,1391,5236,0,7.75283,89.692,425.263,483.969,15339.4,219.049,3226.45,996.988,,,,,,,,
2018/DATA-20180308/p6440403.nc,644,5,403,990,380,250,200,1,0,310,0,2000,200,1,0,120,0,0.354481,0,0.0131205,0.0537977,0.0648042,0.0612109,0,7082.43,913.543,SciCon|PAM,27074,15.592,0,0,magnetometer sbe41 contopt wlseaowl,66.12,12.28,125.271,12.22,0,1.5256e+09,24.4167,450.183,4.24383,992.163,2471.1,5045.76,7669.09,13065.7,23946,2797,1405,1404,1405,5368,0,7.90566,93.092,440.24,483.724,15435.4,0,0,994.38,,,,,,,,
2018/DATA-20180308/p6440404.nc,644,5,404,990,380,250,200,1,0,310,0,2000,200,1,0,120,0,0.35404,0,0.0119487,0.0475434,0.0634738,0.0604253,0,6937.03,777.98,SciCon|PAM,26764,15.709,0,0,magnetometer sbe41 contopt wlseaowl,66.12,12.26,125.914,12.21,0,1.52563e+09,20.95,445.05,3.63758,997.229,2554.44,5147.33,7762.85,13096.6,23689.3,2765,1393,1388,1393,5265,0,7.58041,93.046,430.293,484.214,15386,0,0,996.74,,,,,,,,
2018/DATA-20180308/p6440405.nc,644,5,405,990,380,250,200,1,0,310,0,2000,200,1,0,120,0,0.353027,0,0.0112655,0.0482756,0.0617855,0.0593201,0,6752.51,800.602,SciCon|PAM,26151,38.728,0,0,magnetometer sbe41 contopt wlseaowl,66.12,12.31,126.717,11.95,0,1.52566e+09,21.4,435.5,5.97289,997.2,2483.83,4845.71,7298.17,12582.6,23275.7,2702,1343,351,351,3521,0,8.09928,89.706,423.442,483.969,15344,0,0,996.692,,,,,,,,
2018/DATA-20180308/p6440406.nc,644,5,406,990,380,250,200,1,0,310,0,2000,200,1,0,120,0,0.352191,0,0.012053,0.0436483,0.0620802,0.0600338,0,6784.72,715.074,SciCon|PAM,26573,39.025,0,0,magnetometer sbe41 contopt wlseaowl,66.12,12.31,127.523,12.38,0,1.52568e+09,19.2167,442.717,8.73629,996.371,2518.41,5159.77,7710.8,13003.2,23625.2,2750,1385,770,770,5237,0,7.80352,89.675,432.306,483.969,15334.2,0,0,996.544,,,,,,,,
2018/DATA-20180308/p6440407.nc,644,5,407,990,420,150,200,1,0,310,0,2000,200,1,0,120,0,0.41386,0,0.010881,0.0440027,0.0711827,0.0690992,0,7779.53,730.684,SciCon|PAM,31972,39.014,0,0,magnetometer sbe41 contopt wlseaowl,66.12,12.31,128.369,12.4,0,1.52571e+09,19.8,532.233,12.7796,989.226,2300.17,5390.17,8593.97,15373.8,28681.7,3256,1630,857,857,6351,0,7.18267,106.333,489.149,289.695,9395.39,313.979,4734.81,992.871,,,,,,,,
2018/DATA-20180308/p6440408.nc,644,5,408,990,420,150,200,1,0,310,0,2000,200,1,0,120,0,0.413725,0,0.00974966,0.0600405,0.072938,0.0691209,0,7971.37,1014.5,SciCon|PAM,31931,38.464,0,0,magnetometer sbe41 contopt wlseaowl,66.12,12.28,129.227,12.36,0,1.52575e+09,27.05,531.1,11.5046,988.607,2505.15,6021.49,9355.02,15963.1,28699.1,3254,1677,931,934,6337,0,7.12801,106.223,484.438,288.959,9407.54,314.224,4695.22,992.37,,,,,,,,
2018/DATA-20180308/p6440409.nc,644,5,409,990,420,150,200,1,0,310,0,2000,200,1,0,120,0,0.338697,0,0.0101734,0.0539459,0.065434,0.0616111,0,7151.26,890.796,SciCon|PAM,26045,45.333,0,0,magnetometer sbe41 contopt wlseaowl,66.12,12.5,130.071,12.56,0,1.52578e+09,23.6833,452.817,8.8531,992.371,2304.45,4619.06,7126.13,12155.3,23102.9,2799,1333,712,712,5159,0,7.27201,93.059,436.406,463.364,15153.2,0,0,948.491,,,,,,,,
2018/DATA-20180308/p6440410.nc,644,5,410,990,420,150,200,1,0,310,0,2000,200,1,0,120,0,0.338839,0,0.0230858,0.0506793,0.0678183,0.0642495,0,7411.83,863.7,SciCon|PAM,28075,43.933,0,0,magnetometer sbe41 contopt wlseaowl,66.12,12.47,130.901,12.55,0,1.52581e+09,23.0667,487.417,7.51116,992.197,2511.41,5185.23,7820.22,13504.8,25005.5,3021,1448,781,432,5572,0,7.46721,99.703,456.765,396.398,13020.9,59.6069,511.986,968.772,,,,,,,,
2018/DATA-20180308/p6440411.nc,644,5,411,990,420,150,200,1,0,310,0,2000,200,1,0,120,0,0.28925,0,0.0100846,0.0510842,0.0692878,0.0630439,0,7572.44,868.968,SciCon|PAM,11882,11.976,0,0,magnetometer sbe41 contopt wlseaowl,66.12,12.56,131.413,10.76,0,1.52584e+09,23.4333,492.033,4.39491,993.499,2609.36,5181.62,7773.11,13247.2,24620.1,3050,625,355,355,2330,0,2.07529,99.668,375.86,393.455,12974.8,0,0,938.067,,,,,,,,
2018/DATA-20180308/p6440412.nc,644,5,412,990,420,150,200,1,0,310,0,2000,200,1,0,120,0,0.288143,0,0.00744197,0.0268297,0.0633319,0.0615456,0,6921.52,453.561,SciCon|PAM,26653,43.487,0,0,magnetometer sbe41 contopt wlseaowl,66.12,12.47,132.173,12.43,0,1.52587e+09,12.9667,485.383,3.49169,996.714,2664.79,5254.79,7926.38,13343.9,24591.7,3016,1412,791,791,5306,0,7.01412,96.433,424.972,390.511,12939.5,0,0,949.453,,,,,,,,
2018/DATA-20180308/p6440413.nc,644,5,413,990,420,150,200,1,0,310,0,2000,200,1,0,120,0,0.275008,0,0.00920879,0.0417084,0.0695976,0.0657453,0,7606.29,694.273,SciCon|PAM,28203,42.884,0,0,magnetometer sbe41 contopt wlseaowl,66.12,12.47,132.961,12.51,0,1.5259e+09,19.1,509.4,3.60105,993.166,2634.06,5476.68,8298.81,14197.3,25620.8,3155,1485,830,830,5597,0,7.2481,103.04,458.796,368.68,12236,0,0,967.954,,,,,,,,
2018/DATA-20180308/p6440414.nc,644,5,414,990,420,150,200,1,0,310,0,2000,200,1,0,120,0,0.27266,0,0.00956167,0.0523441,0.0716837,0.0661126,0,7834.28,894.192,SciCon|PAM,28058,11.49,0,0,magnetometer sbe41 contopt wlseaowl,66.12,12.5,133.515,11.83,0,1.52593e+09,24.15,506.85,2.67712,992.464,2752.32,5534.01,8179.01,13820.8,25473,3146,1471,839,839,5565,0,7.10902,102.997,463.778,366.718,12174.4,0,0,969.269,,,,,,,,
2018/DATA-20180308/p6440415.nc,644,5,415,990,420,150,200,1,0,310,0,2000,200,1,0,120,0,0.275418,0,0.0103137,0.04395,0.071109,0.0671108,0,7771.48,724.042,SciCon|PAM,28825,11.287,0,0,magnetometer sbe41 contopt wlseaowl,66.12,12.45,134.063,12.34,0,1.52596e+09,19.7667,519.717,0.688042,991.106,2660.7,5547.24,8452.43,14352,26223.5,3214,1516,834,835,5719,0,7.26882,106.294,473.274,366.227,12192.1,0,0,958.84,,,,,,,,
2018/DATA-20180308/p6440416.nc,644,5,416,990,420,150,200,1,0,310,0,2000,200,1,0,120,0,0.286368,0,0.0111315,0.0498782,0.0706353,0.0659086,0,7719.7,853.468,SciCon|PAM,28374,11.388,0,0,magnetometer sbe41 contopt wlseaowl,66.12,12.51,134.619,12.62,0,1.526e+09,23.3167,511.883,0.194957,993.288,2688.12,5531.63,8236.69,14112.5,25771.2,3172,1485,836,836,5628,0,7.24984,103.055,464.045,357.396,11827.8,33.115,741.278,966.752,,,,,,,,
2018/DATA-20180308/p6440417.nc,644,5,417,990,420,150,200,1,0,310,0,2000,200,1,0,120,0,0.32389,0,0.0101526,0.0456809,0.0728856,0.0678363,0,7965.64,782.42,SciCon|PAM,26397,11.556,0,0,magnetometer sbe41 contopt wlseaowl,66.12,12.5,135.205,12.61,0,1.52603e+09,22.4,519.117,0.484102,993.278,2408.87,5143.44,7813.44,13143.5,25176,3198,1391,797,797,5233,0,7.14925,106.284,460.414,436.872,14151.1,0,0,902.581,,,,,,,,
2018/DATA-20180308/p6440418.nc,644,5,418,990,420,150,200,1,0,310,0,2000,200,1,0,120,0,0.313016,0,0.00836956,0.0505796,0.0729027,0.0670158,0,7967.51,901.075,SciCon|PAM,26335,11.23,0,0,magnetometer sbe41 contopt wlseaowl,66.12,12.47,135.781,11.76,0,1.52606e+09,24.9667,518.417,1.67271,992.069,2556.47,4988.37,7561.5,12698.4,24066.4,3201,1373,750,751,5223,0,6.91582,103.047,449.336,378.982,12491.9,42.6815,1079,951.594,,,,,,,,
2018/DATA-20180308/p6440419.nc,644,5,419,990,420,150,200,1,0,310,0,2000,200,1,0,120,0,0.29994,0,0.0114666,0.0413623,0.0731545,0.0690894,0,7995.02,681.586,SciCon|PAM,27308,11.728,0,0,magnetometer sbe41 contopt wlseaowl,66.12,12.48,136.35,11.78,0,1.52609e+09,18.8833,534.617,2.09325,992.109,2588.29,5552.93,8352.93,14009.9,25279.2,3304,1460,489,489,5005,0,7.23065,109.675,471.429,401.304,13191,0,0,937.414,,,,,,,,
2018/DATA-20180308/p6440420.nc,644,5,420,990,420,150,200,1,0,310,0,2000,200,1,0,120,0,0.280252,0,0.0110158,0.0471012,0.0739129,0.0689451,0,8077.91,802.425,SciCon|PAM,27546,11.449,0,0,magnetometer sbe41 contopt wlseaowl,66.12,12.49,136.901,12.48,0,1.52613e+09,22.6667,538.433,3.22416,992.547,2701.7,5485.43,8349.18,13957.7,25555.8,3333,1466,809,817,5464,0,6.9022,109.702,470.443,342.679,11219.7,39.738,1047.23,945.315,,,,,,,,
2018/DATA-20180308/p6440421.nc,644,5,421,990,420,150,200,1,0,310,0,2000,200,1,0,120,0,0.212407,0.00136307,0.0129696,0.0520979,0.0870357,0.0815542,0,9512.1,863.958,SciCon|PAM,33191,11.471,0,0,magnetometer sbe41 contopt wlseaowl,66.12,12.47,137.447,11.72,0,1.52616e+09,22.25,632.067,3.33466,989.632,3244.48,6528.33,9898.85,16624.9,30443.6,3930,1756,994,995,6593,0,7.23066,129.588,557.621,285.525,9477.8,0,0,973.85,,,,,,,,
2018/DATA-20180308/p6440422.nc,644,5,422,990,420,150,200,1,0,310,0,2000,200,1,0,120,0,0.214978,0.00139223,0.0147834,0.0725614,0.0915614,0.0847632,0,10006.7,1245.57,SciCon|PAM,33730,11.249,0,0,magnetometer sbe41 contopt wlseaowl,66.12,12.47,138.023,11.77,0,1.5262e+09,31.85,640.367,8.07377,990.89,3043.04,6257.18,9692.66,16682.5,30904.2,3964,1759,966,966,6693,0,7.36322,129.555,576.125,284.543,9504.99,0,0,976.174,,,,,,,,
2018/DATA-20180308/p6440423.nc,644,5,423,990,420,150,200,1,0,310,0,2000,200,1,0,120,0,0.213447,0.00137176,0.0127587,0.0534009,0.100808,0.0917475,0,11017.2,906.322,SciCon|PAM,32666,11.656,0,0,magnetometer sbe41 contopt wlseaowl,66.12,12.4,138.597,11.85,0,1.52624e+09,25.6667,702.65,9.77863,990.083,3440.79,6705.47,10020.3,16616.5,30107.1,4355,1745,1008,1008,6479,0,7.11984,142.679,603.653,284.789,9492.19,0,0,969.354,,,,,,,,
2018/DATA-20180308/p6440424.nc,644,5,424,990,420,150,200,1,0,310,0,2000,200,1,0,120,0,0.21441,0.00137744,0.0138793,0.0493743,0.0997204,0.090291,0,10898.4,815.403,SciCon|PAM,16277,11.467,0,0,magnetometer,66.12,12.36,139.113,10.84,0,1.52628e+09,22.4167,707.267,8.87771,989.623,3438.38,6668.89,9888.91,16506.7,30190.5,4382,0,0,0,0,0,,142.875,520.523,284.789,9521.56,0,0,969.254,,,,,,,,
2018/DATA-20180308/p6440425.nc,644,5,425,990,420,150,200,1,0,310,0,2000,200,1,0,120,0,0.214839,0.00141445,0.0148386,0.0145526,0.0940882,0.0900641,0,10282.9,254.462,SciCon|PAM,32813,11.682,0,0,magnetometer sbe41 contopt wlseaowl,66.12,12.38,139.641,11.97,0,1.52633e+09,7.85,709.05,5.10307,989.718,3218.16,6831.31,10276.8,17014.2,30183.2,4380,1775,1010,1010,6557,0,7.14525,142.815,596.753,285.279,9519.27,0,0,974.89,,,,,,,,
2018/DATA-20180308/p6440426.nc,644,5,426,990,420,150,200,1,0,310,0,2000,200,1,0,120,0,0.214611,0.00138659,0.0130366,0.0524638,0.0997151,0.0918456,0,10897.8,868.117,SciCon|PAM,33393,11.856,0,0,magnetometer sbe41 contopt wlseaowl,66.12,12.36,140.218,11.75,0,1.52637e+09,23.45,714.667,3.81336,989.519,3410.67,6956.4,10429.4,17154.9,30500.7,4426,1797,1060,1060,6626,0,7.20979,142.727,604.919,284.789,9551.89,0,0,975.937,,,,,,,,
2018/DATA-20180308/p6440427.nc,644,5,427,990,420,150,200,1,0,310,0,2000,200,1,0,120,0,0.213698,0.00139705,0.0119619,0.0512763,0.0945543,0.087423,0,10333.8,845.304,SciCon|PAM,31741,11.479,0,0,magnetometer sbe41 contopt wlseaowl,66.12,12.43,140.77,12.51,0,1.52641e+09,23.15,687.333,1.92294,989.213,3078.96,6234.41,9588.49,16558,30791.4,4247,1686,950,950,6295,0,6.86442,139.516,578.584,283.317,9477.17,0,0,942.33,,,,,,,,
2018/DATA-20180308/p6440428.nc,644,5,428,990,420,150,200,1,0,310,0,2000,200,1,0,120,0,0.215913,0.00139748,0.0119587,0.0478499,0.0991919,0.0914647,0,10840.6,783.719,SciCon|PAM,32946,11.661,0,0,magnetometer sbe41 contopt wlseaowl,66.12,12.37,141.338,11.88,0,1.52646e+09,21.8667,707.533,2.42444,989.412,3332.99,6613.11,10015.2,16842.6,30217.9,4377,1755,480,480,4123,0,8.02698,142.747,599.387,284.298,9558.71,0,0,972.016,,,,,,,,
2018/DATA-20180308/p6440429.nc,644,5,429,990,420,150,200,1,0,310,0,2000,200,1,0,120,0,0.216244,0.0013879,0.0130861,0.0576177,0.0985353,0.0899765,0,10768.9,991.434,SciCon|PAM,31797,11.344,0,0,magnetometer sbe41 contopt wlseaowl,66.12,12.43,141.907,12.52,0,1.5265e+09,26.7833,688.3,1.45023,991.902,3141.96,6222.2,9445.19,16213.2,29538.9,4247,1678,923,923,6307,0,6.91088,139.51,594.97,286.751,9561.2,0,0,962.365,,,,,,,,
2018/DATA-20180308/p6440430.nc,644,5,430,990,420,150,200,1,0,310,0,2000,200,1,0,120,0,0.21486,0.00138137,0.0115981,0.0599115,0.100723,0.0909929,0,11008,1040.33,SciCon|PAM,33100,11.203,0,0,magnetometer sbe41 contopt wlseaowl,66.12,12.37,142.484,11.62,0,1.52654e+09,28.45,710.367,0.864303,990.95,3123.68,6364.34,9586.14,16798.7,30706,4390,1732,947,947,6569,0,7.17152,142.765,599.62,285.525,9539.33,0,0,966.631,,,,,,,,
2018/DATA-20180308/p6440431.nc,644,5,431,990,420,150,200,1,0,310,0,2000,200,1,0,120,0,0.213676,0.00138305,0.0115879,0.0489583,0.0959119,0.0887166,0,10482.2,804.644,SciCon|PAM,32152,11.654,0,0,magnetometer sbe41 contopt wlseaowl,66.12,12.44,143.039,11.68,0,1.52659e+09,22.4,694.083,1.37226,989.154,3355.83,6635.83,9839.82,16669.2,33564.2,4299,1717,466,466,3806,0,7.91932,142.805,586.949,284.053,9368.63,0,0,933.828,,,,,,,,
2018/DATA-20180308/p6440432.nc,644,5,432,990,420,150,200,1,0,310,0,2000,200,1,0,120,0,0.215292,0.00137745,0.014215,0.0528154,0.10058,0.0925872,0,10992.4,872.215,SciCon|PAM,32859,11.565,0,0,magnetometer sbe41 contopt wlseaowl,66.12,12.39,143.613,11.84,0,1.52663e+09,23.5,706.483,2.57575,992.009,3250.95,6754.13,9806.31,16483.8,30339.2,4367,1740,1000,1000,6520,0,7.11977,142.923,616.936,286.996,9518.46,0,0,968.029,,,,,,,,
2018/DATA-20180308/p6440433.nc,644,5,433,990,380,250,200,1,0,310,0,2000,200,1,0,120,0,0.361833,0,0.01286,0.0529567,0.0645614,0.0614021,0,7055.9,867.027,SciCon|PAM,26906,11.07,0,0,magnetometer sbe41 contopt wlseaowl,66.12,12.12,144.238,12.12,0,1.52667e+09,23.6333,447.45,0.657303,995.489,2522.11,5132.53,7743.85,13228.3,23903.6,2780,1398,747,747,5308,0,7.7329,89.733,435.098,483.478,15550,0,0,996.091,,,,,,,,
2018/DATA-20180308/p6440434.nc,644,5,434,990,380,250,200,1,0,310,0,2000,200,1,0,120,0,0.362082,0,0.0116281,0.0447226,0.0636591,0.0613069,0,6957.28,739.341,SciCon|PAM,27083,11.124,0,0,magnetometer sbe41 contopt wlseaowl,66.12,12.12,144.854,12.18,0,1.5267e+09,19.9833,450.633,0.72545,993.962,2619.61,5210.85,7815.1,12820.9,24007.1,2806,1415,371,371,4951,0,7.80431,93.036,434.506,483.724,15516.6,0,0,994.975,,,,,,,,
2018/DATA-20180308/p6440435.nc,644,5,435,990,380,250,200,1,0,310,0,2000,200,1,0,120,0,0.35926,0,0.0108353,0.0457345,0.0635819,0.0599198,0,6948.84,758.331,SciCon|PAM,13331,11.797,0,0,magnetometer sbe41 contopt wlseaowl,66.12,12.11,145.429,10.75,0,1.52673e+09,20.4333,447.033,1.2001,995.281,2559.21,5169.97,8100.81,13585.8,23845.1,2779,711,418,418,2608,0,3.59365,93.102,363.741,483.969,15497,0,0,995.797,,,,,,,,
2018/DATA-20180308/p6440436.nc,644,5,436,990,380,250,200,1,0,310,0,2000,200,1,0,120,0,0.442116,0,0.0148231,0.0272702,0.0628305,0.0636588,0,6866.72,455.521,SciCon|PAM,27549,11.461,0,0,magnetometer sbe41 contopt wlseaowl,66.12,12.1,146.042,11.92,0,1.52676e+09,13.2833,460.117,0.384779,997.432,2561.19,5421.63,8115.11,13557.8,24641.2,2846,1446,813,813,5444,0,7.81063,96.38,448.994,483.478,15501.9,207.03,406.329,997.085,,,,,,,,
2018/DATA-20180308/p6440437.nc,644,5,437,990,380,250,200,1,0,310,0,2000,200,1,0,120,0,0.361101,0,0.011681,0.0521236,0.0664492,0.0631378,0,7262.21,888.904,SciCon|PAM,27566,11.243,0,0,magnetometer sbe41 contopt wlseaowl,66.12,12.09,146.671,11.7,0,1.52679e+09,24.1667,458.767,0.955366,996.321,2419.23,5059.83,7790.3,13371.5,24434.9,2838,1425,785,785,5436,0,7.80495,93.1,448.059,483.969,15437.1,0,0,996.208,,,,,,,,
2018/DATA-20180308/p6440438.nc,644,5,438,990,380,250,200,1,0,310,0,2000,200,1,0,120,0,0.363225,0,0.0126802,0.0458638,0.0660048,0.0639593,0,7213.64,758.433,SciCon|PAM,27821,11.414,0,0,magnetometer sbe41 contopt wlseaowl,66.12,12.07,147.299,12.14,0,1.52682e+09,20.6,463.567,0.502242,995.181,2537.38,5208.25,7921.82,13378.4,24701.4,2866,1443,816,818,5501,0,7.87011,96.419,455.289,483.478,15510,0,0,995.741,,,,,,,,
2018/DATA-20180308/p6440439.nc,644,5,439,990,380,250,200,1,0,310,0,2000,200,1,0,120,0,0.361934,0,0.0121264,0.054202,0.0671652,0.0633688,0,7340.46,926.667,SciCon|PAM,27550,11.05,0,0,magnetometer sbe41 contopt wlseaowl,66.12,12.07,147.931,11.91,0,1.52685e+09,24.8333,458.233,0.813137,996.39,2451.65,5073.24,7826.28,13304.7,24466.7,2849,1426,758,758,5430,0,7.73038,96.326,449.665,483.969,15500.1,0,0,996.352,,,,,,,,
2018/DATA-20180308/p6440440.nc,644,5,440,990,380,250,200,1,0,310,0,2000,200,1,0,120,0,0.364317,0,0.0135346,0.048994,0.0665597,0.063594,0,7274.28,829.948,SciCon|PAM,27473,11.414,0,0,magnetometer sbe41 contopt wlseaowl,66.12,12.07,148.561,11.75,0,1.52687e+09,22.9667,456.983,1.1539,997.065,2525.44,5087.22,7918.48,13452.7,24434.7,2841,1428,803,802,5411,0,7.61438,96.339,448.602,483.724,15501,0,0,996.639,,,,,,,,
2018/DATA-20180308/p6440441.nc,644,5,441,990,380,250,200,1,0,310,0,2000,200,1,0,120,0,0.363321,0,0.0114836,0.042449,0.0640927,0.0626111,0,7004.66,697.942,SciCon|PAM,27458,11.485,0,0,magnetometer sbe41 contopt wlseaowl,66.12,12.05,149.179,11.88,0,1.5269e+09,19.45,457.567,0.836043,998.125,2665.91,5288.55,7993.25,13605.3,24347.3,2843,1432,402,402,4941,0,7.77291,93.057,439.651,483.969,15446.3,0,0,997.138,,,,,,,,
2018/DATA-20180308/p6440442.nc,644,5,442,990,380,250,200,1,0,310,0,2000,200,1,0,120,0,0.359036,0,0.0132312,0.0457762,0.0648539,0.0610994,0,7087.85,759.259,SciCon|PAM,13752,12.228,0,0,magnetometer sbe41 contopt wlseaowl,66.12,12.06,149.759,12.12,0,1.52693e+09,20.4167,456.9,2.21328,995.577,2627.13,5607.5,8418.39,13809.2,24563.2,2843,748,461,461,2693,0,3.57735,93.018,374.501,483.233,15355.1,0,0,995.934,,,,,,,,
2018/DATA-20180308/p6440443.nc,644,5,443,990,380,250,200,1,0,310,0,2000,200,1,0,120,0,0.358706,0,0.0114281,0.0287125,0.0630988,0.0625659,0,6896.04,505.799,SciCon|PAM,27396,11.389,0,0,magnetometer sbe41 contopt wlseaowl,66.12,12.07,150.36,12.08,0,1.52696e+09,15.2,457.483,1.27967,996.678,2617.24,5247.93,8040.56,13431.1,24425.7,2851,1439,798,799,5419,0,7.53872,96.414,439.216,483.969,15389.5,0,0,996.596,,,,,,,,
2018/DATA-20180308/p6440444.nc,644,5,444,990,380,250,200,1,0,310,0,2000,200,1,0,120,0,0.365427,0,0.0117088,0.045431,0.0639476,0.0618686,0,6988.8,753.761,SciCon|PAM,27259,11.168,0,0,magnetometer sbe41 contopt wlseaowl,66.12,12.07,150.977,12.16,0,1.52699e+09,20.55,453.467,1.44831,996.727,2537.82,5041.04,7695.5,13405.5,24280.6,2815,1407,767,768,5371,0,7.78039,93.055,438.192,483.969,15442.6,0,0,996.541,,,,,,,,
2018/DATA-20180308/p6440445.nc,644,5,445,990,380,250,200,1,0,310,0,2000,200,1,0,120,0,0.363161,0,0.013507,0.0517449,0.0670111,0.0640927,0,7323.62,878.281,SciCon|PAM,28035,11.536,0,0,magnetometer sbe41 contopt wlseaowl,66.12,12.04,151.611,11.65,0,1.52702e+09,23.6667,466.333,3.49984,998.682,2622.87,5273.47,7953.75,13679.4,24970.5,2901,1447,813,814,5510,0,7.92617,96.344,453.104,482.988,15407,0,0,997.54,,,,,,,,
2018/DATA-20180308/p6440446.nc,644,5,446,990,380,250,200,1,0,310,0,2000,200,1,0,120,0,0.365423,0,0.0143426,0.0434512,0.0647186,0.063124,0,7073.07,716.269,SciCon|PAM,27450,11.462,0,0,magnetometer sbe41 contopt wlseaowl,66.12,12.04,152.233,12.07,0,1.52705e+09,19.95,456.533,1.28308,998.247,2682.37,5404.07,8094.72,13416.4,24389,2844,1438,804,806,5394,0,7.80501,93.007,449.563,483.233,15466.5,0,0,997.441,,,,,,,,
2018/DATA-20180308/p6440447.nc,644,5,447,990,380,250,200,1,0,310,0,2000,200,1,0,120,0,0.362238,0,0.0107679,0.0494511,0.0657813,0.0633264,0,7189.22,842.176,SciCon|PAM,28043,11.271,0,0,magnetometer sbe41 contopt wlseaowl,66.12,12.05,152.861,12.02,0,1.52708e+09,23.0833,466.75,3.32538,995.61,2612.99,5343.49,8145.14,13768,24988.5,2902,1464,802,802,5538,0,8.03232,93.125,446.872,483.724,15456.2,0,0,995.89,,,,,,,,
2018/DATA-20180308/p6440448.nc,644,5,448,990,380,250,200,1,0,310,0,2000,200,1,0,120,0,0.365946,0,0.0140132,0.0423411,0.065304,0.0640757,0,7137.05,704.601,SciCon|PAM,27732,11.593,0,0,magnetometer sbe41 contopt wlseaowl,66.12,12.05,153.487,11.61,0,1.5271e+09,19.5333,461.567,2.8195,993.944,2772.8,5496.82,8210.27,13869.7,24643.7,2871,1462,847,847,5501,0,7.68395,96.347,451.496,483.478,15552.1,0,0,994.986,,,,,,,,
2018/DATA-20180308/p6440449.nc,644,5,449,990,380,250,200,1,0,310,0,2000,200,1,0,120,0,0.362852,0,0.0130033,0.043045,0.0653654,0.0636407,0,7143.76,709.865,SciCon|PAM,27465,11.293,0,0,magnetometer sbe41 contopt wlseaowl,66.12,12.05,154.109,11.91,0,1.52713e+09,19.8,456.767,1.2524,997.971,2659.31,5351.28,8023.43,13449.8,24351.1,2840,1432,787,790,5400,0,7.63236,96.387,451.632,483.724,15482.1,0,0,997.234,,,,,,,,
2018/DATA-20180308/p6440450.nc,644,5,450,990,380,250,200,1,0,310,0,2000,200,1,0,120,0,0.362902,0,0.0124257,0.0439947,0.0659152,0.064023,0,7203.85,729.52,SciCon|PAM,27807,11.534,0,0,magnetometer sbe41 contopt wlseaowl,66.12,12.04,154.734,11.88,0,1.52716e+09,20.2167,462.683,2.49603,997.129,2729.87,5501.99,8244.63,13629.6,24778.3,2876,1461,830,830,5476,0,7.72181,96.411,455.833,483.478,15440,0,0,996.679,,,,,,,,
2018/DATA-20180308/p6440451.nc,644,5,451,990,380,250,200,1,0,310,0,2000,200,1,0,120,0,0.361303,0,0.0134243,0.0439442,0.0651278,0.0635399,0,7117.8,722.517,SciCon|PAM,27531,11.365,0,0,magnetometer sbe41 contopt wlseaowl,66.12,12.04,155.355,11.81,0,1.52719e+09,20.1667,457.967,2.46619,996.486,2670.61,5421.58,8122.53,13717.5,24387.4,2851,1445,806,806,5426,0,7.72406,96.42,447.249,484.214,15448.8,0,0,996.498,,,,,,,,
2018/DATA-20180308/p6440452.nc,644,5,452,990,380,250,200,1,0,310,0,2000,200,1,0,120,0,0.360584,0,0.0126688,0.042823,0.0649293,0.0636227,0,7096.1,706.515,SciCon|PAM,27851,11.22,0,0,magnetometer sbe41 contopt wlseaowl,66.12,12.07,155.974,11.77,0,1.52722e+09,19.8333,463.933,1.86829,995.575,2583.11,5225.94,8066.48,13381.9,24749.4,2873,1453,800,800,5501,0,7.9015,93.111,453.317,484.214,15409,0,0,996.088,,,,,,,,
2018/DATA-20180308/p6440453.nc,644,5,453,990,380,250,200,1,0,310,0,2000,200,1,0,120,0,0.360677,0,0.0125872,0.0496821,0.0667107,0.0641831,0,7290.79,842.961,SciCon|PAM,27684,11.511,0,0,magnetometer sbe41 contopt wlseaowl,66.12,12.06,156.604,12.08,0,1.52725e+09,23.5667,460.633,3.40865,995.873,2727.97,5422.72,8127.17,13578.9,24605.3,2859,1451,830,830,5461,0,7.78358,96.285,453.975,483.724,15383,0,0,995.986,,,,,,,,
2018/DATA-20180308/p6440454.nc,644,5,454,990,380,250,200,1,0,310,0,2000,200,1,0,120,0,0.363402,0,0.0117359,0.0439825,0.0635656,0.0606285,0,6947.06,723.833,SciCon|PAM,13253,11.842,0,0,magnetometer sbe41 contopt wlseaowl,66.12,12.04,157.18,10.78,0,1.52728e+09,19.9833,451.567,4.14431,994.138,2584.46,5234.93,7745.1,13070.1,24033.3,2809,704,416,417,2603,0,3.58913,93.075,367.327,482.988,15475.3,0,0,995.683,,,,,,,,
2018/DATA-20180308/p6440455.nc,644,5,455,990,380,250,200,1,0,310,0,2000,200,1,0,120,0,0.364116,0,0.0125914,0.0286103,0.0613861,0.0619169,0,6708.87,481.733,SciCon|PAM,27080,11.293,0,0,magnetometer sbe41 contopt wlseaowl,66.12,12.07,157.779,11.88,0,1.52731e+09,13.75,452.2,4.56064,994.387,2747.72,5410.44,8032.14,13536.3,24121,2820,1430,788,789,5385,0,7.7216,93.021,438.675,483.969,15442.4,0,0,995.278,,,,,,,,
2018/DATA-20180308/p6440456.nc,644,5,456,990,380,250,200,1,0,310,0,2000,200,1,0,120,0,0.362704,0,0.013137,0.0420639,0.0644963,0.0633832,0,7048.77,693.311,SciCon|PAM,27568,11.221,0,0,magnetometer sbe41 contopt wlseaowl,66.12,12.03,158.398,11.81,0,1.52733e+09,19.3333,458.7,5.62239,997.611,2747.6,5481.06,7980.98,13454.3,24490.6,2854,1435,775,775,5423,0,7.71738,93.11,446.734,482.743,15473.8,0,0,996.904,,,,,,,,
2018/DATA-20180308/p6440457.nc,644,5,457,990,380,250,200,1,0,310,0,2000,200,1,0,120,0,0.370931,0,0.0102351,0.0433635,0.0644199,0.06273,0,7040.43,730.523,SciCon|PAM,27318,11.173,0,0,magnetometer sbe41 contopt wlseaowl,66.12,12.02,159.019,11.65,0,1.52736e+09,20.1,454.4,3.21044,996.473,2667.75,5209.54,7801.28,13337.1,24233.4,2831,1417,762,762,5384,0,7.51334,96.318,433.389,485.931,15621.1,0,0,996.409,,,,,,,,
2018/DATA-20180308/p6440458.nc,644,5,458,990,380,250,200,1,0,310,0,2000,200,1,0,120,0,0.36399,0,0.0130185,0.0430107,0.0661993,0.0646123,0,7234.9,714.401,SciCon|PAM,27787,11.394,0,0,magnetometer sbe41 contopt wlseaowl,66.12,12.02,159.645,12.01,0,1.52739e+09,20.0333,462.333,3.11048,996.662,2689.82,5561.12,8286.44,13723.4,24731.5,2878,1465,811,811,5476,0,7.66452,96.286,456.682,482.988,15487.8,0,0,996.534,,,,,,,,
2018/DATA-20180308/p6440459.nc,644,5,459,990,380,250,200,1,0,310,0,2000,200,1,0,120,0,0.370647,0,0.0141504,0.0472602,0.0661547,0.0642115,0,7230.02,808.126,SciCon|PAM,27903,11.244,0,0,magnetometer sbe41 contopt wlseaowl,66.12,11.97,160.276,11.57,0,1.52742e+09,23.1833,468.217,6.07128,994.281,2710.96,5362.18,8094.14,13637.4,24768.1,2890,1459,794,798,5530,0,7.92588,96.295,452.749,482.743,15532.2,0,0,995.199,,,,,,,,
2018/DATA-20180308/p6440460.nc,644,5,460,990,420,150,200,1,0,310,0,2000,200,1,0,120,0,0.213543,0.0112914,0.0150637,0.0444096,0.0964848,0.0928474,0,10544.8,733.925,SciCon|PAM,33831,11.472,0,0,magnetometer sbe41 contopt wlseaowl,66.12,12.3,160.853,12.09,0,1.52745e+09,20.2667,726.2,10.5287,991.52,2925.45,6330.3,9775.44,16572.4,30253.8,4430,1771,1002,1013,6719,0,7.24781,142.908,606.019,284.298,9475.73,0,0,993.547,,,,,,,,
2018/DATA-20180308/p6440461.nc,644,5,461,990,420,150,200,1,0,310,0,2000,200,1,0,120,0,0.266681,0,0.0170922,0.000847696,0.0928959,0.091502,0,10152.6,0,SciCon|PAM,33124,11.654,0,0,magnetometer sbe41 contopt wlseaowl,66.12,12.38,161.489,11.48,0,1.5275e+09,3.95,715.05,10.097,989.253,3245.06,6708.76,10171.9,17002.1,30767.9,4413,1779,1013,1015,6623,0,7.16624,142.9,659.369,282.826,9347.14,146.196,251.222,971.819,,,,,,,,
2018/DATA-20180308/p6440462.nc,644,5,462,990,420,150,200,1,0,310,0,2000,200,1,0,120,0,0.210836,0.00134734,0.0123484,0.0551384,0.0984777,0.0909292,0,10762.6,901.45,SciCon|PAM,32705,11.587,0,0,magnetometer sbe41 contopt wlseaowl,66.12,12.34,162.058,11.56,0,1.52754e+09,24.6667,703.85,7.28774,988.665,3223.65,6538.13,10050.1,16635.1,29794.1,4334,1750,995,996,6486,0,6.96093,142.7,589.339,285.279,9403.37,0,0,982.307,,,,,,,,
2018/DATA-20180308/p6440463.nc,644,5,463,990,420,150,200,1,0,310,0,2000,200,1,0,120,0,0.261439,0,0.0116042,0.0665358,0.0954262,0.086293,0,10429.1,1151.08,SciCon|PAM,15092,12.796,0,0,magnetometer sbe41 contopt wlseaowl,66.12,12.47,162.577,10.15,0,1.52759e+09,30.6667,668.117,0.498873,993.722,3451.87,6804.78,10180.1,16993.7,33342.6,4140,868,538,538,2964,0,3.02171,136.132,491.73,285.77,9175.98,140.064,242.389,922.91,,,,,,,,
2018/DATA-20180308/p6440464.nc,644,5,464,990,420,150,200,1,0,310,0,2000,200,1,0,120,0,0.211548,0.00137483,0.0123626,0.0354025,0.0917394,0.085864,0,10026.2,596.957,SciCon|PAM,15194,12.857,0,0,magnetometer sbe41 contopt wlseaowl,66.12,12.45,163.061,12.22,0,1.52763e+09,16.4333,675.15,2.66011,992.68,3428.91,7108.95,10379.2,16790.9,29586.1,4191,871,561,561,3009,0,3.05416,139.507,487.431,286.996,9274.7,0,0,948.434,,,,,,,,
2018/DATA-20180308/p6440465.nc,644,5,465,990,420,150,200,1,0,310,0,2000,200,1,0,120,0,0.305391,0,0.0119927,0.0335797,0.0942839,0.0885821,0,10304.2,561.976,SciCon|PAM,16210,12.234,0,0,magnetometer sbe41 contopt wlseaowl,66.12,12.45,163.595,12.53,0,1.52767e+09,15.8167,693.067,3.86104,992.125,3314.45,6486.03,9587.35,16374.6,29464.4,4279,886,544,544,3212,0,3.07992,139.516,504.081,280.373,9307.08,135.894,2039.31,971.983,,,,,,,,
2018/DATA-20180308/p6440466.nc,644,5,466,990,420,150,200,1,0,310,0,2000,200,1,0,120,0,0.213916,0.00137315,0.0145662,0.0340861,0.0971373,0.0907642,0,10616.1,567.391,SciCon|PAM,16181,12.231,0,0,magnetometer sbe41 contopt wlseaowl,66.12,12.39,164.093,10.39,0,1.52771e+09,16.0667,719.183,3.12094,991.581,3447.26,7008.5,10390,17405,31338.1,4450,894,540,540,3204,0,3.22236,146.238,518.826,284.543,9402.24,0,0,956.925,,,,,,,,
2018/DATA-20180308/p6440467.nc,644,5,467,990,420,150,200,1,0,310,0,2000,200,1,0,120,0,0.213797,0.00136884,0.013627,0.0332317,0.0941548,0.0882128,0,10290.1,559.041,SciCon|PAM,15880,11.994,0,0,magnetometer sbe41 contopt wlseaowl,66.12,12.39,164.584,12.36,0,1.52776e+09,15.9833,690.967,3.51177,988.934,3351.26,6715.56,9818.08,16554.9,30032.7,4279,882,510,510,3144,0,3.19552,139.491,506.331,283.562,9509.03,0,0,956.39,,,,,,,,
2018/DATA-20180308/p6440468.nc,644,5,468,990,420,150,200,1,0,310,0,2000,200,1,0,120,0,0.213865,0.00136194,0.0134622,0.0330725,0.0950029,0.0893529,0,10382.8,544.87,SciCon|PAM,16153,12.186,0,0,magnetometer sbe41 contopt wlseaowl,66.12,12.37,165.077,12.31,0,1.5278e+09,15.6833,705.25,0.0776571,989.58,3511.07,6601.98,10354,17328.9,31664.4,4384,918,537,537,3199,0,3.26684,142.82,515.69,284.053,9413.08,0,0,945.207,,,,,,,,
2018/DATA-20180308/p6440469.nc,644,5,469,990,420,150,200,1,0,310,0,2000,200,1,0,120,0,0.233905,0,0.013338,0.033251,0.0963655,0.089909,0,10531.8,553.32,SciCon|PAM,17044,12.139,0,0,magnetometer sbe41 contopt wlseaowl,66.12,12.35,165.577,10.46,0,1.52784e+09,15.8667,708.733,3.14978,989.47,3265.95,6636.06,9827.05,16390.7,30097.6,4376,937,568,568,3378,0,2.97563,142.746,514.002,285.279,9455.72,50.531,76.7096,972.327,,,,,,,,
2018/DATA-20180308/p6440470.nc,644,5,470,990,420,150,200,1,0,310,0,2000,200,1,0,120,0,0.209553,0.00136353,0.012829,0.034719,0.0882902,0.0830867,0,9649.2,568.859,SciCon|PAM,14064,13.567,0,0,magnetometer sbe41 contopt wlseaowl,66.12,12.4,166.048,10.28,0,1.52788e+09,16.3,654.667,2.41361,996.084,3373.72,6586.19,10156.2,17528.3,32939.6,4072,843,555,565,2781,0,2.88361,136.131,473.564,285.525,9112.43,0,0,903.508,,,,,,,,
2018/DATA-20180308/p6440471.nc,644,5,471,990,420,150,200,1,0,310,0,2000,200,1,0,120,0,0.211948,0.00137966,0.01344,0.0347895,0.0909105,0.0859832,0,9935.57,581.096,SciCon|PAM,14450,13.144,0,0,magnetometer sbe41 contopt wlseaowl,66.12,12.39,166.527,10.34,0,1.52793e+09,16.0667,680.833,4.31823,993.307,3300.32,6680.74,10231.5,17233.9,35392,4200,855,545,546,2861,0,2.95306,139.491,490.278,286.015,9166.99,0,0,904.594,,,,,,,,
2018/DATA-20180308/p6440472.nc,644,5,472,990,420,150,200,1,0,310,0,2000,200,1,0,120,0,0.397868,0,0.0114913,0.0321499,0.0685801,0.0676013,0,7495.1,535.054,SciCon|PAM,16067,11.321,0,0,magnetometer sbe41 contopt wlseaowl,66.12,12.05,167.051,12.14,0,1.52797e+09,15.25,530.85,2.85377,924.55,2467.6,5862.28,9215.26,16243.6,30682.3,3248,836,471,471,3184,0,3.10995,106.259,398.345,288.713,9080.7,302.45,4376.31,927.88,,,,,,,,
2018/DATA-20180308/p6440473.nc,644,5,473,990,420,150,200,1,0,310,0,2000,200,1,0,120,0,0.400842,0,0.0118514,0.0361426,0.0693588,0.0689269,0,7580.19,607.282,SciCon|PAM,16169,11.463,0,0,magnetometer sbe41 contopt wlseaowl,66.12,12.02,167.586,10.52,0,1.528e+09,16.8833,532.933,2.42008,920.96,2517.95,5931.26,9407.71,16235.6,30878.5,3270,854,481,481,3204,0,3.08862,106.337,401.825,288.959,9135.35,302.205,4504.46,924.376,,,,,,,,
2018/DATA-20180308/p6440474.nc,644,5,474,990,410,150,200,1,0,310,0,2000,200,1,0,120,0,0.421515,0,0.0109725,0.038009,0.0691559,0.06826,0,7558.02,632.198,SciCon|PAM,16453,10.984,0,0,magnetometer,66.12,11.93,168.134,12.04,0,1.52803e+09,17.3833,533.8,1.836,989.916,2407.54,5740.45,8805.51,15532.5,28662.3,3268,0,0,0,0,0,,106.273,395.49,288.468,9513.34,302.205,4624.47,993.04,,,,,,,,
2018/DATA-20180308/p6440475.nc,644,5,475,990,410,150,200,1,0,310,0,2000,200,1,0,120,0,0.417028,0,0.00937611,0.0182585,0.0678476,0.0689655,0,7415.04,314.315,SciCon|PAM,17220,11.167,0,0,magnetometer sbe41 contopt wlseaowl,66.12,11.9,168.659,10.59,0,1.52807e+09,9.13333,560.25,2.17469,989.114,2849.02,6171.89,9745.98,16468.5,30350.4,3438,909,479,480,3437,0,3.05962,112.977,401.268,288.959,9476.97,302.205,4402.23,992.678,,,,,,,,
2018/DATA-20180308/p6440476.nc,644,5,476,990,410,150,200,1,0,310,0,2000,200,1,0,120,0,0.420993,0,0.0123243,0.0382917,0.0723158,0.071662,0,7903.36,632.281,SciCon|PAM,17647,11.273,0,0,magnetometer sbe41 contopt wlseaowl,66.12,11.89,169.217,11.98,0,1.5281e+09,17.6333,562.033,3.75415,990.007,2453.11,5856.39,9401.59,16341.7,30358.9,3438,911,510,510,3498,0,2.96266,112.941,421.298,288.713,9478.7,303.676,4525.42,992.937,,,,,,,,
2018/DATA-20180308/p6440477.nc,644,5,477,990,410,150,200,1,0,310,0,2000,200,1,0,120,0,0.40531,0,0.0109849,0.0397112,0.0722564,0.0714928,0,7896.87,658.092,SciCon|PAM,17313,11.127,0,0,magnetometer sbe41 contopt wlseaowl,66.12,11.89,169.763,10.39,0,1.52813e+09,18.0833,559.983,4.22196,989.582,2878.08,6262.76,9648.3,16284.9,30181,3433,913,476,476,3430,0,3.11777,112.98,419.979,288.959,9480.8,302.205,4044.95,992.835,,,,,,,,
2018/DATA-20180308/p6440478.nc,644,5,478,990,410,150,200,1,0,310,0,2000,200,1,0,120,0,0.308726,0,0.00875477,0.0377124,0.0621576,0.0605487,0,6793.18,623.102,SciCon|PAM,12433,12.979,0,0,magnetometer sbe41 contopt wlseaowl,66.12,12,170.267,11.99,0,1.52817e+09,17.4833,469.817,4.47838,951.647,2571.35,5144.58,7837.97,13052.1,26138.5,2916,625,472,472,2454,0,1.88214,96.425,346.376,422.645,12958.5,0,0,858.132,,,,,,,,
2018/DATA-20180308/p6440479.nc,644,5,479,990,410,150,200,1,0,310,0,2000,200,1,0,120,0,0.272767,0,0.00842577,0.0312488,0.0457432,0.0436956,0,4999.25,554.01,SciCon|PAM,8032,15.057,0,0,magnetometer sbe41 contopt wlseaowl,66.12,12.31,170.694,11.86,0,1.5282e+09,16.1667,326.45,3.21253,762.374,2341.43,4885.07,7475.09,12557.8,19394.6,2052,469,389,389,1579,0,1.26105,66.429,243.691,447.665,12036.5,0,0,759.854,,,,,,,,
2018/DATA-20180308/p6440480.nc,644,5,480,990,410,150,200,1,0,310,0,2000,200,1,0,120,0,0.232526,0,0.00743407,0.0230987,0.0501381,0.049356,0,5479.58,421.436,SciCon|PAM,11972,15.513,0,0,magnetometer sbe41 contopt wlseaowl,66.12,12.55,171.072,12.53,0,1.52822e+09,13.1167,377.3,2.346,685.06,3088.12,5981.33,9162.62,15971.6,22447.8,2376,726,611,611,2373,0,2.04165,76.487,291.379,291.902,7407.49,137.12,1781.73,686.606,,,,,,,,
2018/DATA-20180308/p6440481.nc,644,5,481,990,410,150,200,1,0,310,0,2000,200,1,0,120,0,0.225103,0,0.0062942,0.0258079,0.0383905,0.0375963,0,4195.69,432.595,SciCon|PAM,7088,16.083,0,0,magnetometer sbe41 contopt wlseaowl,66.12,12.81,171.432,12.49,0,1.52824e+09,12.8833,267.667,3.34562,590.288,2433.93,4977.88,7529.06,12459.1,15878.9,1699,440,374,374,1388,0,1.23355,56.572,212.575,445.212,10328.5,0,0,562.18,,,,,,,,
2018/DATA-20180308/p6440482.nc,644,5,482,990,410,150,200,1,0,310,0,2000,200,1,0,120,0,0.181329,0,0.00538329,0.0201882,0.0288568,0.0287735,0,3153.75,346.737,SciCon|PAM,5572,18.389,0,0,magnetometer sbe41 contopt wlseaowl,66.12,13.1,171.721,10.88,0,1.52826e+09,10.4333,195.483,1.9533,436.583,2483.89,4967.53,7573.34,11539.3,11539.3,1269,399,362,362,1093,0,1.05961,40.009,163.612,426.324,8473.74,0,0,418.97,,,,,,,,
2018/DATA-20180308/p6440483.nc,644,5,483,990,410,150,200,1,0,310,0,2000,200,1,0,120,0,0.117821,0.00143081,0.0050291,0.0175738,0.0303397,0.0299162,0,3315.82,312.261,SciCon|PAM,7221,21.614,0,0,magnetometer sbe41 contopt wlseaowl,66.12,13.21,171.964,10.89,0,1.52827e+09,9.5,214.55,2.72385,383.297,3365.36,6605.54,9826.09,12663.6,12663.6,1431,611,582,582,1423,0,1.25912,46.611,178.587,292.638,5562.88,0,0,382.544,,,,,,,,
2018/DATA-20180308/p6440484.nc,644,5,484,990,410,150,200,1,0,310,0,2000,200,1,1,120,0,0.118176,0.00142422,0.00506273,0.0222025,0.0341509,0.0358145,0,3732.34,391.322,SciCon|PAM,12708,21.656,0,0,magnetometer sbe41 contopt wlseaowl,66.12,13.14,172.256,13.15,0,1.52829e+09,11.3333,213.633,2.84609,383.019,3339.76,6747.94,9860.85,12602.4,12602.4,1413,1077,1026,1026,2521,0,2.6601,46.636,429.01,292.883,5574.18,0,0,383.15,,,,,,,,
2018/DATA-20180308/p6440485.nc,644,5,485,990,410,150,200,1,0,310,0,2000,200,1,1,120,0,0.119601,0.00143438,0.00814537,0.0529279,0.0386401,0.0399095,0,4222.96,877.723,SciCon|PAM,13356,20.033,2854,55,magnetometer sbe41 contopt wlseaowl,66.12,13.23,172.588,13.08,0,1.5283e+09,22.3,224.283,2.02962,396.666,3442.48,6674.15,9933.29,13191.1,13191.1,1482,476,1046,1046,2640,0,1.33927,46.613,464.552,292.393,5652.51,0,0,396.456,,,,,,,,
2018/DATA-20180308/p6440486.nc,644,5,486,990,410,150,200,1,0,310,0,2000,200,1,1,120,0,0.154833,0,0.00599481,0.0900249,0.0420649,0.0373728,0,4597.26,1532.31,SciCon|PAM,13510,20.905,4733,55,magnetometer sbe41 contopt wlseaowl,66.12,13.15,172.965,13.19,0,1.52831e+09,36.0167,226.167,1.94288,400.008,3271.38,6519.53,9917.85,13352.9,13352.9,1481,1105,1047,1047,2671,0,2.86011,46.577,240.405,292.393,5653,139.328,259.282,399.787,,,,,,,,
2018/DATA-20180308/p6440487.nc,644,5,487,990,410,150,200,1,0,310,0,2000,200,1,1,120,0,0.156438,0,0.00487326,0.0430901,0.0358504,0.03292,0,3918.08,715.021,SciCon|PAM,7477,20.946,3754,55,magnetometer sbe41 contopt wlseaowl,66.12,13.14,173.249,10.81,0,1.52833e+09,20.2667,224.067,2.32138,404.076,3280.41,6593.35,9847.58,13246.7,13246.7,1468,611,581,581,1462,0,1.33042,46.565,190.874,292.883,5697.21,140.555,243.886,404.147,,,,,,,,
2018/DATA-20180308/p6440488.nc,644,5,488,990,410,150,200,1,0,310,0,2000,200,1,1,120,0,0.158274,0,0.00569076,0.0341069,0.0371162,0.0355718,0,4056.41,578.156,SciCon|PAM,8237,20.083,3739,55,magnetometer sbe41 contopt wlseaowl,66.12,13.14,173.534,13.07,0,1.52834e+09,15.7667,249.633,1.51698,424.185,3211.37,6746.36,10210.3,14771.8,14771.8,1608,647,603,603,1625,0,1.48829,53.301,206.798,292.883,5787.88,133.932,288.411,424.247,,,,,,,,
2018/DATA-20180308/p6440489.nc,644,5,489,990,410,150,200,1,0,310,0,2000,200,1,0,120,0,0.158094,0,0.00624601,0.0370998,0.0411272,0.0423874,0,4494.78,619.398,SciCon|PAM,15016,19.963,3550,55,magnetometer sbe41 contopt wlseaowl,66.12,13.12,173.869,12.75,0,1.52836e+09,17.2,251.867,1.87575,432.33,3447.86,6709,10227.6,14906.9,14906.9,1641,1178,1096,1097,2982,0,3.16627,53.25,502.753,292.638,5807.72,136.63,206.825,432.195,,,,,,,,
2018/DATA-20180308/p6440490.nc,644,5,490,990,410,150,200,1,0,310,0,2000,200,1,0,120,0,0.123935,0.00139879,0.00542354,0.031184,0.0405482,0.0413599,0,4431.5,527.646,SciCon|PAM,14992,19.985,3679,55,magnetometer sbe41 contopt wlseaowl,66.12,13.14,174.192,12.77,0,1.52838e+09,16.05,250.917,2.06468,436.457,3334.27,6711.79,10194.4,14825,14825,1638,1173,1091,1092,2966,0,3.1524,53.29,496.142,292.393,5822.17,0,0,436.4,,,,,,,,
2018/DATA-20180308/p6440491.nc,644,5,491,990,410,150,200,1,0,310,0,2000,200,1,0,120,0,0.123766,0.00140577,0.00557609,0.0320002,0.0403053,0.0403236,0,4404.95,546.156,SciCon|PAM,14405,19.974,3434,55,magnetometer sbe41 contopt wlseaowl,66.12,13.16,174.513,12.78,0,1.52839e+09,16.5667,241.283,1.3085,437.84,3311.95,6575.86,9751.94,14236.1,14236.1,1574,1124,1048,1048,2848,0,3.01986,49.914,483.624,293.129,5825.85,0,0,438.099,,,,,,,,
2018/DATA-20180308/p6440492.nc,644,5,492,990,410,150,200,1,0,310,0,2000,200,1,1,120,0,0.160643,0,0.00618021,0.0447059,0.0444814,0.0420987,0,4861.36,929.147,SciCon|PAM,14855,19.699,4216,55,magnetometer sbe41 contopt wlseaowl,66.12,13.16,174.858,12.73,0,1.52841e+09,28.2167,248.283,2.04101,443.985,3276.36,6638.9,9818.76,14687.7,14687.7,1609,1142,1060,1060,2940,0,3.1506,53.252,499.229,292.148,5839.28,145.951,239.095,444.105,,,,,,,,
2018/DATA-20180308/p6440493.nc,644,5,493,990,410,150,200,1,0,310,0,2000,200,1,1,120,0,0.123941,0.00134862,0.00704304,0.0445319,0.0432801,0.0432014,0,4730.06,744.206,SciCon|PAM,14910,19.785,3782,55,magnetometer,66.12,13.16,175.199,12.7,0,1.52842e+09,20.85,249.35,2.28332,443.707,3317.49,6581.24,9920.85,14739.1,14739.1,1627,0,0,0,0,0,,53.253,511.946,292.883,5840,0,0,443.543,,,,,,,,
2018/DATA-20180308/p6440494.nc,644,5,494,990,410,150,451.345,1,0,310,0,2000,200,1,0,120,0,0.163929,0.00384094,0.00690017,0.277571,0.0651466,0.0651056,0,7119.85,4624.39,SciCon|PAM,15468,19.399,7966,55,magnetometer sbe41 contopt wlseaowl,66.12,13.15,175.827,12.71,0,1.52844e+09,90.95,258.533,1.52441,454.754,3285.98,6482.68,9996.59,15296.1,15296.1,1662,1174,1082,1082,3060,0,3.27056,53.193,540.561,292.148,5873.96,154.291,257.176,454.602,,,,,,,,
2018/DATA-20180308/p6440495.nc,644,5,495,990,410,150,200,1,0,310,0,2000,200,1,0,120,0,0.124395,0.00132174,0.00566325,0.0987661,0.0502241,0.0458882,0,5488.98,1650.48,SciCon|PAM,15175,19.281,4787,55,magnetometer sbe41 contopt wlseaowl,66.12,13.16,176.231,12.72,0,1.52846e+09,37.9667,253.133,2.45263,455.103,3309.46,6481.34,9696.93,15003.8,15003.8,1650,1146,1054,1054,3001,0,3.18883,53.216,515.257,292.638,5860.93,0,0,455.252,,,,,,,,
2018/DATA-20180308/p6440496.nc,644,5,496,990,410,150,200,1,0,310,0,2000,200,1,0,120,0,0.125213,0.00138529,0.00642568,0.0304101,0.041726,0.0426179,0,4560.22,519.027,SciCon|PAM,15372,19.556,3558,55,magnetometer sbe41 contopt wlseaowl,66.12,13.13,176.558,12.76,0,1.52848e+09,16.15,257.267,1.52163,457.082,3480.64,6754.29,10043.3,15199.5,15199.5,1675,1175,1087,1088,3041,0,3.21331,53.224,513.162,292.638,5894.4,0,0,456.894,,,,,,,,
2018/DATA-20180308/p6440497.nc,644,5,497,990,410,150,200,1,0,310,0,2000,200,1,0,120,0,0.125086,0.0014005,0.00681738,0.0339898,0.0417609,0.041752,0,4564.03,582.71,SciCon|PAM,15296,19.464,3517,55,magnetometer sbe41 contopt wlseaowl,66.12,13.14,176.888,12.66,0,1.5285e+09,17.2,255.15,2.14355,456.346,3364.59,6606.05,9881.44,15118.1,15118.1,1671,1161,1073,1073,3025,0,3.21398,53.245,504.13,292.883,5888.36,0,0,456.247,,,,,,,,
2018/DATA-20180308/p6440498.nc,644,5,498,990,410,150,200,1,0,310,0,2000,200,1,0,120,0,0.159744,0,0.00694634,0.0334886,0.0413476,0.0417959,0,4518.86,569.502,SciCon|PAM,15138,19.568,3628,55,magnetometer sbe41 contopt wlseaowl,66.12,13.12,177.219,13,0,1.52851e+09,17.1,252.933,2.94793,450.172,3340.98,6580.43,9956.37,14963.3,14963.3,1643,1161,1074,1074,2994,0,3.19173,53.221,499.367,292.638,5852.26,139.083,262.892,450.749,,,,,,,,
2018/DATA-20180308/p6440499.nc,644,5,499,990,410,150,200,1,0,310,0,2000,200,1,0,120,0,0.159118,0,0.00553478,0.0296135,0.0404221,0.0412469,0,4417.71,500.234,SciCon|PAM,14757,19.651,3517,55,magnetometer sbe41 contopt wlseaowl,66.12,13.15,177.541,12.74,0,1.52853e+09,15.8333,246.583,2.10558,449.208,3218,6431.54,9683.52,14586.6,14586.6,1607,1130,1046,1048,2918,0,3.11089,53.276,489.15,291.412,5794.09,145.461,262.806,449.45,,,,,,,,
2018/DATA-20180308/p6440500.nc,644,5,500,990,410,150,200,1,0,310,0,2000,200,1,0,120,0,0.160568,0,0.00578912,0.0289689,0.0406334,0.0418947,0,4440.81,490.826,SciCon|PAM,14926,19.779,3582,55,magnetometer sbe41 contopt wlseaowl,66.12,13.11,177.866,12.72,0,1.52854e+09,15.7,249.35,2.9974,445.42,3423.13,6709.65,9952.09,14758.5,14758.5,1627,1153,1063,1070,2952,0,3.12924,53.237,497.17,292.393,5820.56,145.706,264.034,445.65,,,,,,,,
2018/DATA-20180308/p6440501.nc,644,5,501,990,410,150,200,1,0,310,0,2000,200,1,0,120,0,0.15823,0,0.00507135,0.0306136,0.0392409,0.0405838,0,4288.62,517.464,SciCon|PAM,14520,20.068,3491,55,magnetometer sbe41 contopt wlseaowl,66.12,13.1,178.187,13.01,0,1.52856e+09,16.0333,242.55,3.37844,435.437,3347.22,6659.9,9904.86,14344.2,14344.2,1581,1137,1059,1060,2871,0,3.05441,49.981,482.619,292.148,5768.72,142.272,276.848,435.537,,,,,,,,
2018/DATA-20180308/p6440502.nc,644,5,502,990,410,150,200,1,0,310,0,2000,200,1,0,120,0,0.164573,0,0.00725226,0.0309039,0.0395524,0.0401575,0,4322.67,529.423,SciCon|PAM,14182,20.428,3406,55,magnetometer sbe41 contopt wlseaowl,66.12,13.11,178.508,12.78,0,1.52857e+09,16.2167,236.817,2.15495,420.272,3462.5,6626.84,10032,14015.4,14015.4,1554,1134,1066,1067,2804,0,2.96456,49.968,476.958,292.638,5701.61,177.349,322.394,419.798,,,,,,,,
2018/DATA-20180308/p6440503.nc,644,5,503,990,410,150,200,1,0,310,0,2000,200,1,0,120,0,0.158602,0,0.00477274,0.0293974,0.0389795,0.0399531,0,4260.06,500.033,SciCon|PAM,14271,20.419,3488,55,magnetometer sbe41 contopt wlseaowl,66.12,13.11,178.825,12.71,0,1.52859e+09,15.5833,238.5,2.93601,419.228,3300.76,6622.66,10035.4,14105.3,14105.3,1559,1138,1069,1070,2821,0,3.00395,49.931,474.37,292.638,5707.98,151.102,273.787,419.148,,,,,,,,
2018/DATA-20180308/p6440504.nc,644,5,504,990,410,150,200,1,0,310,0,2000,200,1,0,120,0,0.155338,0,0.0068157,0.0304443,0.0385043,0.0393704,0,4208.12,523.838,SciCon|PAM,13969,20.548,3532,55,magnetometer sbe41 contopt wlseaowl,66.12,13.2,179.141,12.76,0,1.52861e+09,16.0833,233.367,2.9884,412.894,3333.87,6628.56,9914.66,13798.7,13798.7,1526,1119,1053,1053,2762,0,2.93185,49.963,465.253,292.393,5708.31,137.12,251.068,412.4,,,,,,,,
2018/DATA-20180308/p6440505.nc,644,5,505,990,410,150,200,1,0,310,0,2000,200,1,0,120,0,0.153818,0,0.00573198,0.0280721,0.0366263,0.0377327,0,4002.88,473.119,SciCon|PAM,13085,21.174,3388,55,magnetometer sbe41 contopt wlseaowl,66.12,13.11,179.446,12.72,0,1.52862e+09,15.0667,218.817,1.92317,392.794,3362.17,6541.78,9809.42,12923.5,12923.5,1441,1084,1027,1028,2585,0,2.74692,46.59,443.877,292.393,5598.45,143.253,263.188,392.547,,,,,,,,
2018/DATA-20180308/p6440506.nc,644,5,506,990,410,150,200,1,0,310,0,2000,200,1,0,120,0,0.157665,0,0.00709603,0.0286658,0.036647,0.0377165,0,4005.14,483.713,SciCon|PAM,12984,21.696,3506,55,magnetometer sbe41 contopt wlseaowl,66.12,13.27,179.753,12.7,0,1.52863e+09,15.0833,217.05,2.58813,377.894,3439.48,6778.88,10120.6,12826.4,12826.4,1434,1101,1053,1053,2565,0,2.69961,46.615,441.07,292.393,5558.1,167.537,288.749,377.75,,,,,,,,
2018/DATA-20180308/p6440507.nc,644,5,507,990,410,150,200,1,0,310,0,2000,200,1,0,120,0,0.158376,0,0.00511381,0.0286545,0.0360322,0.0371076,0,3937.95,493.089,SciCon|PAM,12852,21.62,3402,55,magnetometer sbe41 contopt wlseaowl,66.12,13.11,180.057,12.76,0,1.52865e+09,15.2833,215.017,2.97738,379.019,3337.48,6621.58,10008.8,12690.6,12690.6,1424,1089,1040,1040,2540,0,2.68338,46.617,433.781,292.638,5580.83,167.292,284.412,378.459,,,,,,,,
2018/DATA-20180308/p6440508.nc,644,5,508,990,410,150,200,1,0,310,0,2000,200,1,0,120,0,0.150481,0,0.00706592,0.0285889,0.0357149,0.0365418,0,3903.27,487.305,SciCon|PAM,12640,21.695,3484,55,magnetometer sbe41 contopt wlseaowl,66.12,13.11,180.358,13.13,0,1.52866e+09,15.6333,212,2.00976,375.906,3360.38,6620.58,9877.7,12481.9,12481.9,1394,1073,1029,1029,2497,0,2.65268,43.278,427.429,292.393,5532.82,136.385,243.747,375.997,,,,,,,,
2018/DATA-20180308/p6440509.nc,644,5,509,990,410,150,200,1,0,310,0,2000,200,1,0,120,0,0.15056,0,0.00538584,0.027935,0.0360907,0.0369845,0,3944.34,477.528,SciCon|PAM,12677,21.583,3380,55,magnetometer sbe41 contopt wlseaowl,66.12,13.11,180.66,12.85,0,1.52868e+09,15.0333,212.05,2.28084,382.75,3323.59,6546.26,9820.07,12522.9,12522.9,1408,1071,1023,1023,2505,0,2.64996,46.648,431.666,292.148,5576.15,134.177,224.06,382.345,,,,,,,,
2018/DATA-20180308/p6440510.nc,644,5,510,990,410,150,200,1,0,310,0,2000,200,1,0,120,0,0.151261,0,0.00484427,0.028989,0.0359407,0.0366674,0,3927.94,498.65,SciCon|PAM,12802,21.684,3489,55,magnetometer sbe41 contopt wlseaowl,66.12,13.1,180.963,13.13,0,1.52869e+09,15.2833,214.233,3.09909,378.562,3366.83,6718.26,10010,12645.3,12645.3,1419,1086,1030,1039,2530,0,2.68789,46.604,431.743,292.883,5558.92,136.63,235.621,378.1,,,,,,,,
2018/DATA-20180308/p6440511.nc,644,5,511,990,410,150,200,1,0,310,0,2000,200,1,0,120,0,0.151144,0,0.0047922,0.027133,0.0349118,0.0362361,0,3815.5,464.315,SciCon|PAM,12599,21.363,3415,55,magnetometer sbe41 contopt wlseaowl,66.12,13.1,181.26,12.67,0,1.5287e+09,14.7667,210.8,2.01452,383.089,3278.31,6438.65,9606.88,12438.4,12438.4,1390,1054,1004,1004,2489,0,2.64892,43.283,423.385,292.638,5578.9,136.139,241.299,382.448,,,,,,,,
2018/DATA-20180308/p6440512.nc,644,5,512,990,410,150,200,1,0,310,0,2000,200,1,0,120,0,0.155555,0,0.00450409,0.0262171,0.0349927,0.036608,0,3824.34,445.355,SciCon|PAM,12852,21.701,3528,55,magnetometer sbe41 contopt wlseaowl,66.12,13.1,181.56,12.71,0,1.52872e+09,14.4167,214.95,2.08025,377.887,3395.52,6746.91,9999.06,12696,12696,1423,1087,1041,1041,2542,0,2.69149,46.677,429.502,292.883,5541.49,160.178,269.507,377.3,,,,,,,,
2018/DATA-20180308/p6440513.nc,644,5,513,990,410,150,200,1,0,310,0,2000,200,1,0,120,0,0.157321,0,0.005734,0.0278252,0.0352969,0.0366241,0,3857.59,479.661,SciCon|PAM,12475,21.702,3498,55,magnetometer sbe41 contopt wlseaowl,66.12,13.1,181.858,12.65,0,1.52873e+09,14.95,209.017,2.93249,372.854,3448.79,6664.24,9732.53,12315.8,12315.8,1393,1058,1012,1012,2465,0,2.59411,43.33,426.727,293.129,5490.57,172.688,265.82,372.654,,,,,,,,
2018/DATA-20180308/p6440514.nc,644,5,514,990,410,150,200,1,0,310,0,2000,200,1,0,120,0,0.147982,0,0.00520202,0.0268665,0.0338368,0.0353119,0,3698.01,455.319,SciCon|PAM,12187,21.876,3389,55,magnetometer sbe41 contopt wlseaowl,66.12,13.1,182.151,12.8,0,1.52874e+09,14.55,204.4,2.16313,368.856,3210.23,6491.84,9655.91,12029.6,12029.6,1339,1043,999,999,2407,0,2.56807,43.333,409.751,293.129,5487.54,132.46,244.935,368.148,,,,,,,,
2018/DATA-20180308/p6440515.nc,644,5,515,990,410,150,200,1,0,310,0,2000,200,1,0,120,0,0.150902,0,0.00512521,0.0260346,0.0353322,0.0367857,0,3861.44,441.097,SciCon|PAM,12707,22.129,3457,55,magnetometer sbe41 contopt wlseaowl,66.12,13.25,182.449,12.7,0,1.52876e+09,14.2667,212.6,1.30209,364.837,3443.29,6747.05,10217.1,12551,12551,1412,1097,1057,1057,2511,0,2.61282,46.616,430.402,292.393,5451.82,150.612,222.377,364.497,,,,,,,,
2018/DATA-20180308/p6440516.nc,644,5,516,990,410,150,200,1,0,310,0,2000,200,1,0,120,0,0.148541,0,0.0072416,0.0275577,0.0351134,0.0364812,0,3837.53,466.503,SciCon|PAM,12547,22.061,3502,55,magnetometer sbe41 contopt wlseaowl,66.12,13.1,182.747,13.09,0,1.52877e+09,14.9667,209.767,2.48455,366.359,3395.38,6672.24,10058.5,12390.1,12390.1,1389,1083,1044,1044,2478,0,2.60046,43.242,426.865,292.638,5453.93,139.083,224.652,365.752,,,,,,,,
2018/DATA-20180308/p6440517.nc,644,5,517,990,410,150,200,1,0,310,0,2000,200,1,0,120,0,0.155073,0,0.00704111,0.0268629,0.0347855,0.0362352,0,3801.69,456.555,SciCon|PAM,12302,22.108,3387,55,magnetometer sbe41 contopt wlseaowl,66.12,13.09,183.043,12.72,0,1.52878e+09,14.6167,205.867,2.82524,368.817,3337.96,6649.95,9820.51,12146.6,12146.6,1370,1059,1018,1020,2431,0,2.56077,43.345,421.545,293.374,5463.84,166.801,252.576,368.7,,,,,,,,
2018/DATA-20180308/p6440518.nc,644,5,518,990,410,150,200,1,0,310,0,2000,200,1,0,120,0,0.150674,0,0.00543562,0.0393737,0.0363421,0.0363853,0,3971.81,727.319,SciCon|PAM,12153,22.139,3837,55,magnetometer sbe41 contopt wlseaowl,66.12,13.25,183.353,12.65,0,1.5288e+09,21.2667,203.333,1.94479,366.38,3269.06,6467.15,9748.51,11997.6,11997.6,1339,1048,1009,1010,2401,0,2.56389,43.275,416.763,293.129,5468.8,145.706,269.768,365.952,,,,,,,,
2018/DATA-20180308/p6440519.nc,644,5,519,990,410,150,200,1,0,310,0,2000,200,1,0,120,0,0.150743,0,0.00482494,0.0297444,0.0336598,0.0351511,0,3678.67,500.089,SciCon|PAM,12006,22.387,3536,55,magnetometer sbe41 contopt wlseaowl,66.12,13.09,183.648,12.74,0,1.52881e+09,15.3167,201.1,2.53263,359.755,3312.98,6565.7,9817,11848.6,11848.6,1336,1048,1014,1014,2371,0,2.50397,43.295,405.698,292.148,5446.39,151.102,243.919,359.195,,,,,,,,
2018/DATA-20180308/p6440520.nc,644,5,520,990,410,150,200,1,0,310,0,2000,200,1,0,120,0,0.150333,0,0.00692192,0.0264796,0.0335466,0.0347579,0,3666.3,455.455,SciCon|PAM,11858,22.287,3502,55,magnetometer sbe41 contopt wlseaowl,66.12,13.1,183.937,12.79,0,1.52882e+09,14.6167,198.367,2.87716,358.641,3359.52,6443.99,9679.04,11706.3,11706.3,1322,1033,993,996,2342,0,2.46292,43.35,404.031,293.374,5433.45,151.102,231.882,358.15,,,,,,,,
2018/DATA-20180308/p6440521.nc,644,5,521,990,410,150,200,1,0,310,0,2000,200,1,0,120,0,0.152791,0,0.00508866,0.0253303,0.0339299,0.0356288,0,3708.19,431.423,SciCon|PAM,12204,22.322,3410,55,magnetometer sbe41 contopt wlseaowl,66.12,13.1,184.23,12.67,0,1.52884e+09,14.1667,204.333,1.41439,358.811,3258.62,6520.63,9955.28,12053.4,12053.4,1357,1064,1025,1026,2411,0,2.55713,43.347,413.862,292.883,5460.31,156.989,249.351,358.711,,,,,,,,
2018/DATA-20180308/p6440522.nc,644,5,522,990,410,150,200,1,0,310,0,2000,200,1,0,120,0,0.146712,0,0.00462038,0.0275046,0.036894,0.0380072,0,4032.14,476.379,SciCon|PAM,13163,21.386,3383,55,magnetometer sbe41 contopt wlseaowl,66.12,13.21,184.534,12.7,0,1.52885e+09,14.85,220.167,1.15899,382.257,3490.7,6688.5,9950.82,13007.8,13007.8,1467,1094,1023,1042,2603,0,2.67,46.646,445.907,292.148,5575.96,118.478,178.33,383.75,,,,,,,,
2018/DATA-20180308/p6440523.nc,644,5,523,990,410,150,200,1,0,310,0,2000,200,1,0,120,0,0.148544,0,0.00448811,0.0274077,0.0337047,0.0348859,0,3683.57,465.072,SciCon|PAM,11976,22.425,3458,55,magnetometer sbe41 contopt wlseaowl,66.12,13.1,184.825,12.77,0,1.52886e+09,15.1,200.45,2.4706,356.891,3410.34,6641.97,9824.14,11814.7,11814.7,1339,1047,1009,1010,2364,0,2.49244,43.286,406.733,292.883,5450.72,138.838,217.201,356.447,,,,,,,,
2018/DATA-20180308/p6440524.nc,644,5,524,990,410,150,200,1,0,310,0,2000,200,1,0,120,0,0.147898,0,0.00420072,0.0267586,0.0331782,0.0339192,0,3626.04,486.193,SciCon|PAM,11658,22.681,3643,55,magnetometer sbe41 contopt wlseaowl,66.12,13.25,185.113,12.62,0,1.52888e+09,16.1,195.167,1.65977,348.953,3283.61,6541.08,9784.09,11504.1,11504.1,1300,1035,1002,1003,2302,0,2.38635,43.343,391.179,292.393,5428.98,139.819,217.737,348.562,,,,,,,,
2018/DATA-20180308/p6440525.nc,644,5,525,990,410,150,200,1,0,310,0,2000,200,1,0,120,0,0.149772,0,0.0050643,0.0254355,0.0329343,0.0342883,0,3599.38,439.604,SciCon|PAM,11482,23.002,3412,55,magnetometer sbe41 contopt wlseaowl,66.12,13.24,185.4,12.84,0,1.52889e+09,14.2333,192.383,1.44741,342.168,3264.78,6603.78,9868.76,11332.6,11332.6,1278,1034,1006,1006,2267,0,2.39569,39.974,394.42,291.657,5387.61,152.329,239.443,341.515,,,,,,,,
2018/DATA-20180308/p6440526.nc,644,5,526,990,410,150,200,1,0,310,0,2000,200,1,0,120,0,0.147935,0,0.00552077,0.0249775,0.0325438,0.0341497,0,3556.7,425.841,SciCon|PAM,11310,23.373,3485,55,magnetometer sbe41 contopt wlseaowl,66.12,13.1,185.686,12.78,0,1.5289e+09,13.9167,189.45,2.24586,334.696,3355.79,6629.14,9899.11,11159.6,11159.6,1268,1031,1010,1010,2233,0,2.34514,40.029,394.001,292.883,5385.72,144.234,232.215,334.1,,,,,,,,
2018/DATA-20180308/p6440527.nc,644,5,527,990,410,150,200,1,0,310,0,2000,200,1,0,120,0,0.148197,0,0.00507251,0.0261157,0.0316129,0.0329875,0,3454.96,449.331,SciCon|PAM,11060,23.806,3377,55,magnetometer sbe41 contopt wlseaowl,66.12,13.1,185.969,12.7,0,1.52891e+09,14.35,185.25,2.80032,325.792,3330.18,6648.03,9958.43,10907,10907,1241,1027,1007,1008,2183,0,2.28329,39.969,380.724,293.374,5355.39,149.876,234.836,325.2,,,,,,,,
2018/DATA-20180308/p6440528.nc,644,5,528,990,410,150,200,1,0,310,0,2000,200,1,0,120,0,0.138338,0,0.00434452,0.0264493,0.032923,0.0338244,0,3598.14,457.691,SciCon|PAM,11577,23.127,3480,55,magnetometer sbe41 contopt wlseaowl,66.12,13.08,186.256,12.68,0,1.52893e+09,14.85,193.733,1.94281,341.423,3378.69,6700.71,9933.6,11426.9,11426.9,1305,1042,1017,1017,2286,0,2.37038,40.028,393.699,293.374,5448.23,97.1372,142.871,340.703,,,,,,,,
2018/DATA-20180308/p6440529.nc,644,5,529,990,410,150,200,1,0,310,0,2000,200,1,0,120,0,0.153973,0,0.00416661,0.025112,0.0325531,0.0341578,0,3557.71,427.238,SciCon|PAM,11718,22.832,3404,55,magnetometer sbe41 contopt wlseaowl,66.12,13.12,186.544,12.8,0,1.52894e+09,13.9333,196.233,1.86408,347.332,3254.62,6589,9934.65,11565.2,11565.2,1306,1046,1017,1017,2315,0,2.42859,39.996,393.735,292.393,5502.07,159.197,236.15,346.597,,,,,,,,
2018/DATA-20180308/p6440530.nc,644,5,530,990,410,150,200,1,0,310,0,2000,200,1,0,120,0,0.150211,0,0.00466397,0.0251468,0.0324323,0.0340865,0,3544.52,428.15,SciCon|PAM,11726,22.725,3462,55,magnetometer sbe41 contopt wlseaowl,66.12,13.1,186.833,12.71,0,1.52895e+09,14.1,196.267,3.10097,347.532,3223.18,6640.82,9908.85,11574.4,11574.4,1294,1043,1012,1012,2316,0,2.45834,39.957,393.372,293.129,5508.64,137.366,252.423,347.052,,,,,,,,
2018/DATA-20180308/p6440531.nc,644,5,531,990,410,150,200,1,0,310,0,2000,200,1,0,120,0,0.152973,0,0.00514214,0.0245724,0.0325086,0.034505,0,3552.85,418.082,SciCon|PAM,11449,23.595,3396,55,magnetometer sbe41 contopt wlseaowl,66.12,13.09,187.121,12.76,0,1.52896e+09,13.8,191.7,2.93778,329.902,3431.81,6800.55,10163.4,11293.4,11293.4,1288,1053,1034,1034,2260,0,2.33965,39.958,395.788,292.638,5429.7,162.386,248.832,329.108,,,,,,,,
2018/DATA-20180308/p6440532.nc,644,5,532,990,410,150,200,1,0,310,0,2000,200,1,0,120,0,0.155538,0,0.00480043,0.0263243,0.0323671,0.0336185,0,3537.39,449.956,SciCon|PAM,11208,23.461,3431,55,magnetometer sbe41 contopt wlseaowl,66.12,13.25,187.408,12.76,0,1.52898e+09,14.6167,187.683,2.00757,331.525,3407.87,6741.7,9895.43,11055.9,11055.9,1262,1027,1005,1005,2212,0,2.3013,39.977,385.964,292.883,5424.53,172.934,260.572,330.657,,,,,,,,
2018/DATA-20180308/p6440533.nc,644,5,533,990,410,150,200,1,0,310,0,2000,200,1,0,120,0,0.150061,0,0.00457842,0.0255293,0.0320523,0.0337983,0,3502.98,440.681,SciCon|PAM,11245,23.526,3524,55,magnetometer sbe41 contopt wlseaowl,66.12,13.07,187.693,12.7,0,1.52899e+09,14.1333,188.017,2.43636,329.038,3465.59,6700.89,9995.62,11091.3,11091.3,1273,1034,1015,1015,2219,0,2.32221,39.994,386.975,292.883,5409.52,151.348,233.357,328.247,,,,,,,,
2018/DATA-20180308/p6440534.nc,644,5,534,990,410,150,200,1,0,310,0,2000,200,1,0,120,0,0.154865,0,0.00548442,0.0256531,0.031633,0.0330741,0,3457.16,442.73,SciCon|PAM,10869,23.878,3555,55,magnetometer sbe41 contopt wlseaowl,66.12,13.26,187.975,12.75,0,1.529e+09,14.4833,182.033,2.98573,322.033,3422.32,6702.23,9857.09,10718.2,10718.2,1218,1013,994,998,2145,0,2.23865,40.005,377.983,292.883,5333.06,182.746,270.063,320.896,,,,,,,,
2018/DATA-20180308/p6440535.nc,644,5,535,990,410,150,200,1,0,310,0,2000,200,1,0,120,0,0.147284,0,0.00522025,0.0254216,0.0334557,0.035143,0,3656.36,447.223,SciCon|PAM,11839,23.106,3595,55,magnetometer sbe41 contopt wlseaowl,66.12,13.14,188.265,12.8,0,1.52901e+09,14.2667,198.233,2.27873,340.878,3410.15,6774.44,10232.7,11693.1,11693.1,1323,1070,1042,1042,2339,0,2.4434,43.321,406.744,292.393,5412.65,138.838,206.554,339.796,,,,,,,,
2018/DATA-20180308/p6440536.nc,644,5,536,990,410,150,200,1,0,310,0,2000,200,1,0,120,0,0.111426,0.00136625,0.00531076,0.0255655,0.0322909,0.033649,0,3529.06,432.574,SciCon|PAM,11145,24.28,3674,55,magnetometer sbe41 contopt wlseaowl,66.12,13.11,188.547,12.83,0,1.52902e+09,14.1167,188.25,0.895059,312.143,3334.06,7221.7,10448.7,10994.3,10994.3,1247,1061,1048,1049,2200,0,2.27729,39.984,385.882,292.883,5278.54,0,0,311.15,,,,,,,,
2018/DATA-20180308/p6440537.nc,644,5,537,990,410,150,200,1,0,310,0,2000,200,1,0,120,0,0.144628,0,0.00475965,0.0318448,0.0313225,0.0309901,0,3423.23,578.475,SciCon|PAM,10118,24.418,3782,55,magnetometer sbe41 contopt wlseaowl,66.12,13.12,188.829,12.89,0,1.52904e+09,17.7833,170.317,1.7052,309.079,3262.6,6518.06,9522.19,9969.21,9969.21,1136,964,953,953,1994,0,2.09367,36.721,350.042,293.374,5260.04,144.725,239.638,309.198,,,,,,,,
2018/DATA-20180308/p6440538.nc,644,5,538,990,410,150,200,1,0,310,0,2000,200,1,0,120,0,0.108866,0.00136737,0.00458954,0.0256743,0.0292001,0.0301622,0,3191.27,438.437,SciCon|PAM,9803,25.263,3390,55,magnetometer sbe41 contopt wlseaowl,66.12,13.28,189.095,12.91,0,1.52905e+09,14.1333,164.333,1.65698,293.296,3419.48,6549.87,9661.87,9661.87,9661.87,1129,967,966,967,1933,0,1.98552,36.667,344.385,292.393,5161.35,0,0,293.152,,,,,,,,
2018/DATA-20180308/p6440539.nc,644,5,539,990,410,150,451.345,1,0,310,0,2000,200,1,0,120,0,0.111246,0.00772811,0.00655383,0.00766939,0.0292124,0.0310409,0,3192.62,268.112,SciCon|PAM,10181,24.156,3487,55,magnetometer sbe41 contopt wlseaowl,66.12,13.26,189.352,12.77,0,1.52906e+09,16.9167,174.017,0.671239,315.925,3184.38,6487.52,9395.59,10041.5,10041.5,1141,960,944,946,2010,0,2.08107,36.611,352.043,292.148,5265.2,0,0,315.292,,,,,,,,
2018/DATA-20180308/p6440540.nc,644,5,540,990,410,150,300,1,0,310,0,2000,200,1,0,120,0,0.112847,0.00386516,0.00452408,0.0506501,0.0351182,0.0345809,0,3838.06,874.892,SciCon|PAM,10879,23.554,3991,55,magnetometer sbe41 contopt wlseaowl,66.12,13.11,189.663,12.75,0,1.52907e+09,23.5,184,0.137134,329.635,3483.03,6555.5,9675.18,10736.5,10736.5,1228,1000,982,982,2148,0,2.20563,39.99,378.843,292.638,5335.45,0,0,328.456,,,,,,,,
2018/DATA-20180308/p6440541.nc,644,5,541,990,410,150,300,1,0,310,0,2000,200,1,0,120,0,0.179352,0,0.00508624,0.0281822,0.0301528,0.0318912,0,3295.39,478.359,SciCon|PAM,10493,23.708,3503,55,magnetometer sbe41 contopt wlseaowl,66.12,13.09,189.988,12.77,0,1.52908e+09,15,176.15,1.02132,324.72,2819.11,6241.92,9423.76,10346.9,10346.9,1130,972,954,954,2069,0,2.24007,36.668,350.263,292.638,5339.05,160.424,2460.92,322.807,,,,,,,,
2018/DATA-20180308/p6440542.nc,644,5,542,990,410,150,300,1,0,310,0,2000,200,1,0,120,0,0.156254,0,0.00519802,0.028535,0.0302671,0.0316562,0,3307.88,491.061,SciCon|PAM,10278,24.315,3598,55,magnetometer sbe41 contopt wlseaowl,66.12,13.27,190.269,12.82,0,1.52909e+09,15.1667,173.683,2.22091,312.571,2960.2,6458.77,9596.67,10135.5,10135.5,1128,975,963,963,2028,0,2.1427,36.655,350.953,291.657,5283.9,195.01,378.586,311.445,,,,,,,,
2018/DATA-20180308/p6440543.nc,644,5,543,990,410,150,300,1,0,310,0,2000,200,1,0,120,0,0.114457,0.00400344,0.00567836,0.0291813,0.0335745,0.0353506,0,3669.35,492.718,SciCon|PAM,11782,23.754,4673,55,magnetometer sbe41 contopt wlseaowl,66.12,12.95,190.567,12.8,0,1.52911e+09,15.2,198.433,1.31233,329.626,3266.92,7251.01,10587.4,11640.8,11640.8,1289,1093,1075,1075,2329,0,2.48513,43.31,401.169,292.883,5405.9,0,0,329.256,,,,,,,,
2018/DATA-20180308/p6440544.nc,644,5,544,990,410,150,300,1,0,310,0,2000,200,1,0,120,0,0.167733,0.000380141,0.00471041,0.0315895,0.0299439,0.0309597,0,3272.56,557.331,SciCon|PAM,9944,23.442,3599,55,magnetometer sbe41 contopt wlseaowl,66.12,13.09,190.89,12.67,0,1.52912e+09,17.5333,165.833,0.460445,328.252,2400.33,5055.54,8725.19,9791.99,9791.99,1083,908,889,890,1959,0,2.39059,36.618,336.903,428.777,7793.07,0,0,291.897,,,,,,,,
2018/DATA-20180308/p6440545.nc,644,5,545,990,410,150,300,1,0,310,0,2000,200,1,0,120,0,0.153255,0,0.00528713,0.0272205,0.031539,0.0331191,0,3446.89,469.118,SciCon|PAM,10844,23.668,3494,55,magnetometer sbe41 contopt wlseaowl,66.12,13.12,191.175,12.79,0,1.52913e+09,14.5667,182.133,1.04752,324.372,3218.58,6497,9746.53,10705.7,10705.7,1207,1005,986,986,2141,0,2.26588,40.015,375.43,292.883,5363.94,174.16,327.883,323.45,,,,,,,,
2018/DATA-20180308/p6440546.nc,644,5,546,990,410,150,300,1,0,310,0,2000,200,1,0,120,0,0.14516,0.000401418,0.005296,0.0279128,0.0315904,0.0331609,0,3452.5,480.102,SciCon|PAM,10698,23.702,3501,55,magnetometer sbe41 contopt wlseaowl,66.12,13.06,191.459,12.64,0,1.52914e+09,14.9333,178.767,1.34445,325.307,3392.89,6428.72,9573.76,10554,10554,1208,988,971,971,2112,0,2.20574,39.942,375.19,292.883,5374.4,134.913,262.594,323.996,,,,,,,,
2018/DATA-20180308/p6440547.nc,644,5,547,990,410,150,300,1,0,310,0,2000,200,1,0,120,0,0.118622,0.004043,0.00793996,0.0280429,0.036349,0.0376805,0,3972.57,478.245,SciCon|PAM,12047,21.179,2792,55,magnetometer sbe41 contopt wlseaowl,66.12,12.95,191.758,12.67,0,1.52915e+09,15.5167,202.117,1.63845,365.162,3223.01,6074.83,9034.71,11900.6,11900.6,1344,998,945,947,2381,0,2.38328,43.299,423.123,292.393,5596.21,0,0,366.15,,,,,,,,
2018/DATA-20180308/p6440548.nc,644,5,548,990,410,150,300,1,0,310,0,2000,200,1,0,120,0,0.119571,0.00402385,0.00709977,0.0288645,0.0364195,0.0382803,0,3980.27,494.861,SciCon|PAM,12964,21.838,3429,55,magnetometer sbe41 contopt wlseaowl,66.12,13.16,192.066,12.7,0,1.52917e+09,15.4333,217.217,0.501885,368.763,3487.36,6775.61,10236.3,12806.7,12806.7,1438,1108,1062,1062,2562,0,2.6719,46.718,440.882,292.393,5622.65,0,0,368.753,,,,,,,,
2018/DATA-20180308/p6440549.nc,644,5,549,990,410,150,300,1,0,310,0,2000,200,1,0,120,0,0.118175,0.00407282,0.00549848,0.0296591,0.0339698,0.0355666,0,3712.55,507.365,SciCon|PAM,11559,22.227,3423,55,magnetometer sbe41 contopt wlseaowl,66.12,13.1,192.361,12.63,0,1.52918e+09,15.8667,193.633,1.46696,356.308,3116.97,6366.77,9390.51,11393.9,11393.9,1277,1004,967,967,2280,0,2.38183,43.242,397.528,292.638,5583.54,0,0,356.151,,,,,,,,
2018/DATA-20180308/p6440550.nc,644,5,550,990,410,150,300,1,0,310,0,2000,200,1,0,120,0,0.118635,0.00403031,0.00565833,0.0290872,0.0347044,0.0366091,0,3792.84,497.25,SciCon|PAM,11931,22.347,3536,55,magnetometer sbe41 contopt wlseaowl,66.12,13.07,192.66,12.65,0,1.52919e+09,15.4167,200.05,1.32537,359.65,3517.9,6736.15,9729.79,11776,11776,1338,1040,1003,1003,2356,0,2.44759,43.262,415.825,292.148,5594.58,0,0,358.356,,,,,,,,
2018/DATA-20180308/p6440551.nc,644,5,551,990,410,150,300,1,0,310,0,2000,200,1,0,120,0,0.120442,0.00406245,0.00570192,0.031561,0.0382712,0.0394745,0,4182.65,605.356,SciCon|PAM,13234,21.708,4018,55,magnetometer sbe41 contopt wlseaowl,66.12,13.1,192.977,12.52,0,1.52921e+09,19.3,221.733,0.55515,375.407,3618.61,6847.47,10327.6,13082.1,13082.1,1460,1123,1067,1074,2617,0,2.76062,46.586,452.887,292.148,5667.31,0,0,375.656,,,,,,,,
2018/DATA-20180308/p6440552.nc,644,5,552,990,380,250,300,1,0,310,0,2000,200,1,0,120,0,0.235886,0,0.00546178,0.031053,0.0295466,0.0320871,0,3229.14,522.809,SciCon|PAM,9673,20.855,3018,55,magnetometer sbe41 contopt wlseaowl,66.12,13.17,193.359,12.74,0,1.52922e+09,16.2,161.767,0.63756,386.946,2323.28,4450.49,7034.75,9508.05,9508.05,1054,784,742,742,1902,0,2.82343,33.323,335.832,575.464,10956,0,0,359.666,,,,,,,,
2018/DATA-20180308/p6440553.nc,644,5,553,990,380,250,300,1,0,310,0,2000,200,1,0,120,0,0.24764,0,0.00606347,0.0269565,0.0313203,0.0347775,0,3422.98,466.121,SciCon|PAM,10918,20.745,3208,55,magnetometer sbe41 contopt wlseaowl,66.12,13.08,193.749,12.44,0,1.52923e+09,14.3167,183.233,0.413376,398.513,2644.32,5233.44,7893.59,10786.8,10786.8,1181,885,830,834,2158,0,3.02909,39.954,373.2,486.422,9382.25,101.553,1602.33,397.41,,,,,,,,
2018/DATA-20180308/p6440554.nc,644,5,554,990,330,250,300,1,0,310,0,2000,200,1,0,120,0,0.240997,0,0.00531007,0.0263357,0.0279017,0.0307695,0,3049.37,453.762,SciCon|PAM,9326,20.102,2840,55,magnetometer sbe41 contopt wlseaowl,66.12,13.07,194.127,12.32,0,1.52924e+09,14.5,156.467,0.844783,412.457,2075.79,4150.97,6358.4,9183.39,9183.39,1009,729,678,682,1837,0,2.93303,33.38,320.547,574.238,11230.5,0,0,409.45,,,,,,,,
2018/DATA-20180308/p6440555.nc,644,5,555,990,330,250,300,1,0,310,0,2000,200,1,0,120,0,0.252366,0,0.00553679,0.0228876,0.0275986,0.03095,0,3016.24,393.743,SciCon|PAM,9431,19.976,2962,55,magnetometer sbe41 contopt wlseaowl,66.12,13.14,194.512,12.37,0,1.52925e+09,13.0833,158.383,1.04394,416.853,2128.82,4237.87,6340.08,9301.7,9301.7,1023,734,681,685,1862,0,2.99696,33.362,324.429,595.333,11731.2,0,0,412.79,,,,,,,,
2018/DATA-20180308/p6440556.nc,644,5,556,990,330,250,300,1,0,310,0,2000,200,1,0,120,0,0.236047,0,0.00700916,0.0236883,0.0277623,0.0306879,0,3034.14,411.287,SciCon|PAM,9437,19.933,2874,55,magnetometer sbe41 contopt wlseaowl,66.12,13.05,194.881,12.38,0,1.52926e+09,13.3,158.567,0.580317,413.462,2133.89,4369.51,6371.46,9311.13,9311.13,1023,733,683,683,1863,0,2.88778,33.37,323.929,564.917,10984.1,0,0,400.831,,,,,,,,
2018/DATA-20180308/p6440557.nc,644,5,557,990,330,250,300,1,0,310,0,2000,200,1,0,120,0,0.244553,0,0.00556528,0.0232822,0.0280323,0.0311727,0,3063.64,402.678,SciCon|PAM,9622,19.749,2852,55,magnetometer sbe41 contopt wlseaowl,66.12,13.07,195.26,12.68,0,1.52927e+09,13.1,161.533,0.954181,416.823,1998.1,4188.94,6434.18,9495.33,9495.33,1039,744,682,690,1899,0,3.00482,33.383,330.365,585.031,11406.1,0,0,408.562,,,,,,,,
2018/DATA-20180308/p6440558.nc,644,5,558,990,330,250,300,1,0,310,0,2000,200,1,0,120,0,0.264542,0,0.00489242,0.0220915,0.0275881,0.0310653,0,3015.09,375.61,SciCon|PAM,9789,19.575,2765,55,magnetometer sbe41 contopt wlseaowl,66.12,13.07,195.637,12.49,0,1.52928e+09,12.7333,164.267,1.01178,419.369,2061.47,4202.72,6375.5,9655.81,9655.81,1050,748,691,691,1932,0,3.00189,33.381,326.56,569.577,11192.8,90.2689,209.472,413.394,,,,,,,,
2018/DATA-20180308/p6440559.nc,644,5,559,990,330,250,300,1,0,310,0,2000,200,1,0,120,0,0.272537,0,0.00506518,0.0226899,0.0265835,0.0300465,0,2905.3,391.995,SciCon|PAM,9080,20.688,2831,55,magnetometer sbe41 contopt wlseaowl,66.12,13.08,196.028,12.69,0,1.52929e+09,13,152.517,1.01917,395.409,2133.56,4315.14,6504.97,8950.69,8950.69,977,733,690,690,1791,0,2.80429,30.078,308.23,559.765,10785.4,93.9484,1415.75,386.984,,,,,,,,
2018/DATA-20180308/p6440560.nc,644,5,560,990,330,250,300,1,0,310,0,2000,200,1,0,120,0,0.276452,0,0.00489468,0.0221327,0.0258824,0.0297969,0,2828.68,382.325,SciCon|PAM,9079,20.667,2854,55,magnetometer sbe41 contopt wlseaowl,66.12,13.08,196.42,12.47,0,1.5293e+09,12.6833,152.667,0.907226,395.658,2039.9,4275.19,6522.42,8954.95,8954.95,971,733,692,692,1791,0,2.8567,30.026,304.712,567.37,10955.4,86.0989,1425.6,391.755,,,,,,,,
2018/DATA-20180308/p6440561.nc,644,5,561,990,330,250,300,1,0,310,0,2000,200,1,0,120,0,0.237068,0,0.00589924,0.0227602,0.0261568,0.0295551,0,2858.67,397.345,SciCon|PAM,8812,20.618,2770,55,magnetometer sbe41 contopt wlseaowl,66.12,13.05,196.785,12.33,0,1.52931e+09,13.0167,148.083,0.560429,393.022,2038.02,4154.16,6327.79,8686.6,8686.6,952,711,669,669,1738,0,2.73096,30.059,306.099,577.181,11068.2,0,0,389.8,,,,,,,,
2018/DATA-20180308/p6440562.nc,644,5,562,990,330,250,300,1,0,310,0,2000,200,1,0,120,0,0.28243,0,0.00530969,0.0216,0.0258111,0.0296966,0,2820.89,375.118,SciCon|PAM,9070,20.669,2841,55,magnetometer sbe41 contopt wlseaowl,66.12,13.17,197.181,12.57,0,1.52932e+09,12.6833,152.367,1.0247,396.891,2139.22,4315.69,6520.96,8943.22,8943.22,972,731,690,690,1790,0,2.86059,30.04,305.391,570.804,10933.2,107.194,1625.02,392.304,,,,,,,,
2018/DATA-20180308/p6440563.nc,644,5,563,990,330,250,300,1,0,310,0,2000,200,1,0,120,0,0.264612,0,0.00482813,0.0202491,0.0259623,0.0300758,0,2837.41,348.728,SciCon|PAM,9152,20.45,2682,55,magnetometer sbe41 contopt wlseaowl,66.12,13.08,197.562,12.44,0,1.52933e+09,12.1167,153.833,1.52611,402.61,2180.94,4253.6,6475.36,9031.46,9031.46,995,732,687,687,1806,0,2.86629,33.344,310.066,567.86,10878.6,75.3059,1020.2,398.494,,,,,,,,
2018/DATA-20180308/p6440564.nc,644,5,564,990,330,250,300,1,0,310,0,2000,200,1,0,120,0,0.251177,0,0.00536577,0.0218766,0.0269059,0.0302925,0,2940.54,380.723,SciCon|PAM,9285,20.347,2905,55,magnetometer sbe41 contopt wlseaowl,66.12,13.06,197.925,12.65,0,1.52934e+09,12.8,156.15,1.59465,401.933,2221.41,4350.42,6512.71,9160.53,9160.53,1007,739,690,694,1833,0,2.8819,33.402,315.247,563.445,10773.3,79.9665,140.393,393.558,,,,,,,,
2018/DATA-20180308/p6440565.nc,644,5,565,990,330,250,300,1,0,310,0,2000,200,1,0,120,0,0.25798,0,0.00601005,0.0225586,0.0282894,0.0317504,0,3091.74,392.044,SciCon|PAM,9637,20.046,2826,55,magnetometer sbe41 contopt wlseaowl,66.12,13.05,198.3,12.46,0,1.52935e+09,13.05,161.9,1.26477,416.852,2100.7,4334.36,6537.21,9509.95,9509.95,1035,752,702,702,1903,0,3.02046,33.356,331.671,565.898,10951.7,82.6648,206.118,412.724,,,,,,,,
2018/DATA-20180308/p6440566.nc,644,5,566,990,330,250,300,1,0,310,0,2000,200,1,0,120,0,0.263102,0,0.0045361,0.0255826,0.02765,0.0306122,0,3021.85,470.407,SciCon|PAM,9530,19.978,3002,55,magnetometer sbe41 contopt wlseaowl,66.12,13.14,198.673,12.53,0,1.52936e+09,15.4167,160.233,1.69046,416.364,2113.62,4353.96,6450.72,9402.55,9402.55,1030,744,694,694,1881,0,2.95982,33.387,319.624,561.483,10871.7,116.025,239.204,408.408,,,,,,,,
2018/DATA-20180308/p6440567.nc,644,5,567,990,330,250,300,1,0,310,0,2000,200,1,0,120,0,0.260173,0,0.00558994,0.0214265,0.0265731,0.0303342,0,2904.16,365.947,SciCon|PAM,9237,20.714,2759,55,magnetometer sbe41 contopt wlseaowl,66.12,13.14,199.038,12.58,0,1.52937e+09,12.5333,155.417,2.17701,393.787,2140.16,4303.75,6627.07,9129.28,9129.28,996,745,704,704,1822,0,2.80071,33.37,315.552,568.596,10697.4,110.138,265.79,370.737,,,,,,,,
2018/DATA-20180308/p6440568.nc,644,5,568,990,330,250,300,1,0,310,0,2000,200,1,0,120,0,0.240774,0,0.00693549,0.0217272,0.0263484,0.0298904,0,2879.61,372.48,SciCon|PAM,8897,20.703,2908,55,magnetometer sbe41 contopt wlseaowl,66.12,13.07,199.407,12.68,0,1.52938e+09,12.6833,149.683,2.28734,393.04,2122.82,4273.17,6371.43,8769.92,8769.92,966,716,676,676,1754,0,2.80215,30.075,307.89,588.71,11235.9,0,0,389.782,,,,,,,,
2018/DATA-20180308/p6440569.nc,644,5,569,990,330,250,300,1,0,310,0,2000,200,1,0,120,0,0.274915,0,0.0057497,0.0207227,0.0274146,0.0314755,0,2996.13,353.902,SciCon|PAM,9302,19.36,2739,55,magnetometer sbe41 contopt wlseaowl,66.12,13.04,199.808,12.62,0,1.52939e+09,12.3167,156.7,2.17943,409.66,1992.65,3944.25,5975.29,9176.83,9176.83,1002,704,648,648,1836,0,2.91809,33.41,320.933,655.676,12744.1,0,0,397.03,,,,,,,,
2018/DATA-20180308/p6440570.nc,644,5,570,990,330,250,300,1,0,310,0,2000,200,1,0,120,0,0.251981,0,0.00572989,0.0224341,0.0261762,0.0295833,0,2860.79,389.627,SciCon|PAM,8755,20.836,2851,55,magnetometer sbe41 contopt wlseaowl,66.12,13.06,200.171,12.66,0,1.5294e+09,13.0167,147.2,1.85338,387.38,2073.75,4217.68,6372.76,8628.15,8628.15,943,711,673,673,1726,0,2.75505,30.028,301.354,575.955,10866.9,71.6264,138.018,382.776,,,,,,,,
2018/DATA-20180308/p6440571.nc,644,5,571,990,330,250,300,1,0,310,0,2000,200,1,0,120,0,0.248613,0,0.00513453,0.0220665,0.026216,0.0296148,0,2865.14,385.079,SciCon|PAM,8986,20.746,2859,55,magnetometer sbe41 contopt wlseaowl,66.12,13.05,200.53,12.46,0,1.52941e+09,12.9,151,2.57263,392.811,2164.2,4351.28,6504.44,8860.94,8860.94,978,729,686,686,1773,0,2.80284,30.056,306.56,562.218,10577.2,83.4006,188.769,388.631,,,,,,,,
2018/DATA-20180308/p6440572.nc,644,5,572,990,330,250,300,1,0,310,0,2000,200,1,0,120,0,0.259066,0,0.00450435,0.0218653,0.0258162,0.0294587,0,2821.44,378.323,SciCon|PAM,9069,20.846,2912,55,magnetometer sbe41 contopt wlseaowl,66.12,13.19,200.907,12.64,0,1.52942e+09,12.8333,152.6,3.395,392.124,2197.84,4427.66,6620.63,8942.35,8942.35,986,739,697,697,1790,0,2.85542,30.041,305.111,566.388,10657.7,74.8153,993.601,388.173,,,,,,,,
2018/DATA-20180308/p6440573.nc,644,5,573,990,330,250,300,1,0,310,0,2000,200,1,0,120,0,0.23137,0,0.00476397,0.0217313,0.0252085,0.0285091,0,2755.03,372.53,SciCon|PAM,8618,20.775,2756,55,magnetometer sbe41 contopt wlseaowl,66.12,13.07,201.263,12.59,0,1.52943e+09,12.65,145.2,3.32623,385.887,2058.52,4184.82,6265.9,8491.99,8491.99,934,700,660,660,1699,0,2.70774,30.045,293.393,580.125,10823.1,0,0,381.807,,,,,,,,
2018/DATA-20180308/p6440574.nc,644,5,574,990,410,150,250,1,0,310,0,2000,200,1,0,120,0,0.187805,0,0.00729021,0.0260192,0.0325081,0.0371153,0,3552.8,444.018,SciCon|PAM,11090,20.992,3362,55,magnetometer sbe41 contopt wlseaowl,66.12,13.07,201.592,12.69,0,1.52944e+09,13.7,186.067,2.33744,387.847,2737.74,5298.73,8230.53,10968.5,10968.5,1202,913,863,864,2194,0,2.69474,39.985,419.184,356.17,6835.24,110.628,1024.85,386.918,,,,,,,,
2018/DATA-20180308/p6440575.nc,644,5,575,990,410,150,250,1,0,310,0,2000,200,1,0,120,0,0.157885,0,0.00724764,0.0296016,0.0305921,0.0343172,0,3343.4,500.023,SciCon|PAM,9856,21.915,3435,55,magnetometer sbe41 contopt wlseaowl,66.12,13.07,201.896,12.47,0,1.52946e+09,15.4167,165.367,1.86961,360.293,2639.73,5208.8,7836.92,9709.47,9709.47,1084,844,812,812,1943,0,2.36031,36.657,380.483,363.283,6805.03,52.7386,105.161,358.728,,,,,,,,
2018/DATA-20180308/p6440576.nc,644,5,576,990,410,150,250,1,0,310,0,2000,200,1,0,120,0,0.172117,0,0.00759204,0.0283509,0.030292,0.0335507,0,3310.6,484.288,SciCon|PAM,9757,23.086,3530,55,magnetometer sbe41 contopt wlseaowl,66.12,13.05,202.214,12.63,0,1.52947e+09,14.9667,163.75,2.46641,335.222,2710.86,5641.84,8394.33,9618.88,9618.88,1075,879,855,855,1925,0,2.31338,33.339,371.939,356.17,6530.97,70.6452,1132.07,332.937,,,,,,,,
2018/DATA-20180308/p6440577.nc,644,5,577,990,410,150,250,1,0,310,0,2000,200,1,0,120,0,0.168574,0,0.00574305,0.0250006,0.0304836,0.0338932,0,3331.54,425.519,SciCon|PAM,10184,22.278,3317,55,magnetometer sbe41 contopt wlseaowl,66.12,13.21,202.528,12.74,0,1.52948e+09,13.8667,170.933,2.78292,352.493,2391.63,5339.28,8330.2,10047.7,10047.7,1091,887,855,855,2010,0,2.45036,36.696,377.913,355.924,6647.6,52.7386,907.015,351.246,,,,,,,,
2018/DATA-20180308/p6440578.nc,644,5,578,990,410,150,250,1,0,310,0,2000,200,1,0,120,0,0.106088,0.00314006,0.00451327,0.0239929,0.025058,0.0271562,0,2738.58,410.665,SciCon|PAM,8032,22.138,2748,55,magnetometer sbe41 contopt wlseaowl,66.12,12.92,202.765,12.72,0,1.52949e+09,13.6167,135.317,2.00778,360.82,2387.34,4442.55,6471.44,7889.66,7889.66,894,695,669,669,1580,0,1.78817,30.041,307.151,267.373,5005.53,0,0,360.142,,,,,,,,
2018/DATA-20180308/p6440579.nc,644,5,579,990,410,150,250,1,0,310,0,2000,200,1,0,120,0,0.207891,0,0.00921308,0.0260314,0.0356486,0.0397606,0,3896.02,471.599,SciCon|PAM,11091,20.88,3438,55,magnetometer sbe41 contopt wlseaowl,66.12,13.09,203.131,12.46,0,1.5295e+09,16.0333,186.2,1.07479,384.545,2266.64,5131.87,8096.28,10969.3,10969.3,1179,904,852,853,2195,0,2.72118,40.03,428.347,414.06,7981.46,78.4947,1273.87,385.438,,,,,,,,
2018/DATA-20180308/p6440580.nc,644,5,580,990,410,150,250,1,0,310,0,2000,200,1,0,120,0,0.17072,0,0.00714031,0.0270668,0.0325768,0.0361566,0,3560.3,459.992,SciCon|PAM,10545,22.239,3255,55,magnetometer sbe41 contopt wlseaowl,66.12,13.22,203.455,12.48,0,1.52951e+09,14.8833,177.15,1.63317,357.229,2672.73,5577.98,8559.96,10392,10392,1142,914,883,883,2079,0,2.49732,36.631,400.478,358.868,6690.5,56.9087,925.911,355.81,,,,,,,,
2018/DATA-20180308/p6440581.nc,644,5,581,990,410,150,250,1,0,310,0,2000,200,1,0,120,0,0.200692,0,0.0105081,0.025982,0.0322599,0.0366293,0,3525.67,445.729,SciCon|PAM,10244,22.247,3382,55,magnetometer sbe41 contopt wlseaowl,66.12,13.14,203.784,12.59,0,1.52952e+09,14.5,171.783,1.71511,356.155,2648.04,5530.89,8318.71,10101,10101,1109,890,857,857,2022,0,2.48413,36.682,400.094,357.396,6655.75,179.311,1270.01,355.046,,,,,,,,
2018/DATA-20180308/p6440582.nc,644,5,582,990,410,150,250,1,0,310,0,2000,200,1,0,120,0,0.163897,0,0.00703159,0.0264328,0.0302793,0.0337093,0,3309.22,454.59,SciCon|PAM,10134,22.608,3755,55,magnetometer sbe41 contopt wlseaowl,66.12,12.94,204.101,12.73,0,1.52953e+09,14.5667,171.133,2.47369,346.755,2649.38,5410.79,8425.69,9990.27,9990.27,1112,894,863,865,1999,0,2.50507,36.649,377.652,410.38,7638.6,0,0,330.464,,,,,,,,
2018/DATA-20180308/p6440583.nc,644,5,583,990,410,150,250,1,0,310,0,2000,200,1,0,120,0,0.153221,0,0.007368,0.0252041,0.0312564,0.0343144,0,3416,430.96,SciCon|PAM,9741,22.159,3399,55,magnetometer sbe41 contopt wlseaowl,66.12,12.94,204.395,12.78,0,1.52954e+09,14.6833,163.45,2.71815,352.864,2408.67,5144.8,7868.81,9603.88,9603.88,1053,843,810,811,1922,0,2.25889,33.359,374.339,348.566,6499.55,62.0599,96.208,349.583,,,,,,,,
2018/DATA-20180308/p6440584.nc,644,5,584,990,410,150,250,1,0,310,0,2000,200,1,0,120,0,0.169805,0,0.00841092,0.0262052,0.0295619,0.032471,0,3230.81,486.291,SciCon|PAM,9331,23.005,3395,55,magnetometer sbe41 contopt wlseaowl,66.12,13.09,204.705,12.86,0,1.52955e+09,16.05,156.917,2.5851,334.996,2520.71,5239.37,8014.12,9196.72,9196.72,1021,840,817,817,1840,0,2.25982,33.334,359.698,368.189,6712.12,53.4745,868.264,333.887,,,,,,,,
2018/DATA-20180308/p6440585.nc,644,5,585,990,410,150,250,1,0,310,0,2000,200,1,0,120,0,0.146691,0,0.00605142,0.0222979,0.0292484,0.0327287,0,3196.54,379.614,SciCon|PAM,9652,23.81,3551,55,magnetometer sbe41 contopt wlseaowl,66.12,12.93,204.991,12.84,0,1.52956e+09,13.1667,162.1,2.80555,323.276,2716.58,5746.02,8675.32,9521.04,9521.04,1057,895,881,881,1904,0,2.22545,33.388,365.416,348.075,6290.55,53.7198,87.3393,321.821,,,,,,,,
2018/DATA-20180308/p6440586.nc,644,5,586,990,410,150,250,1,0,310,0,2000,200,1,0,120,0,0.149201,0,0.00742102,0.0278754,0.0306181,0.0335496,0,3346.24,507.339,SciCon|PAM,9329,24.918,3764,55,magnetometer sbe41 contopt wlseaowl,66.12,13.26,205.284,12.9,0,1.52957e+09,16.5333,156.617,3.2345,301.296,2879.98,5871.27,9059.13,9189.11,9189.11,1034,908,900,902,1839,0,2.07753,33.423,367.276,351.509,6215.67,68.6829,158.405,278.117,,,,,,,,
2018/DATA-20180308/p6440587.nc,644,5,587,990,410,150,250,1,0,310,0,2000,200,1,0,120,0,0.144981,0.00011407,0.00698923,0.0240654,0.0248401,0.0273965,0,2714.77,420.168,SciCon|PAM,7594,25.24,3536,55,magnetometer sbe41 contopt wlseaowl,66.12,13.09,205.554,12.82,0,1.52959e+09,13.85,127.15,2.34677,257.16,2826.21,5661.42,7474.68,7474.68,7474.68,857,746,746,746,1491,0,1.7215,26.718,300.684,337.037,5717,51.7575,852.129,250.396,,,,,,,,
2018/DATA-20180308/p6440588.nc,644,5,588,990,410,150,250,1,0,310,0,2000,200,1,0,120,0,0.0699279,0.00357689,0.0051648,0.0196241,0.022008,0.0243938,0,2405.24,342.131,SciCon|PAM,6658,25.26,3002,55,magnetometer sbe41 contopt wlseaowl,66.12,13.09,205.738,12.94,0,1.52959e+09,11.9667,112.483,1.5562,236.476,2626.72,5439.4,6535.66,6535.66,6535.66,772,655,654,654,1308,0,1.15026,23.392,269.394,181.028,3061.13,17.9066,59.3531,229.716,,,,,,,,
2018/DATA-20180308/p6440589.nc,644,5,589,990,410,150,250,1,0,310,0,2000,200,1,0,120,0,0.100259,0.00254245,0.00470005,0.0187673,0.019506,0.0218536,0,2131.8,327.989,SciCon|PAM,5837,25.216,2678,55,magnetometer sbe41 contopt wlseaowl,66.12,13.21,205.935,12.97,0,1.5296e+09,11.5667,98.45,1.35251,236.009,2468.08,4771.37,5725.16,5725.16,5725.16,685,575,572,573,1146,0,1.19023,20.087,237.594,230.333,3828.87,40.7191,530.544,235.548,,,,,,,,
2018/DATA-20180308/p6440590.nc,644,5,590,990,410,150,250,1,0,310,0,2000,200,1,0,120,0,0.151949,0,0.00841461,0.0184058,0.0249331,0.0285358,0,2724.93,325.512,SciCon|PAM,7775,25.336,3327,55,magnetometer sbe41 contopt wlseaowl,66.12,13.29,206.209,12.85,0,1.52961e+09,11.3667,131.183,0.937551,257.777,2790.34,5610.69,7673.05,7673.05,7673.05,874,768,768,768,1535,0,1.7797,26.72,309.561,346.113,5893.33,59.6069,982.93,256.378,,,,,,,,
2018/DATA-20180308/p6440591.nc,644,5,591,990,410,150,250,1,0,310,0,2000,200,1,0,120,0,0.137837,0,0.00815499,0.0215045,0.0240633,0.02711,0,2629.87,376.735,SciCon|PAM,7211,25.259,3632,55,magnetometer sbe41 contopt wlseaowl,66.12,13.29,206.46,12.58,0,1.52962e+09,12.6333,121.367,0.860741,236.447,2949.22,5878.64,7083.92,7083.92,7083.92,822,709,709,709,1419,0,1.65458,26.753,294.876,349.302,5808.46,65.0034,151.734,234.254,,,,,,,,
2018/DATA-20180308/p6440592.nc,644,5,592,990,410,150,250,1,0,310,0,2000,200,1,0,120,0,0.140805,0,0.00775762,0.0217614,0.023579,0.0263057,0,2576.94,404.2,SciCon|PAM,7005,25.287,3556,55,magnetometer sbe41 contopt wlseaowl,66.12,13.09,206.71,12.62,0,1.52962e+09,14.0167,118.367,1.03417,236.507,2737.93,5669.65,6884.16,6884.16,6884.16,797,689,689,689,1377,0,1.62387,26.745,282.517,356.66,5925.66,70.4,143.559,234.193,,,,,,,,
2018/DATA-20180308/p6440593.nc,644,5,593,990,410,150,250,1,0,310,0,2000,200,1,0,120,0,0.153357,0,0.00662984,0.0201868,0.0231232,0.0265555,0,2527.12,352.397,SciCon|PAM,6939,25.242,3380,55,magnetometer sbe41 contopt wlseaowl,66.12,13.32,206.958,12.96,0,1.52963e+09,12.15,116.9,1.01707,235.193,2873.18,5662.43,6817.09,6817.09,6817.09,796,682,682,682,1365,0,1.58012,26.717,283.055,347.094,5731.75,148.404,269.124,232.593,,,,,,,,
2018/DATA-20180308/p6440594.nc,644,5,594,990,410,150,250,1,0,310,0,2000,200,1,0,120,0,0.145121,0,0.00791445,0.0204328,0.0248336,0.0284751,0,2714.05,354.716,SciCon|PAM,7734,25.327,3309,55,magnetometer sbe41 contopt wlseaowl,66.12,13.09,207.22,12.66,0,1.52964e+09,12.2667,130.283,0.971995,261.579,2639.49,5486.87,7617.43,7617.43,7617.43,862,763,758,763,1524,0,1.76285,26.754,307.003,357.396,6092.54,63.777,158.983,260.648,,,,,,,,
2018/DATA-20180308/p6440595.nc,644,5,595,990,410,150,250,1,0,310,0,2000,200,1,0,120,0,0.125268,0.00110942,0.00784098,0.0223874,0.024122,0.0268749,0,2636.28,394.282,SciCon|PAM,7202,25.259,3428,55,magnetometer sbe41 contopt wlseaowl,66.12,13.08,207.471,12.89,0,1.52965e+09,12.9667,120.817,0.820659,238.029,2726.28,5698.78,7075.38,7075.38,7075.38,820,709,709,709,1416,0,1.60566,26.736,289.999,353.962,5926.91,0,0,228.477,,,,,,,,
2018/DATA-20180308/p6440596.nc,644,5,596,990,410,150,250,1,0,310,0,2000,200,1,0,120,0,0.128945,0.000885859,0.00616829,0.0222047,0.0226764,0.0253819,0,2478.3,417.065,SciCon|PAM,6671,25.206,3379,55,magnetometer sbe41 contopt wlseaowl,66.12,13.09,207.72,12.91,0,1.52966e+09,14.25,111.917,0.85376,241.334,2567.88,5223.43,6549.68,6549.68,6549.68,757,656,655,656,1311,0,1.54544,23.432,270.875,363.283,6101.18,0,0,238.407,,,,,,,,
2018/DATA-20180308/p6440597.nc,644,5,597,990,410,150,250,1,0,310,0,2000,200,1,0,120,0,0.159546,0,0.00617535,0.020003,0.0231539,0.0266543,0,2530.48,352.416,SciCon|PAM,7004,25.258,3285,55,magnetometer sbe41 contopt wlseaowl,66.12,13.09,207.993,12.85,0,1.52966e+09,12.25,118.25,1.0559,244.718,2717.87,5450.81,6888.2,6888.2,6888.2,795,690,690,690,1379,0,1.65867,26.738,283.488,363.283,6126.78,67.7017,1088.42,241.139,,,,,,,,
2018/DATA-20180308/p6440598.nc,644,5,598,990,410,150,250,1,0,310,0,2000,200,1,0,120,0,0.156077,0,0.0065516,0.0231919,0.025894,0.0292423,0,2829.94,441.91,SciCon|PAM,7972,25.239,3633,55,magnetometer sbe41 contopt wlseaowl,66.12,13.11,208.277,12.73,0,1.52967e+09,14.7,134.3,1.33295,272.646,2645.09,5525.18,7854.89,7854.89,7854.89,884,786,786,786,1573,0,1.83858,30.107,314.858,350.528,6062.59,60.0975,959.027,270.355,,,,,,,,
2018/DATA-20180308/p6440599.nc,644,5,599,990,410,150,250,1,0,310,0,2000,200,1,0,120,0,0.181408,0,0.00644304,0.0218614,0.0253043,0.0293739,0,2765.49,380.725,SciCon|PAM,7921,25.31,3558,55,magnetometer sbe41 contopt wlseaowl,66.12,13.28,208.577,12.7,0,1.52968e+09,12.8333,133.217,1.64217,274.288,2765.06,5604.04,7793.74,7793.74,7793.74,877,781,779,781,1560,0,1.88131,26.691,311.404,349.056,6012.6,117.987,1887.16,272.34,,,,,,,,
2018/DATA-20180308/p6440600.nc,644,5,600,990,410,150,250,1,0,310,0,2000,200,1,0,120,0,0.126309,0.0013001,0.0067656,0.0211398,0.02605,0.029773,0,2847,366.632,SciCon|PAM,8107,25.289,3552,55,magnetometer sbe41 contopt wlseaowl,66.12,13.09,208.841,12.84,0,1.52969e+09,12.6167,135.833,1.7967,268.735,2812.76,5615.97,7983.55,7983.55,7983.55,912,799,798,799,1597,0,1.83201,30.061,324.97,347.094,5962.59,0,0,265.316,,,,,,,,
2018/DATA-20180308/p6440601.nc,644,5,601,990,410,150,250,1,0,310,0,2000,200,1,0,120,0,0.157418,0,0.0068962,0.0223423,0.0273285,0.0315557,0,2986.72,391.166,SciCon|PAM,8804,25.264,3601,55,magnetometer sbe41 contopt wlseaowl,66.12,13.21,209.135,12.86,0,1.5297e+09,13.0833,147.917,1.90395,295.137,2895.19,5754.4,8675.26,8675.26,8675.26,965,869,868,869,1737,0,2.06776,30.031,341.478,352.736,6194.97,55.6822,910.739,290.887,,,,,,,,
2018/DATA-20180308/p6440602.nc,644,5,602,990,410,150,250,1,0,310,0,2000,200,1,0,120,0,0.175781,0,0.00877856,0.0250563,0.0275644,0.0314772,0,3012.5,434.497,SciCon|PAM,8661,24.46,3367,55,magnetometer sbe41 contopt wlseaowl,66.12,13.07,209.438,12.84,0,1.52971e+09,14,145.5,1.78623,306.511,2487.34,5299.46,8186.39,8526.39,8526.39,943,829,820,820,1707,0,2.08727,30.006,337.44,358.623,6339,110.138,1111.92,303.678,,,,,,,,
2018/DATA-20180308/p6440603.nc,644,5,603,990,410,150,250,1,0,310,0,2000,200,1,0,120,0,0.151885,0,0.00906947,0.0222168,0.0290638,0.0335264,0,3176.38,380.46,SciCon|PAM,9295,23.52,3451,55,magnetometer sbe41 contopt wlseaowl,66.12,13.08,209.724,12.58,0,1.52972e+09,13.0667,156.067,1.93993,326.879,2848.3,5516.01,8229.85,9160.06,9160.06,1034,853,836,837,1834,0,2.18454,33.327,366.683,356.415,6403.48,65.494,130.039,324.91,,,,,,,,
2018/DATA-20180308/p6440604.nc,644,5,604,990,410,150,250,1,0,310,0,2000,200,1,0,120,0,0.181074,0,0.00770428,0.023513,0.0293754,0.0338209,0,3210.42,402.151,SciCon|PAM,9373,23.397,3437,55,magnetometer sbe41 contopt wlseaowl,66.12,13.07,210.035,12.76,0,1.52973e+09,13.6167,157.25,2.039,328.49,2653.58,5337.54,8205.81,9234.88,9234.88,1026,854,837,837,1848,0,2.22569,33.354,365.047,357.396,6461.73,123.384,1140.71,325.997,,,,,,,,
2018/DATA-20180308/p6440605.nc,644,5,605,990,410,150,250,1,0,310,0,2000,200,1,0,120,0,0.163349,0,0.00950289,0.0241691,0.0302874,0.0348348,0,3310.1,418.083,SciCon|PAM,9698,23.423,3437,55,magnetometer sbe41 contopt wlseaowl,66.12,13.1,210.345,12.75,0,1.52974e+09,13.9,162.6,1.64952,328.162,2694.39,5507.89,8545.36,9563.61,9563.61,1056,886,867,867,1913,0,2.27975,33.391,378.575,351.509,6355.65,59.3616,976.043,325.387,,,,,,,,
2018/DATA-20180308/p6440606.nc,644,5,606,990,410,150,250,1,0,310,0,2000,200,1,0,120,0,0.155928,0,0.00839347,0.0234989,0.0314535,0.0362625,0,3437.55,403.974,SciCon|PAM,10293,22.663,3449,55,magnetometer sbe41 contopt wlseaowl,66.12,13.11,210.642,12.72,0,1.52975e+09,13.7333,173.067,1.28579,344.717,2635.54,5659.69,8628.06,10151,10151,1119,913,884,884,2032,0,2.37068,36.67,398.602,349.056,6421.2,80.9477,123.867,339.987,,,,,,,,
2018/DATA-20180308/p6440607.nc,644,5,607,990,410,150,250,1,0,310,0,2000,200,1,0,120,0,0.145446,0.000631555,0.00794498,0.0256869,0.0305556,0.0345236,0,3339.41,442.838,SciCon|PAM,9488,22.486,3171,55,magnetometer sbe41 contopt wlseaowl,66.12,13.08,210.941,12.8,0,1.52976e+09,14.7,158.683,1.39425,345.294,2916.68,5212.12,7863.63,9341.69,9341.69,1059,834,806,806,1870,0,2.28996,33.352,377.544,372.85,6842.37,0,0,342.413,,,,,,,,
2018/DATA-20180308/p6440608.nc,644,5,608,990,410,150,250,1,0,310,0,2000,200,1,0,120,0,0.165185,0,0.00856309,0.0283723,0.0336571,0.0384106,0,3678.38,485.734,SciCon|PAM,10761,21.211,3515,55,magnetometer sbe41 contopt wlseaowl,66.12,13.1,211.273,12.77,0,1.52977e+09,15.3667,180.45,1.77591,391.56,2538.44,5250.68,8027.43,10623.8,10623.8,1171,889,845,845,2125,0,2.73539,40.033,421.731,403.757,7732.63,0,0,390.348,,,,,,,,
2018/DATA-20180308/p6440609.nc,644,5,609,990,410,150,250,1,0,310,0,2000,200,1,0,120,0,0.167716,0,0.00991923,0.0259423,0.0323172,0.0371027,0,3531.93,442.379,SciCon|PAM,10440,20.74,3318,55,magnetometer sbe41 contopt wlseaowl,66.12,13.09,211.587,12.55,0,1.52978e+09,14.5667,175.05,1.94348,401.367,2615.18,5170.66,7547.2,10294.1,10294.1,1120,845,796,796,2060,0,2.54086,36.691,402.794,372.359,7218.48,54.4557,97.7516,399.779,,,,,,,,
2018/DATA-20180308/p6440610.nc,644,5,610,990,410,150,250,1,0,310,0,2000,200,1,0,120,0,0.182125,0,0.0100999,0.0258869,0.0329095,0.0380614,0,3596.67,445.952,SciCon|PAM,10837,21.156,3377,55,magnetometer sbe41 contopt wlseaowl,66.12,13.08,211.922,12.49,0,1.52979e+09,14.4833,181.75,2.15346,387.292,2555.57,5329.77,8069.47,10690.8,10690.8,1160,894,849,850,2140,0,2.64003,36.677,415.438,362.547,6959.52,68.9282,1133.96,385.964,,,,,,,,
2018/DATA-20180308/p6440611.nc,644,5,611,990,410,150,250,1,0,310,0,2000,200,1,0,120,0,0.164442,0,0.0105646,0.0252621,0.03483,0.0404378,0,3806.55,429.462,SciCon|PAM,11556,20.969,3453,55,magnetometer sbe41 contopt wlseaowl,66.12,13.19,212.242,12.52,0,1.52981e+09,14.4333,193.733,2.35332,390.067,2798.9,5666.02,8555.75,11408.7,11408.7,1247,949,896,898,2283,0,2.72415,40.004,447.973,352.49,6827.99,73.0982,160.117,388.684,,,,,,,,
2018/DATA-20180308/p6440612.nc,644,5,612,990,410,150,250,1,0,310,0,2000,200,1,0,120,0,0.194246,0,0.00968495,0.0287182,0.0368957,0.0421489,0,4032.31,488.996,SciCon|PAM,12435,20.002,3453,55,magnetometer sbe41 contopt wlseaowl,66.12,13.08,212.603,12.68,0,1.52982e+09,15.5667,207.95,2.64018,415.965,2625.18,5434.81,8404.82,12279.1,12279.1,1316,969,897,904,2458,0,2.9566,43.323,466.589,359.604,7159.49,85.8536,1387.25,414.223,,,,,,,,
2018/DATA-20180308/p6440613.nc,644,5,613,990,410,150,250,1,0,310,0,2000,200,1,0,120,0,0.154801,0.000179855,0.00818843,0.0280183,0.033072,0.0373067,0,3614.43,481.142,SciCon|PAM,10508,21.41,3355,55,magnetometer sbe41 contopt wlseaowl,66.12,12.94,212.909,12.53,0,1.52983e+09,15.6167,175.233,2.45071,385.988,2639.01,5288.16,7975.2,10346.2,10346.2,1137,876,832,836,2071,0,2.477,36.657,409.683,338.263,6511.76,50.0404,144.715,384.63,,,,,,,,
2018/DATA-20180308/p6440614.nc,644,5,614,990,410,150,250,1,0,310,0,2000,200,1,0,120,0,0.190751,0,0.0101056,0.0273606,0.0343395,0.0392073,0,3752.95,474.113,SciCon|PAM,11175,21.277,3414,55,magnetometer sbe41 contopt wlseaowl,66.12,13.08,213.247,12.47,0,1.52984e+09,15.1667,187,2.38482,383.083,2753.01,5563.39,8445.82,11027.6,11027.6,1201,929,882,883,2206,0,2.65757,40.004,431.41,351.509,6740.53,125.101,1189.01,381.916,,,,,,,,
2018/DATA-20180308/p6440615.nc,644,5,615,990,410,150,250,1,0,310,0,2000,200,1,0,120,0,0.174361,0,0.0103568,0.0267322,0.0347009,0.0399777,0,3792.45,451.342,SciCon|PAM,11538,20.745,3426,55,magnetometer sbe41 contopt wlseaowl,66.12,13.1,213.582,12.77,0,1.52985e+09,14.85,193.2,3.08548,389.18,2590.02,5493.74,8354.11,11389.5,11389.5,1226,935,876,882,2278,0,2.69494,39.96,440.681,352,6772.24,59.8522,980.556,388.331,,,,,,,,
2018/DATA-20180308/p6440616.nc,644,5,616,990,410,150,250,1,0,310,0,2000,200,1,0,120,0,0.181328,0,0.00739125,0.0264873,0.0312236,0.0357807,0,3412.42,448.396,SciCon|PAM,10067,22.564,3448,55,magnetometer sbe41 contopt wlseaowl,66.12,13.25,213.886,12.84,0,1.52987e+09,14.95,168.467,2.99896,345.688,2736.73,5555.12,8371.93,9916.1,9916.1,1097,887,858,858,1985,0,2.3808,36.707,388.989,353.472,6520.7,181.274,329.83,342.65,,,,,,,,
2018/DATA-20180308/p6440617.nc,644,5,617,990,410,150,250,1,0,310,0,2000,200,1,0,120,0,0.174369,0,0.00855772,0.0286596,0.0285307,0.0322206,0,3118.1,511.247,SciCon|PAM,8650,24.202,3562,55,magnetometer sbe41 contopt wlseaowl,66.12,12.95,214.196,12.56,0,1.52988e+09,16.7667,145.267,1.57978,311.551,2541.89,5119.7,8005.95,8508.06,8508.06,945,815,805,806,1702,0,2.1992,30.021,340.823,421.419,7497.9,64.0223,108.39,300.457,,,,,,,,
2018/DATA-20180308/p6440618.nc,644,5,618,990,410,150,250,1,0,310,0,2000,200,1,0,120,0,0.165603,0,0.00703854,0.0235585,0.026172,0.0301343,0,2860.32,406.744,SciCon|PAM,8115,24.048,3328,55,magnetometer sbe41 contopt wlseaowl,66.12,13.09,214.497,12.92,0,1.52989e+09,13.6,136.383,1.27792,312.069,2549.62,4930.05,7455.79,7977.64,7977.64,899,762,749,750,1597,0,2.1329,30.063,321.817,436.382,7769.47,0,0,306.41,,,,,,,,
2018/DATA-20180308/p6440619.nc,644,5,619,990,410,150,250,1,0,310,0,2000,200,1,0,120,0,0.159768,0,0.00583331,0.022756,0.0274613,0.0314726,0,3001.23,390.38,SciCon|PAM,9040,24.166,3319,55,magnetometer sbe41 contopt wlseaowl,66.12,13.29,214.792,12.81,0,1.5299e+09,13.1167,151.883,1.43737,313.641,2813.31,5615.39,8348.01,8910.71,8910.71,1005,853,843,843,1784,0,2.10659,33.36,345.526,347.094,6193.65,61.0787,973.324,311.24,,,,,,,,
2018/DATA-20180308/p6440620.nc,644,5,620,990,410,150,250,1,0,310,0,2000,200,1,0,120,0,0.152451,0,0.00964394,0.0234188,0.0298051,0.0341559,0,3257.39,401.806,SciCon|PAM,9646,23.522,3496,55,magnetometer sbe41 contopt wlseaowl,66.12,13.28,215.082,12.91,0,1.52991e+09,13.5167,161.983,1.77122,327.033,2778.08,5700.74,8557.64,9510.39,9510.39,1057,886,867,867,1904,0,2.24492,33.363,378.337,351.264,6351.4,74.0794,132.102,323.946,,,,,,,,
2018/DATA-20180308/p6440621.nc,644,5,621,990,410,150,250,1,0,310,0,2000,200,1,0,120,0,0.188425,0,0.00896417,0.0257329,0.0294374,0.0336872,0,3217.2,441.743,SciCon|PAM,9536,23.244,3328,55,magnetometer sbe41 contopt wlseaowl,66.12,13.09,215.392,12.81,0,1.52992e+09,14.3,160.067,1.4344,330.555,2632.87,5524.14,8308.13,9394.97,9394.97,1045,865,842,844,1880,0,2.23591,33.362,370.024,345.867,6264.73,181.764,1191.04,328.012,,,,,,,,
2018/DATA-20180308/p6440622.nc,644,5,622,990,410,150,250,1,0,310,0,2000,200,1,0,120,0,0.165101,0,0.00821212,0.0250046,0.0300417,0.0343331,0,3283.24,433.933,SciCon|PAM,9972,23.553,3666,55,magnetometer sbe41 contopt wlseaowl,66.12,13.12,215.705,12.52,0,1.52993e+09,14.2,167.35,1.05574,329.759,2738.84,5862.57,8837.97,9831.87,9831.87,1092,916,899,899,1967,0,2.38528,36.652,382.468,361.812,6538.91,53.2292,856.34,327.823,,,,,,,,
2018/DATA-20180308/p6440623.nc,644,5,623,990,410,150,250,1,0,310,0,2000,200,1,0,120,0,0.172236,0,0.00797363,0.0244621,0.0308341,0.0352229,0,3369.84,414.826,SciCon|PAM,9915,23.106,3470,55,magnetometer sbe41 contopt wlseaowl,66.12,13.09,216.024,12.83,0,1.52994e+09,13.8667,166.233,1.39576,334.326,2730.61,5551.39,8564.27,9772.32,9772.32,1073,896,875,875,1956,0,2.3581,36.659,384.662,348.566,6310.74,85.1177,1379.11,332.143,,,,,,,,
2018/DATA-20180308/p6440624.nc,644,5,624,990,410,150,250,1,0,310,0,2000,200,1,0,120,0,0.163761,0,0.00913144,0.0264835,0.0309132,0.0349311,0,3378.49,450.951,SciCon|PAM,9876,22.745,3499,55,magnetometer sbe41 contopt wlseaowl,66.12,13.07,216.326,12.84,0,1.52995e+09,14.65,165.7,2.12527,344.702,2747.43,5560.96,8295.87,9733.25,9733.25,1084,877,847,850,1947,0,2.35745,36.737,384.31,365,6682.7,91.986,160.977,343.501,,,,,,,,
2018/DATA-20180308/p6440625.nc,644,5,625,990,410,150,250,1,0,310,0,2000,200,1,0,120,0,0.183955,0,0.00808167,0.0254711,0.0307912,0.0354741,0,3365.16,431.974,SciCon|PAM,9932,22.267,3315,55,magnetometer sbe41 contopt wlseaowl,66.12,13.08,216.642,12.53,0,1.52996e+09,14.2667,166.767,1.97495,353.357,2503.02,5242.2,8082.33,9785.72,9785.72,1073,864,835,835,1959,0,2.41313,36.66,385.94,347.584,6451.73,160.178,1152.56,351.92,,,,,,,,
2018/DATA-20180308/p6440626.nc,644,5,626,990,410,150,250,1,0,310,0,2000,200,1,0,120,0,0.16413,0,0.00796476,0.0266239,0.0294129,0.0335964,0,3214.52,457.096,SciCon|PAM,9640,23.246,3490,55,magnetometer sbe41 contopt wlseaowl,66.12,13.09,216.951,12.84,0,1.52997e+09,14.7167,162.283,0.731849,332.723,2701.98,5523.71,8366.22,9497.28,9497.28,1051,873,833,853,1901,0,2.23374,33.364,367.889,347.584,6353.91,62.0599,1011.59,330.55,,,,,,,,
2018/DATA-20180308/p6440627.nc,644,5,627,990,410,150,250,1,0,310,0,2000,200,1,0,120,0,0.185283,0,0.00747238,0.0266596,0.0298416,0.0340755,0,3261.37,451.568,SciCon|PAM,9508,23.02,3324,55,magnetometer sbe41 contopt wlseaowl,66.12,13.09,217.265,12.54,0,1.52998e+09,14.6667,159.4,0.76805,336.484,2571.74,5338.16,8151.84,9367.12,9367.12,1030,856,835,835,1874,0,2.25422,33.334,367.274,353.472,6491.22,142.762,1074.74,335.029,,,,,,,,
2018/DATA-20180308/p6440628.nc,644,5,628,990,410,150,250,1,0,310,0,2000,200,1,0,120,0,0.164443,0,0.00907168,0.029411,0.0313774,0.0351644,0,3429.23,531.023,SciCon|PAM,9716,23.226,3559,55,magnetometer sbe41 contopt wlseaowl,66.12,13.27,217.582,12.87,0,1.52999e+09,17.2833,163.067,1.5633,332.733,2799.79,5700.7,8467.97,9571.42,9571.42,1061,883,862,862,1917,0,2.2718,33.361,381.292,346.603,6334.71,62.5505,1038.37,329.94,,,,,,,,
2018/DATA-20180308/p6440629.nc,644,5,629,990,410,150,250,1,0,310,0,2000,200,1,0,120,0,0.204328,0,0.00920377,0.0269798,0.0305951,0.0352881,0,3343.73,465.319,SciCon|PAM,9911,23.155,3478,55,magnetometer sbe41 contopt wlseaowl,66.12,13.07,217.91,12.83,0,1.53e+09,14.9,166.283,1.50878,336.902,2612.94,5577.95,8523.87,9766.06,9766.06,1065,894,873,873,1955,0,2.3699,36.662,383.352,351.019,6444.47,205.067,1575.35,335.619,,,,,,,,
2018/DATA-20180308/p6440630.nc,644,5,630,990,410,150,250,1,0,310,0,2000,200,1,0,120,0,0.16837,0,0.00954814,0.0320161,0.0319843,0.036263,0,3495.55,562.022,SciCon|PAM,9942,23.151,3527,55,magnetometer sbe41 contopt wlseaowl,66.12,13.06,218.234,12.86,0,1.53001e+09,17.6667,166.75,0.694949,337.588,2631.12,5296.89,8532.77,9794.41,9794.41,1083,896,875,875,1961,0,2.25739,36.645,390.525,359.604,6549.74,57.6446,953.158,312.416,,,,,,,,
2018/DATA-20180308/p6440631.nc,644,5,631,990,410,150,250,1,0,310,0,2000,200,1,0,120,0,0.19302,0,0.00916449,0.0276816,0.0294737,0.0342155,0,3221.17,468.253,SciCon|PAM,9538,23.164,3383,55,magnetometer sbe41 contopt wlseaowl,66.12,13.29,218.553,12.92,0,1.53003e+09,15.0167,160,0.973174,332.912,2569.13,5388.03,8259.7,9390.86,9390.86,1027,862,842,843,1880,0,2.2687,33.318,367.468,355.434,6460.68,174.16,1323.66,330.043,,,,,,,,
2018/DATA-20180308/p6440632.nc,644,5,632,990,410,150,250,1,0,310,0,2000,200,1,0,120,0,0.198849,0,0.00693721,0.0272302,0.0306387,0.0351931,0,3348.49,495.009,SciCon|PAM,9901,23.084,3447,55,magnetometer sbe41 contopt wlseaowl,66.12,13.12,218.876,12.88,0,1.53004e+09,16.6667,166.283,1.69118,336.573,2637.3,5581.08,8524.69,9764.92,9764.92,1070,893,868,869,1953,0,2.34689,36.693,377.832,347.584,6313.73,203.841,1475.06,334.918,,,,,,,,
2018/DATA-20180308/p6440633.nc,644,5,633,990,410,150,250,1,0,310,0,2000,200,1,0,120,0,0.17986,0,0.00953227,0.0280674,0.0301189,0.0350593,0,3291.68,483.46,SciCon|PAM,9479,23.115,3325,55,magnetometer sbe41 contopt wlseaowl,66.12,13.09,219.192,12.51,0,1.53005e+09,15.3,160.1,1.62908,335.836,2602.02,5481.79,8162.37,9335.8,9335.8,1027,854,830,834,1868,0,2.27762,33.419,370.877,360.83,6549.14,118.969,994.966,334.313,,,,,,,,
2018/DATA-20180308/p6440634.nc,644,5,634,990,410,150,250,1,0,310,0,2000,200,1,0,120,0,0.181076,0,0.00756704,0.028122,0.0285529,0.0327013,0,3120.53,484.741,SciCon|PAM,8812,24.226,3262,55,magnetometer sbe41 contopt wlseaowl,66.12,13.28,219.514,12.53,0,1.53006e+09,15.25,148,0.187785,312.226,2364.63,5240.81,8158.32,8669.14,8669.14,956,830,806,821,1735,0,2.15569,30.051,345.456,352.736,6246.27,113.081,1844.4,310.688,,,,,,,,
2018/DATA-20180308/p6440635.nc,644,5,635,990,410,150,250,1,0,310,0,2000,200,1,0,120,0,0.19454,0,0.00924968,0.0255536,0.0285827,0.0334201,0,3123.8,440.074,SciCon|PAM,8884,24.381,3227,55,magnetometer sbe41 contopt wlseaowl,66.12,13.29,219.84,12.51,0,1.53007e+09,14.3667,149.083,0.300279,310.425,2651.88,5544.12,8289.77,8745.89,8745.89,969,843,835,834,1750,0,2.10448,33.318,348.839,349.302,6193.17,141.29,2207.07,308.945,,,,,,,,
2018/DATA-20180308/p6440636.nc,644,5,636,990,410,150,250,1,0,310,0,2000,200,1,0,120,0,0.184073,0,0.00795988,0.0256022,0.0280726,0.0328637,0,3068.05,434.567,SciCon|PAM,9019,24.312,3175,55,magnetometer sbe41 contopt wlseaowl,66.12,13.28,220.158,12.87,0,1.53008e+09,14.1333,152.233,0.28154,311.619,2459.12,5396.12,8396.27,8886.27,8886.27,986,854,843,843,1778,0,2.14398,33.363,347.852,346.849,6152.14,113.817,1892.22,300.159,,,,,,,,
2018/DATA-20180308/p6440637.nc,644,5,637,990,330,250,250,1,0,310,0,2000,200,1,0,120,0,0.246454,0,0.00669347,0.0254493,0.0242766,0.028518,0,2653.18,464.769,SciCon|PAM,7174,23.868,2803,55,magnetometer sbe41 contopt wlseaowl,66.12,13.03,220.522,12.66,0,1.53009e+09,15.7,120.917,1.74372,313.987,2098.9,4267.7,6479.57,7037.52,7037.52,787,666,656,656,1408,0,2.23048,26.738,286.818,570.558,9933.68,78.2494,1299.59,308.881,,,,,,,,
2018/DATA-20180308/p6440638.nc,644,5,638,990,330,250,250,1,0,310,0,2000,200,1,0,120,0,0.241557,0,0.00665634,0.0230435,0.0226799,0.0271977,0,2478.68,401.113,SciCon|PAM,6707,24.729,2643,55,magnetometer sbe41 contopt wlseaowl,66.12,13.05,220.875,12.96,0,1.53009e+09,13.1833,113.383,1.71409,302.006,1998.6,4154.58,6423.75,6587.97,6587.97,739,646,640,642,1319,0,2.08248,23.425,269.771,563.936,9734.91,78.74,1340.09,296.742,,,,,,,,
2018/DATA-20180308/p6440639.nc,644,5,639,990,330,250,250,1,0,310,0,2000,200,1,0,120,0,0.248356,0,0.00705107,0.0216568,0.02209,0.0269581,0,2414.21,381.331,SciCon|PAM,6247,25.3,2622,55,magnetometer sbe41 contopt wlseaowl,66.12,13.05,221.223,12.68,0,1.5301e+09,13.25,105.583,0.902448,278.232,2080.42,4177.45,6130.99,6130.99,6130.99,686,613,613,613,1227,0,1.94105,23.421,257.074,574.729,9738.59,114.799,1292.98,272.425,,,,,,,,
2018/DATA-20180308/p6440640.nc,644,5,640,990,330,250,250,1,0,310,0,2000,200,1,0,120,0,0.246628,0,0.0080819,0.0216444,0.0210983,0.025921,0,2305.82,379.763,SciCon|PAM,5949,25.234,2583,55,magnetometer sbe41 contopt wlseaowl,66.12,13.05,221.567,12.86,0,1.53011e+09,12.6167,100.783,0.303086,266.011,1981.22,4126.79,5838.25,5838.25,5838.25,659,584,581,584,1168,0,1.85481,23.457,245.557,584.54,9762.16,105.723,1300.54,259.918,,,,,,,,
2018/DATA-20180308/p6440641.nc,644,5,641,990,330,250,250,1,0,310,0,2000,200,1,0,120,0,0.243228,0,0.00601583,0.0266694,0.0218447,0.0258602,0,2387.4,500.319,SciCon|PAM,5915,25.19,2798,55,magnetometer sbe41 contopt wlseaowl,66.12,13.05,221.913,12.93,0,1.53012e+09,15.8333,100.167,0.404683,258.148,2131.14,4267.72,5803.68,5803.68,5803.68,661,582,581,581,1162,0,1.80554,23.431,242.558,565.407,9319.03,125.592,1586.98,251.449,,,,,,,,
2018/DATA-20180308/p6440642.nc,644,5,642,990,330,250,250,1,0,310,0,2000,200,1,0,120,0,0.243394,0,0.00762018,0.0187322,0.0204644,0.0253282,0,2236.55,327.39,SciCon|PAM,5824,25.187,2552,55,magnetometer sbe41 contopt wlseaowl,66.12,13.06,222.249,12.94,0,1.53012e+09,12,98.7,0.662243,257.292,2028.13,4190.13,5713.94,5713.94,5713.94,651,572,572,572,1144,0,1.81565,20.158,240.338,576.2,9466.73,113.817,1497.66,250.765,,,,,,,,
2018/DATA-20180308/p6440643.nc,644,5,643,990,330,250,250,1,0,310,0,2000,200,1,0,120,0,0.242253,0,0.00537903,0.0194895,0.0199046,0.0246956,0,2175.37,348.907,SciCon|PAM,5850,25.24,2548,55,magnetometer sbe41 contopt wlseaowl,66.12,13.07,222.587,12.97,0,1.53013e+09,11.9667,99.0333,0.812176,260.188,2052.03,4117.29,5740.99,5740.99,5740.99,648,575,574,575,1149,0,1.79993,20.116,233.204,582.823,9616.78,94.1937,1490.42,250.811,,,,,,,,
2018/DATA-20180308/p6440644.nc,644,5,644,990,330,250,250,1,0,310,0,2000,200,1,0,120,0,0.244057,0,0.00651476,0.0188334,0.0201511,0.0253964,0,2202.3,328.736,SciCon|PAM,5817,25.335,2505,55,magnetometer sbe41 contopt wlseaowl,66.12,13.05,222.923,12.67,0,1.53014e+09,11.6167,98.6833,0.645753,259.163,2038.38,4126.35,5711.1,5711.1,5711.1,645,572,572,572,1143,0,1.80613,20.093,241.621,579.88,9562.03,111.364,1345.05,253.98,,,,,,,,
2018/DATA-20180308/p6440645.nc,644,5,645,990,330,250,250,1,0,310,0,2000,200,1,0,120,0,0.241951,0,0.00618936,0.0191692,0.0199818,0.0247594,0,2183.8,341.952,SciCon|PAM,5753,25.212,2595,55,magnetometer sbe41 contopt wlseaowl,66.12,13.06,223.254,12.62,0,1.53014e+09,11.8667,97.65,0.142586,254.575,2055.58,4215.13,5644.64,5644.64,5644.64,646,565,564,564,1130,0,1.78736,20.109,235.874,567.86,9344.51,124.12,1400.27,249.867,,,,,,,,
2018/DATA-20180308/p6440646.nc,644,5,646,990,330,250,250,1,0,310,0,2000,200,1,0,120,0,0.240198,0,0.00546314,0.0197629,0.0193808,0.0240312,0,2118.12,349.739,SciCon|PAM,5649,25.207,2545,55,magnetometer sbe41 contopt wlseaowl,66.12,13.05,223.589,12.5,0,1.53015e+09,12.1,95.8833,0.301702,253.729,2055.58,4121.16,5540.68,5540.68,5540.68,636,555,554,554,1109,0,1.73952,20.118,228.508,567.86,9438.79,99.0996,1606.98,249.208,,,,,,,,
2018/DATA-20180308/p6440647.nc,644,5,647,990,330,250,250,1,0,310,0,2000,200,1,0,120,0,0.247145,0,0.00633251,0.0191019,0.0189346,0.0237755,0,2069.36,362.802,SciCon|PAM,5604,25.307,2631,55,magnetometer sbe41 contopt wlseaowl,66.12,13.04,223.925,12.91,0,1.53016e+09,13.2667,94.9333,0.308842,250.016,2052.37,4137.92,5493.69,5493.69,5493.69,630,551,550,551,1100,0,1.72528,20.117,223.491,578.163,9574.01,112.591,1609.59,243.964,,,,,,,,
2018/DATA-20180308/p6440648.nc,644,5,648,990,330,250,250,1,0,310,0,2000,200,1,0,120,0,0.247988,0,0.00608361,0.0187304,0.0194434,0.0246718,0,2124.96,334.869,SciCon|PAM,5627,25.188,2510,55,magnetometer sbe41 contopt wlseaowl,66.12,13.25,224.265,12.92,0,1.53016e+09,11.5833,95.6333,0.20263,251.181,2022.85,4092.37,5519.25,5519.25,5519.25,625,553,553,553,1105,0,1.75547,20.108,231.416,598.277,9875.59,92.7219,1378.54,246.936,,,,,,,,
2018/DATA-20180308/p6440649.nc,644,5,649,990,330,250,250,1,0,310,0,2000,200,1,0,120,0,0.242213,0,0.00700328,0.0184037,0.0191598,0.0239685,0,2093.96,323.763,SciCon|PAM,5569,25.269,2516,55,magnetometer sbe41 contopt wlseaowl,66.12,13.07,224.593,12.84,0,1.53017e+09,11.85,94.4333,1.02034,249.548,1956.13,4130.62,5460.57,5460.57,5460.57,629,547,545,547,1093,0,1.72338,20.104,225.943,563.2,9247.14,128.29,1555.7,244.696,,,,,,,,
2018/DATA-20180308/p6440650.nc,644,5,650,990,380,250,250,1,0,310,0,2000,200,1,0,120,0,0.229442,0,0.00617415,0.0192137,0.0219849,0.0265516,0,2402.72,342.024,SciCon|PAM,6290,25.286,2647,55,magnetometer sbe41 contopt wlseaowl,66.12,13.05,224.912,12.76,0,1.53018e+09,11.7667,106.533,0.815063,250.175,2194.87,4672.37,6178.22,6178.22,6178.22,709,619,617,619,1237,0,1.40744,23.408,251.396,487.648,7981.35,204.577,1875.79,247.092,,,,,,,,
2018/DATA-20180308/p6440651.nc,644,5,651,990,380,250,250,1,0,310,0,2000,200,1,0,120,0,0.235929,0,0.007761,0.0213094,0.0222473,0.0271677,0,2431.4,376.095,SciCon|PAM,6452,25.201,2775,55,magnetometer sbe41 contopt wlseaowl,66.12,13,225.255,12.91,0,1.53018e+09,12.7,109,1.33633,249.259,2320.43,4871.24,6335.42,6335.42,6335.42,722,635,634,634,1269,0,1.82257,23.396,261.195,572.766,9353.94,91.0048,1412.2,231.137,,,,,,,,
2018/DATA-20180308/p6440652.nc,644,5,652,990,330,250,250,1,0,310,0,2000,200,1,0,120,0,0.24342,0,0.00579331,0.0201373,0.0189117,0.0238859,0,2066.85,350.063,SciCon|PAM,5440,25.24,2502,55,magnetometer sbe41 contopt wlseaowl,66.12,12.97,225.59,12.89,0,1.53019e+09,12.25,92.25,1.34447,239.455,2066.48,4156.25,5327.18,5327.18,5327.18,610,534,533,534,1066,0,1.6398,20.133,221.783,582.087,9449.84,109.893,1711.94,230.683,,,,,,,,
2018/DATA-20180308/p6440653.nc,644,5,653,990,330,250,250,1,0,310,0,2000,200,1,0,120,0,0.244718,0,0.00707419,0.0171408,0.0177601,0.0228485,0,1940.99,303.683,SciCon|PAM,5144,25.257,2462,55,magnetometer sbe41 contopt wlseaowl,66.12,13.05,225.92,12.8,0,1.5302e+09,11.1,87.2,1.36562,232.298,1986.15,4057.06,5042.28,5042.28,5042.28,582,504,504,504,1009,0,1.59332,20.096,212.753,631.882,10246.4,60.5881,1018.63,218.991,,,,,,,,
2018/DATA-20180308/p6440654.nc,644,5,654,990,360,300,250,1,0,310,0,2000,200,1,0,120,0,0.261108,0,0.00731967,0.0195649,0.0192471,0.0244325,0,2103.51,354.57,SciCon|PAM,5453,25.238,526,55,magnetometer sbe41 contopt wlseaowl,66.12,12.97,226.275,12.8,0,1.5302e+09,12.2,92.5,1.22272,236.23,2110.11,4258.76,5353.31,5353.31,5353.31,617,536,536,536,1071,0,1.722,20.099,227.292,697.622,11327.9,43.1721,738.703,220.997,,,,,,,,
2018/DATA-20180308/p6440655.nc,644,5,655,990,360,300,250,1,0,310,0,2000,200,1,0,120,0,0.251506,0,0.00577545,0.0181272,0.0189022,0.0245034,0,2065.81,319.679,SciCon|PAM,5758,25.349,0,0,magnetometer sbe41 contopt wlseaowl,66.12,13.02,226.619,12.94,0,1.53021e+09,10.5167,97.4833,1.29486,242.401,2093.34,4386.97,5659.47,5659.47,5659.47,654,566,565,566,1132,0,1.78029,20.1,234.058,702.528,11387,37.5303,81.8981,222.291,,,,,,,,
2018/DATA-20180308/p6440656.nc,644,5,656,990,360,300,250,1,0,310,0,2000,200,1,0,120,0,0.233134,0,0.00775839,0.0185727,0.0181642,0.0234191,0,1985.15,323.627,SciCon|PAM,5307,25.226,0,0,magnetometer sbe41 contopt wlseaowl,66.12,13.04,226.948,12.93,0,1.53021e+09,10.7167,89.5,1.2667,231.949,2018.77,4146.46,5199.12,5199.12,5199.12,601,521,519,521,1040,0,1.51255,20.099,218.534,688.301,11022.4,0,0,222.605,,,,,,,,
2018/DATA-20180308/p6440658.nc,644,5,658,990,360,300,250,1,0,310,0,2000,200,1,0,120,0,0.241327,0,0.00541809,0.019619,0.0189881,0.0235705,0,2075.2,347.994,SciCon|PAM,5322,25.192,0,0,magnetometer sbe41 contopt wlseaowl,66.12,13.04,227.624,12.97,0,1.53023e+09,11.25,89.8833,1.12667,225.299,2052.99,4378.66,5220.98,5220.98,5220.98,608,522,522,522,1043,0,1.19378,20.048,214.069,684.131,10808.6,57.6446,110.651,216.011,,,,,,,,
2018/DATA-20180308/p6440659.nc,644,5,659,990,360,300,250,1,0,310,0,2000,200,1,0,120,0,0.259037,0,0.00580261,0.0179134,0.019459,0.0253265,0,2126.67,314.675,SciCon|PAM,5844,25.224,0,0,magnetometer sbe41 contopt wlseaowl,66.12,13.04,227.98,12.89,0,1.53023e+09,10.5667,98.85,1.24891,234.616,2110.28,4383.25,5740.35,5740.35,5740.35,653,574,574,574,1148,0,1.39447,23.396,232.966,681.432,10982.3,59.3616,1052.34,231.726,,,,,,,,
2018/DATA-20180308/p6440660.nc,644,5,660,990,360,300,250,1,0,310,0,2000,200,1,0,120,0,0.251284,0,0.0054114,0.0188105,0.0171975,0.0226468,0,1879.51,326.142,SciCon|PAM,4931,25.237,0,0,magnetometer sbe41 contopt wlseaowl,66.12,13.05,228.318,12.97,0,1.53024e+09,10.7667,83.6,1.42026,211.681,2018.43,4305,4824.41,4824.41,4824.41,567,483,482,483,964,0,1.49781,16.787,204.796,743.002,11692.9,0,0,185.049,,,,,,,,
2018/DATA-20180308/p6440661.nc,644,5,661,990,300,300,250,1,0,310,0,2000,200,1,0,120,0,0.252164,0,0.00513418,0.0171068,0.0154667,0.0207662,0,1690.35,297.899,SciCon|PAM,4405,25.254,0,0,magnetometer sbe41 contopt wlseaowl,66.12,13.05,228.647,12.78,0,1.53025e+09,10.1167,74.55,0.759495,208.953,1861.09,3867.19,4308.19,4308.19,4308.19,505,431,431,431,861,0,1.40913,16.764,183.541,693.206,10853.6,48.8139,840.174,198.028,,,,,,,,
2018/DATA-20180308/p6440662.nc,644,5,662,990,300,300,250,1,0,310,0,2000,200,1,0,120,0,0.249052,0,0.00498273,0.0168764,0.0154887,0.0207222,0,1692.75,302.253,SciCon|PAM,4376,25.211,0,0,magnetometer sbe41 contopt wlseaowl,66.12,13.12,228.973,12.62,0,1.53025e+09,9.88333,74.5667,0.780487,204.444,1908.12,4013.25,4281.17,4281.17,4281.17,509,429,428,429,857,0,1.4021,16.768,183.853,670.885,10388.5,71.3811,1185.35,197.938,,,,,,,,
2018/DATA-20180308/p6440663.nc,644,5,663,990,300,300,250,1,0,310,0,2000,200,1,0,120,0,0.247329,0,0.00692196,0.0178813,0.0159206,0.0210124,0,1739.96,321.118,SciCon|PAM,4422,25.118,0,0,magnetometer sbe41 contopt wlseaowl,66.12,13.28,229.299,12.95,0,1.53026e+09,10.2833,75.4,1.08731,207.351,1931.57,3942.99,4327.09,4327.09,4327.09,508,434,432,433,866,0,1.43174,16.829,185.961,668.186,10306.3,74.0794,1213.76,201.011,,,,,,,,
2018/DATA-20180308/p6440664.nc,644,5,664,990,300,300,250,1,0,310,0,2000,200,1,0,120,0,0.248927,0,0.00669834,0.0164323,0.0151444,0.0205717,0,1655.12,288.738,SciCon|PAM,4296,25.125,0,0,magnetometer sbe41 contopt wlseaowl,66.12,13.05,229.625,12.63,0,1.53026e+09,9.71667,72.85,1.25602,211.263,1836.39,3708.35,4203.37,4203.37,4203.37,495,420,420,420,840,0,1.41406,16.787,181.811,709.151,11038.7,32.3791,576.059,204.771,,,,,,,,
2018/DATA-20180308/p6440665.nc,644,5,665,990,300,350,250,1,0,310,0,2000,200,1,0,120,0,0.265672,0,0.00641329,0.0177006,0.0163094,0.0206632,0,1782.44,315.474,SciCon|PAM,2659,24.872,0,0,magnetometer sbe41 contopt wlseaowl,66.12,13.01,229.957,12.72,0,1.53027e+09,10.6333,79.9,1.17009,215.683,1919,4015.89,4599.77,4599.77,4599.77,532,257,257,257,514,0,0.695164,16.782,153.919,681.432,10703.9,109.157,1722.63,209.795,,,,,,,,
2018/DATA-20180308/p6440666.nc,644,5,666,990,300,350,250,1,0,310,0,2000,200,1,0,120,0,0.267328,0,0.0051839,0.0139713,0.0151233,0.0210627,0,1652.82,250.897,SciCon|PAM,4530,25.283,0,0,magnetometer sbe41 contopt wlseaowl,66.12,13.03,230.301,12.78,0,1.53027e+09,8.63333,77.7667,1.05745,214.438,1841.87,3910.72,4477.8,4477.8,4477.8,517,446,445,446,891,0,1.44488,16.783,187.364,682.168,10773.8,109.157,1756.57,208.493,,,,,,,,
2018/DATA-20180308/p6440667.nc,644,5,667,990,300,350,250,1,0,310,0,2000,200,1,0,120,0,0.270077,0,0.00563886,0.016716,0.0162409,0.0221809,0,1774.96,296.058,SciCon|PAM,4667,25.2,0,0,magnetometer sbe41 contopt wlseaowl,66.12,13.02,230.652,12.81,0,1.53028e+09,10,79.2,0.761601,219.067,1922.96,3906.15,4570.76,4570.76,4570.76,526,458,457,456,915,0,1.49575,16.808,193.511,681.187,10820.8,109.647,1746.58,213.193,,,,,,,,
2018/DATA-20180308/p6440668.nc,644,5,668,990,360,250,250,1,0,310,0,2000,200,1,0,120,0,0.160777,0.000150354,0.00776761,0.0170034,0.0204827,0.0252765,0,2238.55,302.352,SciCon|PAM,6051,25.25,0,0,magnetometer sbe41 contopt wlseaowl,66.12,13.03,230.92,12.96,0,1.53028e+09,9.95,101.733,0.136192,215.683,2709.4,5344.07,5956.27,5956.27,5956.27,708,596,595,596,1191,0,1.41786,23.404,248.43,487.403,7676.92,0,0,212.856,,,,,,,,
2018/DATA-20180308/p6440669.nc,644,5,669,990,360,250,250,1,0,310,0,2000,200,1,0,120,0,0.218176,0,0.00579045,0.0219945,0.0193757,0.0236847,0,2117.57,389.781,SciCon|PAM,5481,25.278,0,0,magnetometer sbe41 contopt wlseaowl,66.12,13.04,231.235,12.96,0,1.53029e+09,12.3167,92.8,0.478318,208.933,2279.6,4923.83,5373.76,5373.76,5373.76,619,538,537,538,1075,0,1.49424,20.097,222.522,488.384,7641.79,159.442,2415.21,206.152,,,,,,,,
2018/DATA-20180308/p6440670.nc,644,5,670,990,360,250,250,1,0,310,0,2000,200,1,0,120,0,0.218992,0,0.0058021,0.0188872,0.0181497,0.0235247,0,1983.58,329.323,SciCon|PAM,5340,25.103,0,0,magnetometer sbe41 contopt wlseaowl,66.12,13.03,231.545,12.88,0,1.53029e+09,10.7333,90.1,0.687601,211.223,2138.56,4751.42,5238.56,5238.56,5238.56,609,524,524,524,1048,0,1.46214,20.117,219.048,487.648,7682.19,159.688,2455.39,207.788,,,,,,,,
2018/DATA-20180308/p6440671.nc,644,5,671,990,360,250,250,1,0,310,0,2000,200,1,0,120,0,0.228563,0,0.00741971,0.0195886,0.0193788,0.0246557,0,2117.91,344.367,SciCon|PAM,5682,25.2,0,0,magnetometer sbe41 contopt wlseaowl,66.12,13.04,231.869,12.92,0,1.5303e+09,11.3667,95.7833,1.14738,217.843,2306.86,4923.38,5577.9,5577.9,5577.9,636,558,557,558,1116,0,1.52976,20.109,228.919,487.403,7786.9,177.104,2701.05,214.698,,,,,,,,
2018/DATA-20180308/p6440672.nc,644,5,672,990,330,250,250,1,0,310,0,2000,200,1,0,120,0,0.231664,0,0.00539443,0.0210599,0.0177813,0.0226393,0,1943.32,369.324,SciCon|PAM,4967,25.181,0,0,magnetometer sbe41 contopt wlseaowl,66.12,13.05,232.189,12.92,0,1.53031e+09,11.6667,84.5833,1.24833,216.011,2075.4,4267.42,4884.38,4884.38,4884.38,567,486,486,486,972,0,1.51151,16.789,206.757,614.712,9851.77,77.2682,867.093,205.484,,,,,,,,
2018/DATA-20180308/p6440673.nc,644,5,673,990,330,250,250,1,0,310,0,2000,200,1,0,120,0,0.206392,0,0.00665569,0.0191781,0.0177148,0.0228228,0,1936.05,338.73,SciCon|PAM,5188,25.13,0,0,magnetometer sbe41 contopt wlseaowl,66.12,13.03,232.491,12.84,0,1.53031e+09,10.7667,87.5333,1.13832,220.242,2150.4,4390.73,5083.86,5083.86,5083.86,596,509,508,509,1018,0,1.53384,20.077,212.054,605.391,9781.79,0,0,206.506,,,,,,,,
2018/DATA-20180308/p6440674.nc,644,5,674,990,330,250,250,1,0,310,0,2000,200,1,0,120,0,0.241689,0,0.00710185,0.0188364,0.0171447,0.022398,0,1873.73,334.266,SciCon|PAM,4976,25.154,0,0,magnetometer sbe41 contopt wlseaowl,66.12,13.02,232.818,12.87,0,1.53032e+09,10.8333,84.3667,0.72789,219.157,2095.2,4176.4,4877.35,4877.35,4877.35,564,488,486,488,975,0,1.54557,16.813,204.14,598.032,9635.75,95.4201,1528.16,213.793,,,,,,,,
2018/DATA-20180308/p6440675.nc,644,5,675,990,330,250,250,1,0,310,0,2000,200,1,0,120,0,0.224309,0,0.00596019,0.0186652,0.0181933,0.023438,0,1988.34,329.742,SciCon|PAM,5267,25.244,0,0,magnetometer sbe41 contopt wlseaowl,66.12,13.02,233.122,13.02,0,1.53032e+09,10.6,89.3667,0.407078,221.486,2111.47,4431.69,5169.69,5169.69,5169.69,597,517,517,517,1034,0,1.55307,20.112,216.844,602.202,9650.86,90.5142,186.76,206.211,,,,,,,,
2018/DATA-20180308/p6440676.nc,644,5,676,990,330,250,250,1,0,310,0,2000,200,1,0,120,0,0.240062,0,0.00484472,0.0189454,0.0170513,0.0222405,0,1863.53,330.336,SciCon|PAM,4969,25.198,0,0,magnetometer sbe41 contopt wlseaowl,66.12,13.02,233.446,12.7,0,1.53033e+09,10.7667,84.2333,0.488193,220.361,2082.29,4133.4,4866.33,4866.33,4866.33,563,487,487,487,973,0,1.53463,16.771,201.233,598.768,9569.85,94.6843,1506,214.443,,,,,,,,
2018/DATA-20180308/p6440677.nc,644,5,677,990,330,250,250,1,0,310,0,2000,200,1,0,120,0,0.226933,0,0.00750612,0.0193735,0.018158,0.0232766,0,1984.48,369.363,SciCon|PAM,5139,25.262,0,0,magnetometer sbe41 contopt wlseaowl,66.12,13.02,233.757,12.94,0,1.53034e+09,12.3,87.2,0.663794,217.654,2029.54,4392.38,5037.68,5037.68,5037.68,581,505,503,505,1008,0,1.5244,20.068,213.301,634.581,10035.8,57.3993,154.064,196.918,,,,,,,,
2018/DATA-20180308/p6440678.nc,644,5,678,990,330,250,250,1,0,310,0,2000,200,1,0,120,0,0.237026,0,0.00554636,0.0179888,0.0173671,0.0231849,0,1898.05,313.089,SciCon|PAM,5078,25.225,0,0,magnetometer sbe41 contopt wlseaowl,66.12,13.02,234.08,12.9,0,1.53034e+09,10.4333,85.7167,1.05083,219.864,2091.4,4277.72,4975.67,4975.67,4975.67,571,498,496,498,995,0,1.50568,20.06,210.236,597.05,9499.91,96.4013,1445.35,207.047,,,,,,,,
2018/DATA-20180308/p6440679.nc,644,5,679,990,330,250,250,1,0,310,0,2000,200,1,0,120,0,0.223917,0,0.00578059,0.0184579,0.0177663,0.0232592,0,1941.67,319.649,SciCon|PAM,5186,25.22,0,0,magnetometer sbe41 contopt wlseaowl,66.12,13.02,234.383,12.75,0,1.53035e+09,10.6,88.05,1.33729,223.925,2146.43,4324.85,5086.42,5086.42,5086.42,593,509,507,509,1017,0,1.54164,20.136,214.238,611.768,9765.5,81.193,137.639,209.814,,,,,,,,
2018/DATA-20180308/p6440680.nc,644,5,680,990,330,250,250,1,0,310,0,2000,200,1,0,120,0,0.239611,0,0.00767752,0.0184213,0.0180453,0.0234694,0,1972.16,322.409,SciCon|PAM,5216,25.217,0,0,magnetometer sbe41 contopt wlseaowl,66.12,13.02,234.712,12.91,0,1.53035e+09,10.8,88.0333,1.46476,225.756,2001.37,4282.05,5112.5,5112.5,5112.5,586,512,511,511,1023,0,1.58095,20.048,215.044,605.636,9677.62,86.0989,1401.36,210.782,,,,,,,,
2018/DATA-20180308/p6440681.nc,644,5,681,990,330,250,250,1,0,310,0,2000,200,1,0,120,0,0.227337,0,0.00498498,0.0182039,0.0180078,0.0235717,0,1968.07,316.447,SciCon|PAM,5504,25.251,0,0,magnetometer sbe41 contopt wlseaowl,66.12,13.04,235.022,12.96,0,1.53036e+09,10.5167,93.35,1.36754,233.6,2130.88,4377.62,5406.8,5406.8,5406.8,625,541,540,541,1081,0,1.64646,20.102,219.923,619.863,9958.01,72.8529,154.561,216.281,,,,,,,,
2018/DATA-20180308/p6440682.nc,644,5,682,990,330,250,250,1,0,310,0,2000,200,1,0,120,0,0.228573,0,0.00583413,0.020208,0.018548,0.0237221,0,2027.1,357.192,SciCon|PAM,5400,25.191,0,0,magnetometer sbe41 contopt wlseaowl,66.12,13,235.335,12.94,0,1.53037e+09,11.2833,91.0667,0.992599,234.934,2084.74,4280.25,5295.51,5295.51,5295.51,609,530,529,530,1059,0,1.62288,20.109,218.827,623.297,10016.4,68.6829,144.173,217.172,,,,,,,,
2018/DATA-20180308/p6440683.nc,644,5,683,990,330,250,250,1,0,310,0,2000,200,1,0,120,0,0.213849,0,0.00721356,0.0185106,0.0189281,0.0242347,0,2068.64,322.471,SciCon|PAM,5629,25.233,0,0,magnetometer sbe41 contopt wlseaowl,66.12,13.28,235.647,12.86,0,1.53037e+09,10.75,95.3167,0.93778,238.826,2042.36,4344.26,5525.53,5525.53,5525.53,633,553,552,553,1106,0,1.65146,20.111,227.988,630.165,10054.2,0,0,212.913,,,,,,,,
2018/DATA-20180308/p6440684.nc,644,5,684,990,330,250,250,1,0,310,0,2000,200,1,0,120,0,0.21283,0,0.00540547,0.0204822,0.0184963,0.0235228,0,2021.46,361.063,SciCon|PAM,5364,25.33,0,0,magnetometer sbe41 contopt wlseaowl,66.12,13.28,235.951,12.97,0,1.53038e+09,11.3833,90.7,1.11132,235.103,2169.92,4189.48,5257.42,5257.42,5257.42,610,527,525,526,1052,0,1.62764,20.056,220.095,602.202,9634.88,43.908,73.899,227.106,,,,,,,,
2018/DATA-20180308/p6440685.nc,644,5,685,990,330,250,250,1,0,310,0,2000,200,1,0,120,0,0.23996,0,0.00534502,0.0230489,0.0193382,0.0238685,0,2113.46,466.325,SciCon|PAM,5371,25.188,0,0,magnetometer sbe41 contopt wlseaowl,66.12,13.01,236.286,12.96,0,1.53038e+09,15.25,91.05,1.45686,234.745,2050.63,4184.85,5265.11,5265.11,5265.11,600,527,527,527,1053,0,1.6394,20.082,217.799,598.277,9607,94.6843,1446.07,224.642,,,,,,,,
2018/DATA-20180308/p6440686.nc,644,5,686,990,330,250,250,1,0,310,0,2000,200,1,0,120,0,0.240336,0,0.00501072,0.0186003,0.0173209,0.0231555,0,1893,321.443,SciCon|PAM,5220,25.181,0,0,magnetometer sbe41 contopt wlseaowl,66.12,13.35,236.613,12.83,0,1.53039e+09,10.7167,88.3833,1.8368,231.311,2062.28,4128.16,5112.52,5112.52,5112.52,585,512,512,512,1023,0,1.59303,20.101,210.265,605.391,9702.82,87.3254,1393.63,221.238,,,,,,,,
2018/DATA-20180308/p6440687.nc,644,5,687,990,330,250,250,1,0,310,0,2000,200,1,0,120,0,0.242117,0,0.0069933,0.0187631,0.0180617,0.0237626,0,1973.96,326.004,SciCon|PAM,5261,25.213,0,0,magnetometer sbe41 contopt wlseaowl,66.12,13.01,236.944,12.95,0,1.5304e+09,10.8167,89.1833,1.9856,230.873,1980.84,4136.24,5156.68,5156.68,5156.68,589,516,515,516,1031,0,1.62612,20.09,214.861,597.05,9639.72,95.4201,1534.88,222.003,,,,,,,,
2018/DATA-20180308/p6440688.nc,644,5,688,990,330,250,250,1,0,310,0,2000,200,1,0,120,0,0.243932,0,0.00542042,0.0184154,0.0181575,0.0239253,0,1984.43,320.256,SciCon|PAM,5337,25.268,0,0,magnetometer sbe41 contopt wlseaowl,66.12,13.04,237.278,12.94,0,1.5304e+09,10.6167,90.4833,1.85494,236.527,2048.85,4114.6,5235.62,5235.62,5235.62,597,524,524,524,1047,0,1.66292,20.1,216.224,598.522,9678.19,95.9107,1544.35,229.808,,,,,,,,
2018/DATA-20180308/p6440689.nc,644,5,689,990,330,250,250,1,0,310,0,2000,200,1,0,120,0,0.232463,0,0.006742,0.0192302,0.019181,0.0251451,0,2096.28,339.119,SciCon|PAM,5742,25.173,0,0,magnetometer sbe41 contopt wlseaowl,66.12,13.02,237.596,12.79,0,1.53041e+09,10.9833,97.0167,1.52935,247.266,2102.45,4242.25,5640.68,5640.68,5640.68,637,564,564,564,1128,0,1.74115,20.118,234.783,609.07,10046.4,82.1742,159.667,231.95,,,,,,,,
2018/DATA-20180308/p6440690.nc,644,5,690,990,330,250,250,1,0,310,0,2000,200,1,0,120,0,0.21707,0,0.00748061,0.0204867,0.01976,0.0251051,0,2159.56,359.806,SciCon|PAM,5874,25.23,0,0,magnetometer sbe41 contopt wlseaowl,66.12,13.01,237.918,12.98,0,1.53042e+09,11.5833,99.3167,1.36814,256.761,2146.17,4199.42,5762.98,5762.98,5762.98,659,577,575,576,1153,0,1.79493,20.121,236.6,617.655,10250.6,0,0,243.362,,,,,,,,
2018/DATA-20180308/p6440691.nc,644,5,691,990,330,250,250,1,0,310,0,2000,200,1,0,120,0,0.213457,0,0.00865843,0.0205576,0.0210763,0.0271146,0,2303.42,361.333,SciCon|PAM,6406,25.3,0,0,magnetometer sbe41 contopt wlseaowl,66.12,13.26,238.244,12.93,0,1.53042e+09,11.4667,108.033,1.65824,271.013,2148.47,4334.97,6290.87,6290.87,6290.87,711,630,628,630,1259,0,1.93374,23.433,260.713,600.73,10050.2,0,0,252.968,,,,,,,,
2018/DATA-20180308/p6440692.nc,644,5,692,990,330,250,250,1,0,310,0,2000,200,1,0,120,0,0.219937,0,0.00682722,0.0251762,0.0219915,0.0278707,0,2403.44,431.218,SciCon|PAM,6568,25.245,0,0,magnetometer sbe41 contopt wlseaowl,66.12,13.01,238.583,12.97,0,1.53043e+09,12.9167,110.683,2.08705,283.562,2071.74,4203.71,6453.89,6453.89,6453.89,723,646,645,646,1291,0,2.00002,23.383,266.808,614.466,10336.7,0,0,262.014,,,,,,,,
2018/DATA-20180308/p6440693.nc,644,5,693,990,330,250,250,1,0,310,0,2000,200,1,0,120,0,0.237717,0,0.00814242,0.0259546,0.0227291,0.0284346,0,2484.05,475.588,SciCon|PAM,6772,25.277,0,0,magnetometer sbe41 contopt wlseaowl,66.12,13.26,238.925,12.94,0,1.53044e+09,14.6667,114.133,2.47676,291.095,2065.32,4254.83,6658.75,6658.75,6658.75,738,666,664,666,1332,0,2.02924,23.403,272.96,597.05,10068,93.7031,177.62,267.316,,,,,,,,
2018/DATA-20180308/p6440694.nc,644,5,694,990,330,250,250,1,0,310,0,2000,200,1,0,120,0,0.2421,0,0.0079737,0.0217756,0.0222724,0.0287179,0,2434.14,377.964,SciCon|PAM,7029,24.159,0,0,magnetometer sbe41 contopt wlseaowl,66.12,13,239.267,12.81,0,1.53044e+09,12.0167,118.183,2.62079,307.952,2159.69,4209.32,6513.15,6910.96,6910.96,771,663,652,653,1382,0,2.16692,26.698,278.063,599.258,10357.3,91.986,192.784,292.301,,,,,,,,
2018/DATA-20180308/p6440695.nc,644,5,695,990,330,250,250,1,0,310,0,2000,200,1,0,120,0,0.258152,0,0.00718671,0.0207968,0.021142,0.0275454,0,2310.6,357.063,SciCon|PAM,6690,25.262,0,0,magnetometer sbe41 contopt wlseaowl,66.12,12.97,239.63,12.84,0,1.53045e+09,11.7833,112.717,1.93293,297.135,1775.23,4036.41,6572.94,6572.94,6572.94,726,658,657,657,1315,0,2.04077,23.444,258.06,604.655,10286.7,87.0801,1451.4,267.622,,,,,,,,
2018/DATA-20180308/p6440696.nc,644,5,696,990,330,250,250,1,0,310,0,2000,200,1,0,120,0,0.234263,0,0.00732302,0.0291509,0.025077,0.0300081,0,2740.66,564.895,SciCon|PAM,7251,24.329,0,0,magnetometer sbe41 contopt wlseaowl,66.12,12.98,239.99,12.9,0,1.53046e+09,17.5167,122.483,1.94798,307.245,2093.47,4333.48,6764.36,7155.72,7155.72,795,687,679,680,1427,0,2.18782,26.684,293.335,621.089,10690.5,21.8313,35.9085,273.803,,,,,,,,
2018/DATA-20180308/p6440697.nc,644,5,697,990,330,250,250,1,0,310,0,2000,200,1,0,120,0,0.251173,0,0.00682583,0.0212225,0.0212784,0.0276074,0,2325.51,364.667,SciCon|PAM,6576,25.316,0,0,magnetometer sbe41 contopt wlseaowl,66.12,12.98,240.347,12.87,0,1.53047e+09,11.9,110.467,1.86609,285.473,2128.23,4131.3,6454.47,6454.47,6454.47,721,646,645,646,1291,0,2.01803,23.463,263.047,595.824,10188.9,96.4013,1212.43,268.517,,,,,,,,
2018/DATA-20180308/p6440698.nc,644,5,698,990,330,250,250,1,0,310,0,2000,200,1,0,120,0,0.221817,0,0.00793329,0.021922,0.0221237,0.0283088,0,2417.89,375.823,SciCon|PAM,6854,25.233,0,0,magnetometer sbe41 contopt wlseaowl,66.12,12.98,240.685,12.78,0,1.53048e+09,12.2,115.617,2.3561,287.234,2129.32,4406.33,6736.84,6736.84,6736.84,754,674,671,674,1348,0,2.04878,23.386,271.418,612.504,10339.3,0,0,258.219,,,,,,,,
2018/DATA-20180308/p6440699.nc,644,5,699,990,330,250,250,1,0,310,0,2000,200,1,0,120,0,0.217581,0,0.0082449,0.022414,0.0226642,0.0280745,0,2476.97,392.286,SciCon|PAM,6840,25.172,0,0,magnetometer sbe41 contopt wlseaowl,66.12,12.99,241.021,12.92,0,1.53048e+09,12.6667,115.15,2.58705,287.125,2062.68,4364.82,6718.98,6718.98,6718.98,756,672,671,672,1344,0,2.0195,23.408,273.074,487.403,8260.11,118.233,1887.5,284.052,,,,,,,,
2018/DATA-20180308/p6440700.nc,644,5,700,990,330,250,250,1,0,310,0,2000,200,1,0,120,0,0.236883,0,0.00619048,0.0221231,0.0214464,0.0273158,0,2343.87,388.073,SciCon|PAM,6540,25.214,0,0,magnetometer sbe41 contopt wlseaowl,66.12,13,241.355,12.96,0,1.53049e+09,12.3333,110.217,2.20312,284.099,2110.72,4191.98,6424.42,6424.42,6424.42,722,642,641,642,1284,0,1.98642,23.473,261.382,606.617,10169.4,85.363,159.337,260.663,,,,,,,,
2018/DATA-20180308/p6440701.nc,644,5,701,990,330,250,250,1,0,310,0,2000,200,1,0,120,0,0.232673,0,0.00577117,0.0212604,0.0204954,0.0249553,0,2239.94,373.365,SciCon|PAM,3480,25.038,0,0,magnetometer,66.12,12.96,241.659,12.67,0,1.5305e+09,11.8167,107.433,1.48433,270.117,2131.33,4351.36,6245.55,6245.55,6245.55,711,0,0,0,0,0,,23.399,199.027,600.485,9948.79,91.7407,171.805,247.139,,,,,,,,
2018/DATA-20180308/p6440702.nc,644,5,702,990,330,250,250,1,0,310,0,2000,200,1,0,120,0,0.24488,0,0.00733566,0.00788055,0.0188228,0.0258779,0,2057.14,147.701,SciCon|PAM,6594,25.521,0,0,magnetometer sbe41 contopt wlseaowl,66.12,13.24,241.992,12.92,0,1.5305e+09,5.56667,112.633,1.34243,277.78,2113.13,4425.81,6561.81,6561.81,6561.81,731,657,656,657,1313,0,1.98191,23.427,257.436,595.579,9947.98,96.6466,1176.52,251.899,,,,,,,,
2018/DATA-20180308/p6440703.nc,644,5,703,990,330,250,250,1,0,310,0,2000,200,1,0,120,0,0.232767,0,0.00748983,0.0207116,0.0202046,0.0261547,0,2208.16,358.549,SciCon|PAM,6282,25.249,0,0,magnetometer sbe41 contopt wlseaowl,66.12,13.26,242.318,12.91,0,1.53051e+09,11.7167,105.783,1.28501,259.319,2156.69,4497.22,6163.31,6163.31,6163.31,702,618,617,617,1233,0,1.86612,23.424,251.173,607.353,10008.8,84.8724,156.38,236.191,,,,,,,,
2018/DATA-20180308/p6440704.nc,644,5,704,990,330,250,250,1,0,310,0,2000,200,1,0,120,0,0.243443,0,0.00555513,0.019799,0.0195784,0.0251838,0,2139.71,340.4,SciCon|PAM,5869,25.205,1986,55,magnetometer sbe41 contopt wlseaowl,66.12,13.26,242.657,12.89,0,1.53052e+09,11.4333,99.4667,1.42109,249.575,2133.06,4383.7,5751.4,5751.4,5751.4,652,577,575,576,1152,0,1.76169,20.121,233.591,598.522,9840.02,93.7031,1313.65,231.644,,,,,,,,
2018/DATA-20180308/p6440705.nc,644,5,705,990,330,250,250,1,0,310,0,2000,200,1,0,120,0,0.228779,0,0.00684986,0.0195546,0.0195406,0.0252352,0,2135.59,340.31,SciCon|PAM,5892,25.247,2530,55,magnetometer sbe41 contopt wlseaowl,66.12,12.96,242.972,12.9,0,1.53053e+09,12.2,99.9,1.76588,243.603,2158.64,4500.12,5781.4,5781.4,5781.4,661,579,578,578,1157,0,1.72602,20.121,235.687,599.994,9771.3,91.2501,202.708,219.831,,,,,,,,
2018/DATA-20180308/p6440706.nc,644,5,706,990,330,250,250,1,0,310,0,2000,200,1,0,120,0,0.226559,0,0.00720232,0.0195156,0.0197916,0.0255737,0,2163.01,340.91,SciCon|PAM,5780,25.249,2528,55,magnetometer sbe41 contopt wlseaowl,66.12,12.97,243.285,12.85,0,1.53053e+09,12.1333,97.8667,1.69588,239.92,2177.31,4487.29,5663.27,5663.27,5663.27,647,568,567,567,1135,0,1.68771,20.063,236.656,599.503,9681.55,92.7219,202.962,217.486,,,,,,,,
2018/DATA-20180308/p6440707.nc,644,5,707,990,330,250,250,1,0,310,0,2000,200,1,0,120,0,0.240779,0,0.00595077,0.0196323,0.0188192,0.0244955,0,2056.74,347.028,SciCon|PAM,5371,25.271,2498,55,magnetometer sbe41 contopt wlseaowl,66.12,12.97,243.618,12.83,0,1.53054e+09,12.1833,90.7833,1.25451,235.182,2021.88,4194.16,5257.42,5257.42,5257.42,598,527,527,527,1053,0,1.64496,20.087,221.067,623.542,9983.99,67.7017,1094.56,216.227,,,,,,,,
2018/DATA-20180308/p6440708.nc,644,5,708,990,330,250,250,1,0,310,0,2000,200,1,0,120,0,0.2411,0,0.00718049,0.0180456,0.0189172,0.0248811,0,2067.46,316.092,SciCon|PAM,5579,25.322,493,55,magnetometer sbe41 contopt wlseaowl,66.12,13.24,243.951,12.79,0,1.53055e+09,11.9333,94.5,0.895428,238.845,2096.87,4326.3,5475.73,5475.73,5475.73,618,548,547,548,1095,0,1.68295,20.066,227.308,599.749,9648.7,91.7407,1431.34,221.141,,,,,,,,
2018/DATA-20180308/p6440709.nc,644,5,709,990,330,250,250,1,0,310,0,2000,200,1,0,120,0,0.238571,0,0.00589305,0.019958,0.0179342,0.0242456,0,1960.02,345.865,SciCon|PAM,5342,10.003,0,0,magnetometer sbe41 contopt wlseaowl,66.12,12.96,244.258,12.84,0,1.53055e+09,11.3333,90.2667,0.903095,228.383,2110.58,4330.02,5228.23,5228.23,5228.23,598,524,523,9,1046,0,1.63224,20.116,218.265,596.56,9522.19,95.6654,1514.87,216.106,,,,,,,,
2018/DATA-20180308/p6440710.nc,644,5,710,990,330,250,250,1,0,310,0,2000,200,1,0,120,0,0.239741,0,0.00563949,0.0169569,0.0176658,0.0238924,0,1930.68,296.615,SciCon|PAM,5389,9.992,0,0,magnetometer sbe41 contopt wlseaowl,66.12,12.97,244.563,12.84,0,1.53056e+09,10.0667,91,1.02063,231.15,2115.97,4328.23,5288.36,5288.36,5288.36,605,530,528,9,1058,0,1.6251,20.139,218.062,596.069,9554.98,95.9107,1502.88,218.127,,,,,,,,
2018/DATA-20180308/p6440711.nc,644,5,711,990,330,250,250,1,0,310,0,2000,200,1,0,120,0,0.239625,0,0.00691002,0.0170718,0.0178584,0.0239605,0,1951.74,298.896,SciCon|PAM,5347,10.027,0,0,magnetometer sbe41 contopt wlseaowl,66.12,12.95,244.868,12.83,0,1.53056e+09,10.3333,90.6167,1.12232,227.348,2107.21,4373.54,5249.15,5249.15,5249.15,598,525,525,9,1049,0,1.58052,20.114,217.615,601.711,9626.86,90.0236,1400.93,210.157,,,,,,,,
2018/DATA-20180308/p6440712.nc,644,5,712,990,330,250,250,1,0,310,0,2000,200,1,0,120,0,0.226544,0,0.00717503,0.0171811,0.0173109,0.0234104,0,1891.9,300.644,SciCon|PAM,5189,10.015,0,0,magnetometer sbe41 contopt wlseaowl,66.12,13.25,245.153,12.82,0,1.53057e+09,10.2,87.6333,1.26268,219.922,2073.6,4407.67,5087.24,5087.24,5087.24,590,509,507,9,1018,0,1.52172,20.092,212.388,631.392,10028,59.8522,144.087,195.734,,,,,,,,
2018/DATA-20180308/p6440713.nc,644,5,713,990,330,250,250,1,0,310,0,2000,200,1,0,120,0,0.239513,0,0.00481479,0.0180042,0.0167607,0.0226102,0,1831.77,321.173,SciCon|PAM,4945,10.032,0,0,magnetometer sbe41 contopt wlseaowl,66.12,12.95,245.455,12.83,0,1.53058e+09,10.5667,83.9833,1.04725,216.418,2069.81,4236.85,4843.47,4843.47,4843.47,560,485,485,9,969,0,1.50379,16.767,200.204,601.22,9608.36,90.5142,1438.75,206.499,,,,,,,,
2018/DATA-20180308/p6440714.nc,644,5,714,990,330,250,250,1,0,310,0,2000,200,1,0,120,0,0.238182,0,0.00654701,0.0166246,0.017049,0.0231704,0,1863.28,293.13,SciCon|PAM,5018,10.012,0,0,magnetometer sbe41 contopt wlseaowl,66.12,12.97,245.756,12.86,0,1.53058e+09,10.0833,84.9833,0.674342,216.657,2091.25,4311.46,4919.85,4919.85,4919.85,567,492,492,9,984,0,1.54867,16.772,206.352,595.333,9459.06,97.3825,1546.29,206.611,,,,,,,,
2018/DATA-20180308/p6440715.nc,644,5,715,990,330,250,250,1,0,310,0,2000,200,1,0,120,0,0.239711,0,0.00490833,0.0166809,0.0172458,0.0235359,0,1884.78,293.786,SciCon|PAM,5197,10.037,0,0,magnetometer sbe41 contopt wlseaowl,66.12,12.95,246.059,12.85,0,1.53059e+09,10.1667,88.3,0.511471,222.699,1997.89,4343.17,5093.88,5093.88,5093.88,589,510,509,9,1020,0,1.58692,20.113,209.724,605.391,9645.98,87.5707,1415.13,209.03,,,,,,,,
2018/DATA-20180308/p6440716.nc,644,5,716,990,330,250,250,1,0,310,0,2000,200,1,0,120,0,0.239961,0,0.004905,0.0167837,0.017374,0.0235087,0,1898.8,296.174,SciCon|PAM,5188,10.088,0,0,magnetometer sbe41 contopt wlseaowl,66.12,12.96,246.363,12.88,0,1.53059e+09,10.4667,88.1,0.498951,226.92,2096.11,4230.78,5091.54,5091.54,5091.54,587,509,508,9,1018,0,1.57501,20.093,210.397,599.258,9579.54,92.9672,1479.96,214.491,,,,,,,,
2018/DATA-20180308/p6440717.nc,644,5,717,990,330,250,250,1,0,310,0,2000,200,1,0,120,0,0.241496,0,0.00725582,0.0168447,0.0184388,0.024896,0,2015.17,298.886,SciCon|PAM,5523,10.065,0,0,magnetometer sbe41 contopt wlseaowl,66.12,12.95,246.672,12.87,0,1.5306e+09,10.2,93.3,0.520976,237.083,2109.31,4323.42,5422.19,5422.19,5422.19,620,543,543,11,1085,0,1.65214,20.119,223.625,617.901,9914.29,73.8341,1212.49,214.371,,,,,,,,
2018/DATA-20180308/p6440718.nc,644,5,718,990,330,250,250,1,0,310,0,2000,200,1,0,120,0,0.247657,0,0.00539797,0.0195041,0.0187334,0.0248972,0,2047.36,343.817,SciCon|PAM,5658,10.092,0,0,magnetometer sbe41 contopt wlseaowl,66.12,13.23,246.99,12.88,0,1.53061e+09,11.1333,95.8667,0.914223,253.018,2033.04,4064.61,5555.89,5555.89,5555.89,629,556,556,11,1111,0,1.75663,20.09,225.991,600.239,9934.68,91.0048,1477.01,241.071,,,,,,,,
2018/DATA-20180308/p6440719.nc,644,5,719,990,330,250,250,1,0,310,0,2000,200,1,0,120,0,0.256763,0,0.00619062,0.0195014,0.0205541,0.0259445,0,2246.35,342.385,SciCon|PAM,3732,9.973,0,0,magnetometer sbe41 contopt wlseaowl,66.12,12.92,247.312,12.65,0,1.53061e+09,11.0833,112.817,1.29487,285.969,2146.81,4291.64,6567.55,6567.55,6567.55,739,362,362,7,724,0,0.935446,23.409,208.214,597.296,10146.3,95.1748,1534.34,268.023,,,,,,,,
2018/DATA-20180308/p6440720.nc,644,5,720,90,30,250,250,1,0,310,0,2000,200,1,0,120,0,0.0437616,0.157733,0.00236135,0.0172412,0.00636992,0.0108378,0,696.166,337.346,SciCon|PAM,89,8.185,0,0,magnetometer,66.12,12.93,247.551,12.78,0,1.53062e+09,11.6833,39.3167,0.0795186,99.677,880.732,880.732,880.732,880.732,880.732,122,0,0,0,0,0,,3.503,38.861,152.084,2243.05,0,0,91,,,,,,,,
2018/2018_2/p6440001.nc,644,6,1,30,10,250,450,1,0,310,0,2000,200,1,0,120,0,0.129336,0.00233108,0.00228571,5.09374e-05,0.00389594,0.00857148,0,425.786,0,SciCon|PAM,1300,25.807,569,55,magnetometer sbe41 contopt wlseaowl,66.12,13.78,0.416,13.83,0,1.5308e+09,4.31667,25.0333,0.570513,42.6663,1292.22,1292.22,1292.22,1292.22,1292.22,232,130,129,130,259,0,0.102404,6.82,125.823,487.158,5742.39,102.534,131.801,36.5439,,,,,,,,
2018/2018_2/p6440002.nc,644,6,2,300,100,250,350,1,0,310,0,2000,200,1,0,120,0,0.186779,0,0.00729122,0.000187487,0.013747,0.0263307,0,1502.4,0,SciCon|PAM,6700,25.391,3040,55,magnetometer sbe41 contopt wlseaowl,66.12,13.77,0.697,13.6,0,1.5308e+09,5.1,115.283,1.51069,263.766,2321.78,4890.96,6685.35,6685.35,6685.35,749,669,669,669,1338,0,1.54139,23.378,154.617,486.177,7968.38,116.27,195.158,264.75,,,,,,,,
2018/2018_2/p6440003.nc,644,6,3,990,350,270,300,1,0,310,0,2000,200,1,0,120,0,0.206969,0,0.00636564,0.000106314,0.00977217,0.0199625,0,1068,0,SciCon|PAM,4611,25.534,2481,55,magnetometer sbe41 contopt wlseaowl,66.12,13.75,1.012,13.55,0,1.53081e+09,5.25,81.3667,1.28506,195.581,2250.48,4607.82,4607.82,4607.82,4607.82,545,461,461,461,920,0,1.37594,16.796,124.7,526.16,8010,123.139,1789.26,192.363,,,,,,,,
2018/2018_2/p6440004.nc,644,6,4,990,350,270,300,1,0,310,0,2000,200,1,0,120,0,0.192978,0,0.00493397,0.0162833,0.0128494,0.0208021,0,1404.31,293.811,SciCon|PAM,4366,25.3,2619,55,magnetometer sbe41 contopt wlseaowl,66.12,13.71,1.263,13.53,0,1.53081e+09,10.2667,75.3,1.185,179.214,2308.5,4290.48,4290.48,4290.48,4290.48,514,429,429,429,858,0,1.23069,16.84,102.948,526.896,7936.11,158.707,313.821,175.542,,,,,,,,
2018/2018_2/p6440005.nc,644,6,5,990,350,270,300,1,0,310,0,2000,200,3,0,120,0,0.165682,0.000698084,0.0050562,0.0146646,0.0126388,0.0211043,0,1381.29,260.672,SciCon|PAM,4456,25.199,4844,55,magnetometer sbe41 contopt wlseaowl,66.12,13.68,1.509,13.46,0,1.53082e+09,9.43333,76.65,1.23769,180.906,2392.73,4381.35,4381.35,4381.35,4381.35,530,438,436,438,876,0,1.21011,16.796,107.508,526.16,7954.91,11.2836,17.9787,176.998,,,,,,,,
2018/2018_2/p6440006.nc,644,6,6,990,330,300,300,1,0,310,0,2000,200,3,0,120,0,0.182805,0.000187558,0.0043141,0.0158795,0.012441,0.020483,0,1359.67,278.623,SciCon|PAM,4264,25.228,4710,55,magnetometer sbe41 contopt wlseaowl,66.12,13.64,1.772,13.45,0,1.53082e+09,10.3167,72.8,1.09971,185.695,2187.4,4191.68,4191.68,4191.68,4191.68,502,419,419,419,837,0,1.26418,16.786,102.674,585.522,8859.44,0,0,181.544,,,,,,,,
2018/2018_2/p6440007.nc,644,6,7,990,330,300,300,1,0,310,0,2000,200,3,0,120,0,0.212589,0,0.00669215,0.0153341,0.0129077,0.0209726,0,1410.68,277.727,SciCon|PAM,4375,25.275,4816,55,magnetometer sbe41 contopt wlseaowl,66.12,13.62,2.042,13.45,0,1.53083e+09,10.5,75.4333,0.97949,187.955,2237.83,4304.71,4304.71,4304.71,4304.71,511,431,430,431,860,0,1.29889,16.78,103.095,584.54,8850.06,151.348,289.676,182.938,,,,,,,,
2018/2018_2/p6440008.nc,644,6,8,990,280,350,300,1,0,310,0,2000,200,3,0,120,0,0.238853,0,0.00562221,0.0169308,0.0116237,0.0192631,0,1270.36,305.914,SciCon|PAM,3808,25.229,4277,55,magnetometer sbe41 contopt wlseaowl,66.12,13.61,2.332,13.39,0,1.53083e+09,10.7833,66.3333,0.994886,190.583,1826.45,3731.2,3731.2,3731.2,3731.2,441,374,373,373,746,0,1.22634,13.476,90.755,660.092,10150.8,140.064,271.397,184.485,,,,,,,,
2018/2018_2/p6440009.nc,644,6,9,990,280,350,300,1,0,310,0,2000,200,3,0,120,0,0.238955,0,0.00538052,0.0146034,0.0115689,0.0197184,0,1264.37,266.848,SciCon|PAM,3866,25.215,4295,55,magnetometer sbe41 contopt wlseaowl,66.12,13.61,2.622,13.39,0,1.53084e+09,9.95,67.5,0.849151,192.704,1863.12,3798.99,3798.99,3798.99,3798.99,445,379,379,379,758,0,1.23204,13.464,95.158,659.846,10188.9,137.12,244.626,185.459,,,,,,,,
2018/2018_2/p6440010.nc,644,6,10,990,280,350,300,1,0,310,0,2000,200,3,0,120,0,0.239764,0,0.00568841,0.0148051,0.0110305,0.019048,0,1205.52,271.125,SciCon|PAM,3764,25.158,4196,55,magnetometer sbe41 contopt wlseaowl,66.12,13.61,2.909,13.38,0,1.53084e+09,9.95,65.4833,0.831339,186.62,1840.41,3695.58,3695.58,3695.58,3695.58,441,369,369,369,738,0,1.19984,13.49,88.826,660.337,10150.6,140.309,269.46,182,,,,,,,,
2018/2018_2/p6440011.nc,644,6,11,990,280,350,300,1,0,310,0,2000,200,3,0,120,0,0.209414,0,0.00466141,0.0171828,0.0124079,0.0194601,0,1356.06,339.417,SciCon|PAM,3878,25.191,4451,55,magnetometer sbe41 contopt wlseaowl,66.12,13.6,3.195,13.4,0,1.53085e+09,12.5667,67.2333,0.724448,190.214,1871.71,3810.71,3810.71,3810.71,3810.71,454,381,380,381,761,0,1.21766,13.454,94.917,659.11,10115.5,0,0,183.753,,,,,,,,
2018/2018_2/p6440012.nc,644,6,12,990,280,350,300,1,0,310,0,2000,200,3,0,120,0,0.238551,0,0.00628255,0.014265,0.0112612,0.0192771,0,1230.73,256.896,SciCon|PAM,3830,25.267,4248,55,magnetometer sbe41 contopt wlseaowl,66.12,13.6,3.481,13.39,0,1.53085e+09,9.75,66.9167,0.702663,187.935,1863.55,3761.47,3761.47,3761.47,3761.47,441,377,375,376,752,0,1.22438,13.463,93.227,660.337,10095.6,139.573,242.514,183.376,,,,,,,,
2018/2018_2/p6440013.nc,644,6,13,990,280,350,300,1,0,310,0,2000,200,3,0,120,0,0.237592,0,0.00812458,0.0145458,0.011428,0.0195551,0,1248.96,263.387,SciCon|PAM,3922,25.2,4346,55,magnetometer sbe41 contopt wlseaowl,66.12,13.59,3.77,13.36,0,1.53086e+09,9.85,68.25,0.806446,196.168,1828.81,3853.44,3853.44,3853.44,3853.44,451,385,385,385,770,0,1.26356,13.421,93.179,659.601,10155.5,131.479,254.405,190.247,,,,,,,,
2018/2018_2/p6440014.nc,644,6,14,990,280,350,300,1,0,310,0,2000,200,3,0,120,0,0.240371,0,0.0052576,0.0138185,0.0114767,0.0199314,0,1254.29,249.38,SciCon|PAM,3928,25.199,4338,55,magnetometer sbe41 contopt wlseaowl,66.12,13.57,4.06,13.37,0,1.53086e+09,9.61667,68.0833,0.842612,197.044,1827.45,3859.85,3859.85,3859.85,3859.85,450,386,385,386,771,0,1.25811,13.445,95.807,658.129,10185.3,141.045,273.926,191.371,,,,,,,,
2018/2018_2/p6440015.nc,644,6,15,990,280,350,300,1,0,310,0,2000,200,3,0,120,0,0.242433,0,0.0052413,0.0141717,0.0112438,0.0194431,0,1228.83,250.957,SciCon|PAM,3899,25.259,4312,55,magnetometer sbe41 contopt wlseaowl,66.12,13.57,4.351,13.38,0,1.53087e+09,9.7,68,1.1292,194.037,1826.76,3830.35,3830.35,3830.35,3830.35,445,383,381,382,765,0,1.25305,13.486,93.044,659.601,10268,139.573,271.823,189.095,,,,,,,,
2018/2018_2/p6440016.nc,644,6,16,990,280,350,300,1,0,310,0,2000,200,3,0,120,0,0.233184,0,0.00439628,0.014122,0.0111771,0.0191344,0,1221.54,253.214,SciCon|PAM,3891,25.171,4307,55,magnetometer sbe41 contopt wlseaowl,66.12,13.57,4.638,13.37,0,1.53087e+09,9.7,67.4333,1.11654,194.416,1859.71,3823.67,3823.67,3823.67,3823.67,454,382,382,382,763,0,1.24007,13.463,90.796,659.601,10223.6,100.326,166.461,189.143,,,,,,,,
2018/2018_2/p6440017.nc,644,6,17,990,280,350,300,1,0,310,0,2000,200,3,0,120,0,0.209878,0,0.00454888,0.0143539,0.0112668,0.0190834,0,1231.34,260.823,SciCon|PAM,3801,25.228,4221,55,magnetometer sbe41 contopt wlseaowl,66.12,13.58,4.92,13.37,0,1.53087e+09,9.83333,66.1333,0.951029,184.749,1901.77,3727.81,3727.81,3727.81,3727.81,444,373,373,373,746,0,1.1941,13.458,91.592,658.62,10098.4,0,0,179.735,,,,,,,,
2018/2018_2/p6440018.nc,644,6,18,990,280,350,300,1,0,310,0,2000,200,3,0,120,0,0.209509,0,0.00509562,0.0147159,0.0113814,0.0187519,0,1243.87,262.893,SciCon|PAM,3771,25.257,4202,55,magnetometer sbe41 contopt wlseaowl,66.12,13.57,5.201,13.36,0,1.53088e+09,10,65.9,0.832101,182.31,1875.94,3704.26,3704.26,3704.26,3704.26,442,370,370,370,740,0,1.19251,13.452,90.236,660.582,10072.4,0,0,177.299,,,,,,,,
2018/2018_2/p6440019.nc,644,6,19,990,280,350,300,1,0,310,0,2000,200,3,0,120,0,0.222783,0,0.00470871,0.0180361,0.012044,0.0194022,0,1316.28,343.725,SciCon|PAM,3763,25.183,4337,55,magnetometer sbe41 contopt wlseaowl,66.12,13.54,5.488,13.37,0,1.53088e+09,12.3,65.3333,0.755492,185.605,1840.19,3691.86,3691.86,3691.86,3691.86,438,369,369,369,738,0,1.18657,13.436,92.469,660.092,10018.2,73.3435,121.437,178.937,,,,,,,,
2018/2018_2/p6440020.nc,644,6,20,990,280,350,300,1,0,310,0,2000,200,3,0,120,0,0.211358,0,0.00498919,0.0173618,0.0115819,0.0193568,0,1265.78,311.529,SciCon|PAM,3744,25.136,4218,55,magnetometer sbe41 contopt wlseaowl,66.12,13.57,5.77,13.33,0,1.53089e+09,10.8167,65.45,0.128813,184.42,1908.04,3673.03,3673.03,3673.03,3673.03,432,367,367,367,734,0,1.17865,13.454,89.151,659.846,9991.85,21.0955,33.1064,177.95,,,,,,,,
2018/DATA-20180705/p6440021.nc,644,6,21,990,280,350,300,1,0,310,0,2000,200,3,0,120,0,0.235461,0,0.00494087,0.0165063,0.0114236,0.0197982,0,1248.48,289.717,SciCon|PAM,3745,25.214,4201,55,magnetometer sbe41 contopt wlseaowl,66.12,13.56,6.058,13.34,0,1.53089e+09,10.3333,65.3667,0.350597,184.341,1886.35,3677.13,3677.13,3677.13,3677.13,432,367,366,367,734,0,1.18297,13.492,91.456,658.865,10074.6,127.063,224.198,177.985,,,,,,,,
2018/DATA-20180705/p6440022.nc,644,6,22,990,280,350,300,1,0,310,0,2000,200,3,0,120,0,0.235398,0,0.00455809,0.0224197,0.0123236,0.0194021,0,1346.84,416.8,SciCon|PAM,3646,25.199,4299,55,magnetometer sbe41 contopt wlseaowl,66.12,13.54,6.352,13.31,0,1.5309e+09,13.6,63.4333,0.653723,183.435,1823.55,3577.39,3577.39,3577.39,3577.39,423,358,358,358,715,0,1.14336,13.496,90.329,658.865,10095.1,123.874,215.103,177.555,,,,,,,,
2018/2018_2/p6440023.nc,644,6,23,990,280,350,300,1,0,310,0,2000,200,3,0,120,0,0.239648,0,0.00569344,0.014575,0.0111044,0.0186288,0,1213.59,265.127,SciCon|PAM,3607,25.353,4043,55,magnetometer sbe41 contopt wlseaowl,66.12,13.55,6.637,13.34,0,1.5309e+09,10.3667,62.75,0.792724,183.206,1796.5,3537.54,3537.54,3537.54,3537.54,418,355,354,352,708,0,1.13673,13.488,86.912,658.865,10070.9,141.29,288.282,177.652,,,,,,,,
2018/2018_2/p6440024.nc,644,6,24,990,280,350,300,1,0,310,0,2000,200,3,0,120,0,0.219562,0,0.00747384,0.0148507,0.0114836,0.0194573,0,1255.04,268.608,SciCon|PAM,3741,25.273,4175,55,magnetometer sbe41 contopt wlseaowl,66.12,13.55,6.92,13.35,0,1.53091e+09,10.0167,65.3333,0.766806,183.833,1890,3669.21,3669.21,3669.21,3669.21,440,367,366,367,734,0,1.16752,13.453,94.5,659.356,10026.4,52.248,84.9875,178.376,,,,,,,,
2018/2018_2/p6440025.nc,644,6,25,990,280,350,300,1,0,310,0,2000,200,3,0,120,0,0.239183,0,0.00462789,0.0148156,0.011735,0.0199507,0,1282.52,269.956,SciCon|PAM,3913,25.272,4350,55,magnetometer sbe41 contopt wlseaowl,66.12,13.54,7.209,13.32,0,1.53091e+09,10.05,68.25,0.781361,194.117,1828.04,3845.01,3845.01,3845.01,3845.01,447,385,385,385,768,0,1.26075,13.431,96.454,659.846,10071.4,139.819,256.603,188.169,,,,,,,,
2018/2018_2/p6440026.nc,644,6,26,990,280,350,300,1,0,310,0,2000,200,3,0,120,0,0.230492,0,0.00518115,0.0143262,0.0117966,0.0203404,0,1289.25,254.872,SciCon|PAM,4068,25.35,4391,55,magnetometer sbe41 contopt wlseaowl,66.12,13.51,7.499,13.32,0,1.53092e+09,9.76667,70.3667,0.852786,202.958,1875.1,3810.6,3999.19,3999.19,3999.19,465,400,400,400,798,0,1.30695,13.469,97.429,658.865,10130.1,94.1937,155.351,197.519,,,,,,,,
2018/2018_2/p6440027.nc,644,6,27,990,280,350,300,1,0,310,0,2000,200,3,0,120,0,0.225201,0,0.00750003,0.0149396,0.0121415,0.0206268,0,1326.93,271.258,SciCon|PAM,4103,25.149,4477,55,magnetometer sbe41 contopt wlseaowl,66.12,13.53,7.791,13.31,0,1.53092e+09,10.1,71.3667,0.796677,202.47,1900.86,3872.25,4029.49,4029.49,4029.49,471,403,402,403,805,0,1.31566,16.778,102.329,659.601,10205,61.0787,102.398,197.503,,,,,,,,
2018/2018_2/p6440028.nc,644,6,28,990,280,350,300,1,0,310,0,2000,200,3,0,120,0,0.243659,0,0.00704119,0.0166998,0.0124652,0.0204301,0,1362.32,327.939,SciCon|PAM,4079,25.177,4517,55,magnetometer sbe41 contopt wlseaowl,66.12,13.52,8.089,13.29,0,1.53093e+09,12.2667,70.5167,0.701532,203.784,1871.85,3782.25,4007.4,4007.4,4007.4,465,400,396,400,800,0,1.32328,13.488,99.654,660.337,10306.1,139.819,245.237,197.677,,,,,,,,
2018/2018_2/p6440029.nc,644,6,29,990,280,350,300,1,0,310,0,2000,200,3,0,120,0,0.244591,0,0.00630279,0.0142579,0.0114419,0.0198748,0,1250.48,254.964,SciCon|PAM,4009,25.234,4336,55,magnetometer sbe41 contopt wlseaowl,66.12,13.54,8.383,13.27,0,1.53093e+09,9.85,69.7667,0.611103,202.291,1836.79,3777.75,3937.76,3937.76,3937.76,465,394,393,393,787,0,1.29486,13.467,94.478,660.337,10327.2,139.083,244.948,195.987,,,,,,,,
2018/2018_2/p6440030.nc,644,6,30,990,280,350,300,1,0,310,0,2000,200,3,0,120,0,0.243826,0,0.00511754,0.0149416,0.0115692,0.0199806,0,1264.4,271.097,SciCon|PAM,4045,25.253,4401,55,magnetometer sbe41 contopt wlseaowl,66.12,13.51,8.678,13.34,0,1.53094e+09,10.0333,70.0667,0.650195,202.012,1829.29,3816.65,3976.64,3976.64,3976.64,468,397,397,397,794,0,1.31307,13.464,95.36,660.337,10292.9,139.328,255.226,196.319,,,,,,,,
2018/DATA-20180705/p6440031.nc,644,6,31,990,280,350,300,1,0,310,0,2000,200,3,0,120,0,0.240955,0,0.00406514,0.0142978,0.011315,0.0193707,0,1236.61,255.531,SciCon|PAM,3993,25.218,4394,55,magnetometer sbe41 contopt wlseaowl,66.12,13.52,8.967,13.3,0,1.53094e+09,9.9,69.6333,0.805369,199.742,1869.81,3923.48,3923.48,3923.48,3923.48,467,393,392,392,784,0,1.28659,13.457,90.948,660.827,10212.8,131.724,230.662,195.083,,,,,,,,
2018/DATA-20180705/p6440032.nc,644,6,32,990,280,350,300,1,0,310,0,2000,200,3,0,120,0,0.21718,0,0.00638827,0.0156098,0.0121205,0.0199843,0,1324.64,289.087,SciCon|PAM,4023,25.181,4477,55,magnetometer sbe41 contopt wlseaowl,66.12,13.52,9.256,13.3,0,1.53094e+09,10.35,69.65,1.22427,197.96,1881.29,3952.17,3952.17,3952.17,3952.17,465,396,395,396,790,0,1.2826,13.491,96.363,659.601,10123.3,31.3979,49.9178,191.728,,,,,,,,
2018/DATA-20180705/p6440033.nc,644,6,33,990,280,350,300,1,0,310,0,2000,200,3,0,120,0,0.229362,0,0.00750986,0.0181385,0.0116626,0.0198474,0,1274.6,325.612,SciCon|PAM,3959,25.271,4448,55,magnetometer sbe41 contopt wlseaowl,66.12,13.52,9.547,13.3,0,1.53095e+09,11.0167,69.05,1.26097,195.86,1878.21,3889.32,3889.32,3889.32,3889.32,457,389,389,389,777,0,1.27453,13.455,93.975,660.337,10141.3,88.7972,146.823,190.946,,,,,,,,
2018/DATA-20180705/p6440034.nc,644,6,34,990,300,350,300,1,0,310,0,2000,200,3,0,120,0,0.241748,0,0.0050487,0.0151423,0.0116443,0.0204258,0,1272.6,275.605,SciCon|PAM,4110,25.28,4549,55,magnetometer sbe41 contopt wlseaowl,66.12,13.5,9.841,13.32,0,1.53095e+09,10.15,71.35,1.42939,197.97,1907.69,4036.59,4036.59,4036.59,4036.59,472,404,400,404,808,0,1.31214,16.78,95.187,660.092,10194.1,140.064,251.422,192.426,,,,,,,,
2018/DATA-20180705/p6440035.nc,644,6,35,990,300,350,300,1,0,310,0,2000,200,3,0,120,0,0.229279,0,0.00621547,0.0146394,0.0119557,0.0206871,0,1306.63,259.352,SciCon|PAM,4132,25.314,4557,55,magnetometer sbe41 contopt wlseaowl,66.12,13.5,10.134,13.29,0,1.53096e+09,10.0167,71.7833,1.41486,195.093,2007.98,4058.17,4058.17,4058.17,4058.17,477,406,405,405,811,0,1.30587,16.782,96.769,660.092,10245.7,77.7588,128.431,190.037,,,,,,,,
2018/DATA-20180705/p6440036.nc,644,6,36,990,300,350,300,1,0,310,0,2000,200,3,0,120,0,0.244536,0,0.00664367,0.0163197,0.0120419,0.0203986,0,1316.06,292.914,SciCon|PAM,4132,25.251,4537,55,magnetometer sbe41 contopt wlseaowl,66.12,13.49,10.432,13.27,0,1.53096e+09,10.55,71.65,1.36355,200.161,1875.01,4008.41,4061.18,4061.18,4061.18,467,406,405,405,812,0,1.33608,13.467,94.51,660.092,10318.1,140.064,264.047,193.901,,,,,,,,
2018/DATA-20180705/p6440037.nc,644,6,37,990,300,350,300,1,0,310,0,2000,200,3,0,120,0,0.245391,0,0.00583324,0.0145234,0.0116886,0.0202319,0,1277.45,260.549,SciCon|PAM,4141,25.12,4477,55,magnetometer sbe41 contopt wlseaowl,66.12,13.48,10.728,13.26,0,1.53097e+09,10.05,71.5833,1.32784,202.799,1891.43,3883.43,4066.47,4066.47,4066.47,473,407,406,406,813,0,1.33426,13.468,93.744,659.11,10307.6,140.064,259.863,196.313,,,,,,,,
2018/DATA-20180705/p6440038.nc,644,6,38,990,300,350,300,1,0,310,0,2000,200,3,0,120,0,0.214094,0,0.00544362,0.0156347,0.0121511,0.020272,0,1327.99,282.358,SciCon|PAM,4278,25.335,4614,55,magnetometer sbe41 contopt wlseaowl,66.12,13.51,11.02,13.25,0,1.53097e+09,10.7667,74.1,1.14698,203.197,1961.53,4002.44,4203.69,4203.69,4203.69,493,420,420,420,839,0,1.35514,16.737,97.307,659.846,10276.8,0,0,197.222,,,,,,,,
2018/DATA-20180705/p6440039.nc,644,6,39,990,300,350,300,1,0,310,0,2000,200,3,0,120,0,0.246269,0,0.00607195,0.0159288,0.0126223,0.0217297,0,1379.49,288.13,SciCon|PAM,4439,25.282,4336,55,magnetometer sbe41 contopt wlseaowl,66.12,13.47,11.323,13.26,0,1.53098e+09,10.5,76.9,1.03644,215.611,1879.77,3829.27,4359.43,4359.43,4359.43,497,437,437,437,872,0,1.44158,16.758,104.436,660.337,10337.5,139.819,252.965,208.547,,,,,,,,
2018/DATA-20180705/p6440040.nc,644,6,40,990,300,350,300,1,0,310,0,2000,200,3,0,120,0,0.226007,0,0.00520427,0.0160385,0.0126932,0.0219013,0,1387.24,287.964,SciCon|PAM,4568,25.289,4334,55,magnetometer sbe41 contopt wlseaowl,66.12,13.48,11.626,13.32,0,1.53098e+09,10.45,78.95,1.1273,220.788,1911.95,3816.01,4482.97,4482.97,4482.97,514,450,449,450,898,0,1.47888,16.791,104.601,660.827,10434.9,39.4927,64.8467,215.015,,,,,,,,
2018/DATA-20180705/p6440041.nc,644,6,41,990,300,350,300,1,0,310,0,2000,200,3,0,120,0,0.23483,0,0.00675118,0.0164315,0.0134135,0.023234,0,1465.95,287.836,SciCon|PAM,4939,25.303,4393,55,magnetometer sbe41 contopt wlseaowl,66.12,13.46,11.938,13.26,0,1.53099e+09,10.5667,85.1333,1.41883,239.163,1969.1,3860.03,4852.23,4852.23,4852.23,549,486,486,486,972,0,1.62627,16.764,113.845,659.846,10605.5,63.5317,105.985,232.629,,,,,,,,
2018/DATA-20180705/p6440042.nc,644,6,42,990,300,350,300,1,0,310,0,2000,200,3,0,120,0,0.224779,0,0.00936911,0.0161987,0.013531,0.0235296,0,1478.8,286.228,SciCon|PAM,5042,25.276,4308,55,magnetometer sbe41 contopt wlseaowl,66.12,13.46,12.252,13.26,0,1.531e+09,10.5833,86.8167,1.60878,248.927,1937.52,3755.12,4951.02,4951.02,4951.02,563,496,495,496,992,0,1.66351,16.747,116.366,659.846,10741.8,0,0,243.169,,,,,,,,
2018/DATA-20180705/p6440043.nc,644,6,43,990,300,350,300,1,0,310,0,2000,200,3,0,120,0,0.232142,0,0.0086782,0.0181451,0.0144689,0.024632,0,1581.3,324.257,SciCon|PAM,5520,25.303,4305,55,magnetometer sbe41 contopt wlseaowl,66.12,13.42,12.581,13.31,0,1.531e+09,11.2667,94.7333,1.76706,276.207,1893.97,3742.71,5433.11,5433.11,5433.11,611,544,544,544,1087,0,1.85295,20.107,122.66,660.337,11075.3,0,0,270.128,,,,,,,,
2018/DATA-20180705/p6440044.nc,644,6,44,990,330,250,300,1,0,310,0,2000,200,3,0,120,0,0.218197,0,0.00816687,0.0179005,0.0162492,0.0276618,0,1775.87,319.345,SciCon|PAM,6612,25.312,4943,55,magnetometer sbe41 contopt wlseaowl,66.12,13.47,12.898,13.29,0,1.53101e+09,11.4333,112.7,1.78883,286.536,2120.62,4375.32,6518.47,6518.47,6518.47,723,653,652,652,1305,0,1.95973,23.382,141.044,485.931,8245.95,114.063,1762.78,283.098,,,,,,,,
2018/DATA-20180705/p6440045.nc,644,6,45,990,330,250,300,1,0,310,0,2000,200,3,0,120,0,0.217361,0,0.00747471,0.0198226,0.0163921,0.0279525,0,1791.48,351.107,SciCon|PAM,6537,25.281,4925,55,magnetometer sbe41 contopt wlseaowl,66.12,13.46,13.217,13.28,0,1.53102e+09,12.1167,111.35,1.41336,286.596,2115.7,4324.09,6434.92,6434.92,6434.92,707,645,644,644,1288,0,1.94765,23.4,141.58,487.158,8214.27,112.591,1743.81,283.708,,,,,,,,
2018/2018_2/p6440046.nc,644,6,46,990,330,250,300,1,0,310,0,2000,200,3,0,120,0,0.21994,0,0.00626522,0.0251117,0.0179854,0.0285179,0,1965.61,467.772,SciCon|PAM,6639,25.287,5132,55,magnetometer sbe41 contopt wlseaowl,66.12,13.45,13.546,13.29,0,1.53102e+09,15.65,113.25,1.31786,290.119,2089.5,4313.69,6535.77,6535.77,6535.77,712,655,654,654,1308,0,1.97927,23.392,145.965,487.158,8185.41,121.912,1862.38,287.246,,,,,,,,
2018/2018_2/p6440047.nc,644,6,47,990,330,250,300,1,0,310,0,2000,200,3,0,120,0,0.215597,0,0.00710594,0.0186842,0.0166333,0.028696,0,1817.85,323.612,SciCon|PAM,6804,25.295,4927,55,magnetometer sbe41 contopt wlseaowl,66.12,13.45,13.865,13.28,0,1.53103e+09,11.6833,115.75,1.64236,293.861,2129.34,4349.56,6703.28,6703.28,6703.28,736,671,671,671,1341,0,2.00912,23.413,146.738,487.158,8209.46,107.44,1682.46,290.75,,,,,,,,
2018/2018_2/p6440048.nc,644,6,48,990,330,250,300,1,0,310,0,2000,200,3,0,120,0,0.223369,0,0.00976932,0.0192448,0.0169227,0.0288429,0,1849.48,331.047,SciCon|PAM,6534,25.303,4778,55,magnetometer sbe41 contopt wlseaowl,66.12,13.45,14.191,13.3,0,1.53104e+09,12.1667,111.4,1.84057,291.314,2025.04,4199.45,6430.09,6430.09,6430.09,694,643,643,643,1287,0,1.93435,23.363,150.641,487.403,8212.51,131.479,1994.42,288.098,,,,,,,,
2018/2018_2/p6440049.nc,644,6,49,990,330,200,300,1,0,310,0,2000,200,3,0,120,0,0.175343,0.000385369,0.010094,0.0186614,0.0170227,0.0289731,0,1860.41,323.395,SciCon|PAM,6929,25.275,5053,55,magnetometer sbe41 contopt wlseaowl,66.12,13.47,14.475,13.3,0,1.53105e+09,11.6333,117.267,1.98495,290.637,2068,4483.23,6826.55,6826.55,6826.55,750,684,677,683,1366,0,1.87623,23.401,153.065,389.775,6612.32,89.0424,1448.97,288.995,,,,,,,,
2018/2018_2/p6440050.nc,644,6,50,990,330,200,300,1,0,310,0,2000,200,3,0,120,0,0.176307,0.000337078,0.00636017,0.0254414,0.0184353,0.0295424,0,2014.79,466.095,SciCon|PAM,7124,25.268,5381,55,magnetometer sbe41 contopt wlseaowl,66.12,13.47,14.769,13.39,0,1.53105e+09,15.3667,120.333,1.73319,292.966,2160.58,4588.16,7011.42,7011.42,7011.42,776,702,702,702,1404,0,1.90858,23.471,156.218,389.53,6647.71,90.5142,1477.68,291.397,,,,,,,,
2018/DATA-20180705/p6440051.nc,644,6,51,990,330,200,300,1,0,310,0,2000,200,3,0,120,0,0.179024,0.000176827,0.009541,0.0192865,0.0175171,0.0294937,0,1914.43,334.116,SciCon|PAM,7174,25.271,5152,55,magnetometer sbe41 contopt wlseaowl,66.12,13.45,15.059,13.29,0,1.53106e+09,11.9,121.1,1.30371,295.185,2177.19,4579.83,7066.67,7066.67,7066.67,774,708,703,707,1414,0,1.91089,23.459,155.6,390.511,6672.39,95.6654,1545.33,293.496,,,,,,,,
2018/DATA-20180705/p6440052.nc,644,6,52,990,410,150,300,1,0,310,0,2000,200,3,0,120,0,0.160196,0,0.00986852,0.0205168,0.0199958,0.0338804,0,2185.33,353.085,SciCon|PAM,8224,25.306,6027,55,magnetometer sbe41 contopt wlseaowl,66.12,13.49,15.33,13.31,0,1.53107e+09,12.3167,139.483,1.14723,287.404,2526.47,5423,8112.38,8112.38,8112.38,886,812,812,812,1624,0,1.85403,30.078,184.337,294.11,5032.99,176.613,1507.07,286.492,,,,,,,,
2018/DATA-20180705/p6440053.nc,644,6,53,990,410,150,300,1,0,310,0,2000,200,3,0,120,0,0.158161,0,0.00682158,0.0262679,0.0213289,0.0337607,0,2331.03,514.807,SciCon|PAM,8459,25.285,6559,55,magnetometer sbe41 contopt wlseaowl,66.12,13.5,15.609,13.44,0,1.53108e+09,17.3667,143.133,1.7886,286.837,2666.43,5676.93,8336.79,8336.79,8336.79,915,835,833,835,1669,0,1.85696,30.109,182.406,293.129,5051.62,165.82,1468.67,285.748,,,,,,,,
2018/DATA-20180705/p6440054.nc,644,6,54,990,410,150,300,1,0,310,0,2000,200,3,0,120,0,0.164757,0,0.00866747,0.0279126,0.0217996,0.0348658,0,2382.47,514.34,SciCon|PAM,8535,25.298,6467,55,magnetometer sbe41 contopt wlseaowl,66.12,13.5,15.895,13.45,0,1.53109e+09,16.55,144.283,2.20864,290.449,2572.59,5622.21,8407.09,8407.09,8407.09,918,841,838,841,1683,0,1.88874,30.047,188.686,292.883,5059.22,189.123,1622.33,289.6,,,,,,,,
2018/DATA-20180705/p6440055.nc,644,6,55,990,410,150,300,1,0,310,0,2000,200,3,0,120,0,0.162456,0,0.00804755,0.0230294,0.0213014,0.0353866,0,2328.03,402.01,SciCon|PAM,8578,25.261,6280,55,magnetometer sbe41 contopt wlseaowl,66.12,13.5,16.176,13.45,0,1.5311e+09,13.6167,145.1,2.04175,292.937,2590.89,5629.71,8451.53,8451.53,8451.53,924,846,846,845,1692,0,1.89749,30.059,190.551,292.883,5074.36,180.293,1530.91,292.253,,,,,,,,
2018/2018_2/p6440056.nc,644,6,56,990,410,150,300,1,0,310,0,2000,200,3,0,120,0,0.155436,0,0.0143521,0.0225512,0.0206347,0.03413,0,2255.16,389.113,SciCon|PAM,8480,25.209,6047,55,magnetometer sbe41 contopt wlseaowl,66.12,13.51,16.451,13.35,0,1.53111e+09,13.3,143.35,1.51286,291.116,2648.3,5407.93,8354.97,8354.97,8354.97,922,837,834,836,1673,0,1.93256,30.078,185.605,372.359,6376.72,94.439,147.776,262.055,,,,,,,,
2018/2018_2/p6440057.nc,644,6,57,990,410,150,300,1,0,310,0,2000,200,3,0,120,0,0.15668,0,0.00820856,0.0212828,0.0203112,0.0341167,0,2219.8,364.825,SciCon|PAM,8584,25.283,6249,55,magnetometer sbe41 contopt wlseaowl,66.12,13.52,16.726,13.35,0,1.53112e+09,12.95,145.117,1.82644,290.927,2569.81,5624.11,8460.36,8460.36,8460.36,922,847,847,847,1694,0,1.9144,30.065,183.643,293.129,5029.31,179.802,1580.93,290.357,,,,,,,,
2018/2018_2/p6440058.nc,644,6,58,990,410,150,300,1,0,310,0,2000,200,3,0,120,0,0.134838,0.00192286,0.00659135,0.0272994,0.021831,0.0348347,0,2385.91,490.106,SciCon|PAM,8651,25.338,6377,55,magnetometer sbe41 contopt wlseaowl,66.12,13.51,17.008,13.46,0,1.53113e+09,16.1833,145.75,2.52433,295.107,2705.07,5572.06,8526.89,8526.89,8526.89,947,854,852,853,1707,0,1.93122,30.071,187.007,373.341,6383.01,0,0,263.385,,,,,,,,
2018/DATA-20180705/p6440059.nc,644,6,59,990,410,150,300,1,0,310,0,2000,200,3,0,120,0,0.165583,0,0.00882247,0.0244059,0.021749,0.0348927,0,2376.94,451.693,SciCon|PAM,8620,24.909,6288,55,magnetometer sbe41 contopt wlseaowl,66.12,13.5,17.292,13.36,0,1.53114e+09,15.5333,145.517,2.52778,303.953,2500.62,5521.76,8244.37,8493.2,8493.2,932,832,832,832,1700,0,1.92941,30.013,186.225,293.374,5038.13,188.387,1769.02,303.403,,,,,,,,
2018/DATA-20180705/p6440060.nc,644,6,60,990,410,150,300,1,0,310,0,2000,200,3,0,120,0,0.164263,0,0.00759909,0.0228055,0.020801,0.034406,0,2273.33,395.397,SciCon|PAM,8707,25.161,6168,55,magnetometer sbe41 contopt wlseaowl,66.12,13.51,17.572,13.35,0,1.53115e+09,13.3833,147.117,1.64699,299.466,2480.69,5528.51,8584.94,8584.94,8584.94,935,854,852,854,1718,0,1.95607,30.027,185.1,293.129,5030.38,171.707,1634.51,298.745,,,,,,,,
2018/DATA-20180705/p6440061.nc,644,6,61,990,410,150,300,1,0,310,0,2000,200,3,0,120,0,0.162659,0,0.00832087,0.022989,0.0208636,0.0348225,0,2280.18,395.779,SciCon|PAM,8736,25.394,6254,55,magnetometer sbe41 contopt wlseaowl,66.12,13.5,17.853,13.46,0,1.53116e+09,13.5167,147.433,0.745635,298.61,2568.9,5600.79,8607.69,8607.69,8607.69,944,862,861,862,1723,0,1.94771,30.05,185.79,292.883,5049.64,184.217,1609.42,297.997,,,,,,,,
2018/2018_2/p6440062.nc,644,6,62,990,410,150,300,1,0,310,0,2000,200,3,0,120,0,0.158063,0,0.00687741,0.024504,0.0210929,0.0344331,0,2305.23,425.759,SciCon|PAM,8671,25.254,6337,55,magnetometer sbe41 contopt wlseaowl,66.12,13.51,18.131,13.46,0,1.53116e+09,13.9667,146.533,0.653016,291.147,2643.62,5669.42,8542.53,8542.53,8542.53,941,855,855,855,1710,0,1.91692,30.017,183.196,293.129,5021.19,169.5,1508.16,290.646,,,,,,,,
2018/2018_2/p6440063.nc,644,6,63,990,410,150,300,1,0,310,0,2000,200,3,0,120,0,0.153242,0,0.00868777,0.0233665,0.0207188,0.0339822,0,2264.35,399.605,SciCon|PAM,8421,25.278,6186,55,magnetometer sbe41 contopt wlseaowl,66.12,13.52,18.405,13.34,0,1.53117e+09,13.5333,142.517,0.804465,287.226,2623.23,5529.7,8292.93,8292.93,8292.93,915,830,824,830,1661,0,1.91727,30.062,183.216,293.129,4990.98,172.934,1480.1,287.001,,,,,,,,
2018/2018_2/p6440064.nc,644,6,64,990,410,150,300,1,0,310,0,2000,200,3,0,120,0,0.158623,0,0.00719744,0.0245473,0.0213168,0.0345342,0,2329.7,425.207,SciCon|PAM,8526,25.334,6393,55,magnetometer sbe41 contopt wlseaowl,66.12,13.54,18.683,13.34,0,1.53118e+09,14.0333,144.217,0.856515,285.684,2701.02,5718.13,8402.35,8402.35,8402.35,923,842,840,840,1682,0,1.87212,30.075,184.004,292.638,4939.11,181.028,1556.49,284.998,,,,,,,,
2018/2018_2/p6440065.nc,644,6,65,990,410,150,300,1,0,310,0,2000,200,3,0,120,0,0.160022,0,0.00789178,0.023352,0.0217113,0.0360555,0,2372.82,406.348,SciCon|PAM,8974,24.887,6336,55,magnetometer sbe41 contopt wlseaowl,66.12,13.52,18.966,13.39,0,1.53119e+09,13.7,151.5,0.521278,303.914,2649.35,5677.77,8593.64,8847.19,8847.19,966,867,859,867,1771,0,1.99379,30.054,193.736,293.374,5035.24,175.632,1553.85,302.685,,,,,,,,
2018/2018_2/p6440066.nc,644,6,66,990,410,150,300,1,0,310,0,2000,200,3,0,120,0,0.162672,0,0.0095988,0.0233937,0.0216055,0.0361812,0,2361.25,401.014,SciCon|PAM,8832,24.826,6190,55,magnetometer sbe41 contopt wlseaowl,66.12,13.51,19.262,13.39,0,1.5312e+09,13.8,149.2,0.107293,302.282,2580.04,5522.92,8498.36,8698.29,8698.29,938,854,854,854,1742,0,1.99871,30.067,193.899,293.129,5029.19,171.462,2289.83,301.862,,,,,,,,
2018/2018_2/p6440067.nc,644,6,67,990,350,200,300,1,0,310,0,2000,200,3,0,120,0,0.196459,0,0.00932342,0.023208,0.0194631,0.032615,0,2127.11,396.723,SciCon|PAM,7768,24.289,5253,55,magnetometer sbe41 contopt wlseaowl,66.12,13.48,19.568,13.31,0,1.53121e+09,13.65,131.35,0.937164,314.113,2151.44,4593.65,7091.92,7636.58,7636.58,823,727,726,726,1529,0,2.08945,26.713,173.25,390.021,6661.46,193.784,1771.65,312.744,,,,,,,,
2018/DATA-20180705/p6440068.nc,644,6,68,990,350,200,300,1,0,310,0,2000,200,3,0,120,0,0.188103,0,0.0071029,0.0215923,0.0188809,0.0319995,0,2063.48,372.719,SciCon|PAM,7687,24.271,5110,55,magnetometer sbe41 contopt wlseaowl,66.12,13.49,19.874,13.44,0,1.53122e+09,12.85,130.483,1.43885,314.859,2082.96,4484.57,7013.23,7570.66,7570.66,820,719,717,719,1516,0,2.05683,26.762,169.174,390.021,6684.46,120.195,1930.45,313.397,,,,,,,,
2018/DATA-20180705/p6440069.nc,644,6,69,990,350,200,300,1,0,310,0,2000,200,3,0,120,0,0.171586,0.000332897,0.00720105,0.0209049,0.018383,0.0310452,0,2009.07,359.459,SciCon|PAM,7500,24.882,5259,55,magnetometer sbe41 contopt wlseaowl,66.12,13.49,20.167,13.44,0,1.53123e+09,12.55,126.417,1.27346,301.287,2207.8,4626.15,7249.12,7379.11,7379.11,812,728,727,727,1478,0,1.97984,26.765,162.681,390.757,6645.37,90.0236,1448.32,299.945,,,,,,,,
2018/DATA-20180705/p6440070.nc,644,6,70,990,350,200,300,1,0,310,0,2000,200,3,0,120,0,0.190081,0,0.00609623,0.021281,0.0179898,0.0303671,0,1966.1,362.949,SciCon|PAM,7253,25.041,5195,55,magnetometer sbe41 contopt wlseaowl,66.12,13.45,20.463,13.35,0,1.53124e+09,12.6333,123.067,0.679192,300.203,2183.61,4573,7098.58,7135.67,7135.67,785,706,706,706,1428,0,1.96202,26.704,159.083,390.266,6648.86,166.801,1711.09,298.898,,,,,,,,
2018/DATA-20180705/p6440071.nc,644,6,71,990,350,200,300,1,0,310,0,2000,200,3,0,120,0,0.199717,0,0.00788685,0.0198565,0.0179962,0.030762,0,1966.8,343.255,SciCon|PAM,7424,25.248,5337,55,magnetometer sbe41 contopt wlseaowl,66.12,13.49,20.759,13.32,0,1.53125e+09,12.2,125.8,0.351451,297.814,2227,4740.18,7310.49,7310.49,7310.49,802,732,732,732,1464,0,1.9488,26.731,160.189,389.775,6650.49,194.029,1704.83,296.141,,,,,,,,
2018/DATA-20180705/p6440072.nc,644,6,72,990,350,200,300,1,0,310,0,2000,200,3,0,120,0,0.205948,0,0.00553463,0.021338,0.0183095,0.0306133,0,2001.04,367.266,SciCon|PAM,7458,25.289,5333,55,magnetometer sbe41 contopt wlseaowl,66.12,13.49,21.058,13.35,0,1.53125e+09,12.8,126.733,0.945049,296.889,2227.54,4702.03,7345.32,7345.32,7345.32,807,735,734,735,1470,0,1.9783,26.73,157.622,390.021,6650.63,223.219,1770.76,295.703,,,,,,,,
2018/DATA-20180705/p6440073.nc,644,6,73,990,350,200,300,1,0,310,0,2000,200,3,0,120,0,0.197431,0,0.00552872,0.0202952,0.0168633,0.0285454,0,1842.98,352.568,SciCon|PAM,6955,25.298,5376,55,magnetometer sbe41 contopt wlseaowl,66.12,13.54,21.345,13.34,0,1.53126e+09,12.35,118.117,1.32621,276.449,2259.56,4767.11,6836.48,6836.48,6836.48,764,685,685,685,1369,0,1.81868,23.394,147.18,389.53,6534.37,200.897,1722.48,274.797,,,,,,,,
2018/DATA-20180705/p6440074.nc,644,6,74,990,350,200,300,1,0,310,0,2000,200,3,0,120,0,0.197302,0,0.00648018,0.0191706,0.0165841,0.0280839,0,1812.47,330.443,SciCon|PAM,6755,25.258,5300,55,magnetometer sbe41 contopt wlseaowl,66.12,13.5,21.629,13.34,0,1.53127e+09,11.8167,115.083,1.46087,271.951,2191.69,4719.91,6650.94,6650.94,6650.94,746,666,666,666,1331,0,1.77322,23.392,141.202,390.266,6459.07,203.841,1824.24,270.292,,,,,,,,
2018/DATA-20180705/p6440075.nc,644,6,75,990,350,200,300,1,0,310,0,2000,200,3,0,120,0,0.182458,0,0.00602845,0.0203858,0.0166676,0.0278825,0,1821.6,359.772,SciCon|PAM,6562,25.343,5291,55,magnetometer sbe41 contopt wlseaowl,66.12,13.52,21.916,13.44,0,1.53128e+09,12.5333,111.4,1.1916,265.253,2126.57,4671.43,6450.87,6450.87,6450.87,718,646,646,646,1292,0,1.72276,23.387,143.165,389.775,6406.27,125.592,1974.87,263.355,,,,,,,,
2018/DATA-20180705/p6440076.nc,644,6,76,990,350,200,300,1,0,310,0,2000,200,3,0,120,0,0.189328,0,0.00779065,0.01883,0.0164423,0.0273974,0,1796.98,325.994,SciCon|PAM,6350,25.268,5196,55,magnetometer sbe41 contopt wlseaowl,66.12,13.52,22.192,13.32,0,1.53129e+09,12.1667,108.3,0.829845,259.63,2169.97,4619.02,6244.13,6244.13,6244.13,697,626,624,626,1251,0,1.6896,23.436,138.889,390.757,6366.43,187.651,1703.85,257.895,,,,,,,,
2018/DATA-20180705/p6440077.nc,644,6,77,990,350,200,300,1,0,310,0,2000,200,3,0,120,0,0.185263,0,0.00552056,0.019087,0.0163765,0.0275697,0,1789.78,333.521,SciCon|PAM,6338,25.27,5316,55,magnetometer sbe41 contopt wlseaowl,66.12,13.54,22.465,13.46,0,1.53129e+09,11.7833,107.917,0.685541,253.409,2300.44,4737.65,6231.45,6231.45,6231.45,702,624,621,624,1248,0,1.66281,23.379,139.108,389.775,6258.16,185.689,1635.38,251.552,,,,,,,,
2018/DATA-20180705/p6440078.nc,644,6,78,990,350,200,300,1,0,310,0,2000,200,3,0,120,0,0.187961,0,0.0050179,0.0203966,0.0164295,0.0270389,0,1795.57,361.46,SciCon|PAM,6338,25.386,5406,55,magnetometer sbe41 contopt wlseaowl,66.12,13.53,22.74,13.45,0,1.5313e+09,12.4,108.1,0.977235,250.274,2236.81,4792.43,6230.79,6230.79,6230.79,702,624,623,624,1247,0,1.65552,23.409,136.819,390.021,6275.54,190.35,1713.24,248.647,,,,,,,,
2018/DATA-20180705/p6440079.nc,644,6,79,990,350,200,300,1,0,310,0,2000,200,3,0,120,0,0.167153,0.000186697,0.00690381,0.0191617,0.0161003,0.0266264,0,1759.59,332.195,SciCon|PAM,6126,25.21,5394,55,magnetometer sbe41 contopt wlseaowl,66.12,13.53,23.008,13.33,0,1.53131e+09,11.8667,103.867,1.24034,241.565,2285.79,4816.87,6020.92,6020.92,6020.92,680,604,602,603,1206,0,1.5803,23.374,135.097,390.021,6247.02,95.4201,1506.71,239.897,,,,,,,,
2018/DATA-20180705/p6440080.nc,644,6,80,990,350,200,300,1,0,310,0,2000,200,3,0,120,0,0.170146,0,0.00524765,0.0194504,0.016058,0.0261028,0,1754.98,342.465,SciCon|PAM,6034,25.315,5465,55,magnetometer sbe41 contopt wlseaowl,66.12,13.51,23.276,13.32,0,1.53131e+09,12.3,102.967,1.39933,235.603,2362.77,4869.74,5927.43,5927.43,5927.43,674,594,591,594,1187,0,1.52392,20.099,132.44,390.266,6221.65,104.251,1626.94,233.602,,,,,,,,
2018/DATA-20180705/p6440081.nc,644,6,81,990,350,250,300,1,0,310,0,2000,200,3,0,120,0,0.214198,0,0.00683405,0.0306744,0.0167522,0.0246287,0,1830.84,585.361,SciCon|PAM,5443,25.28,5365,55,magnetometer sbe41 contopt wlseaowl,66.12,13.49,23.593,13.32,0,1.53132e+09,18.8,93.2,0.939661,233.472,2097.55,4360.41,5338.38,5338.38,5338.38,595,535,534,534,1069,0,1.5409,20.115,121.638,487.403,7701.67,147.423,2174.13,230.494,,,,,,,,
2018/DATA-20180705/p6440082.nc,644,6,82,990,350,250,300,1,0,310,0,2000,200,3,0,120,0,0.228153,0,0.00689948,0.0200949,0.01523,0.0250687,0,1664.49,388.681,SciCon|PAM,5590,25.244,5171,55,magnetometer sbe41 contopt wlseaowl,66.12,13.49,23.91,13.33,0,1.53133e+09,13.5333,95.7667,0.530651,233.89,2200.55,4475.15,5490.77,5490.77,5490.77,618,551,548,550,1100,0,1.57211,20.136,122.969,487.158,7768.89,184.217,2653.01,231.393,,,,,,,,
2018/DATA-20180705/p6440083.nc,644,6,83,990,350,250,300,1,0,310,0,2000,200,3,0,120,0,0.193254,0,0.00557399,0.0215695,0.0161049,0.0261962,0,1760.1,397.915,SciCon|PAM,5926,25.304,5332,55,magnetometer sbe41 contopt wlseaowl,66.12,13.49,24.186,13.31,0,1.53133e+09,13.8333,101.367,0.441749,243.545,2335.42,4624.64,5831.57,5831.57,5831.57,660,584,583,584,1167,0,1.6381,20.118,130.138,487.403,7868.52,138.347,294.723,241.098,,,,,,,,
2018/DATA-20180705/p6440084.nc,644,6,84,990,350,250,300,1,0,310,0,2000,200,3,0,120,0,0.188843,0,0.00568054,0.01925,0.0151107,0.024949,0,1651.44,335.795,SciCon|PAM,5811,25.215,5027,55,magnetometer sbe41 contopt wlseaowl,66.12,13.5,24.456,13.32,0,1.53134e+09,11.7333,99.2667,0.561245,247.845,2222.21,4445.03,5714.95,5714.95,5714.95,658,572,571,572,1144,0,1.61192,20.085,122.878,487.158,7868.72,115.534,212.277,244.25,,,,,,,,
2018/DATA-20180705/p6440085.nc,644,6,85,990,350,250,300,1,0,310,0,2000,200,3,0,120,0,0.175398,0,0.00506236,0.0187505,0.0152435,0.0252213,0,1665.95,331.739,SciCon|PAM,5896,25.323,5129,55,magnetometer sbe41 contopt wlseaowl,66.12,13.5,24.723,13.32,0,1.53135e+09,11.55,100.95,0.924933,245.476,2260.59,4551.24,5801.62,5801.62,5801.62,665,581,579,580,1161,0,1.62001,20.114,127.3,487.403,7867.23,55.9275,87.3687,242.952,,,,,,,,
2018/DATA-20180705/p6440086.nc,644,6,86,990,350,250,300,1,0,310,0,2000,200,3,0,120,0,0.162636,0.00156582,0.00863261,0.0183992,0.0154388,0.0253805,0,1687.3,327.631,SciCon|PAM,5840,25.217,5150,55,magnetometer sbe41 contopt wlseaowl,66.12,13.5,24.989,13.35,0,1.53136e+09,11.6,99.4,1.01699,240.569,2247.92,4559.48,5743.21,5743.21,5743.21,656,575,574,575,1149,0,1.62458,20.121,127.9,487.403,7809.05,0,0,237.494,,,,,,,,
2018/DATA-20180705/p6440087.nc,644,6,87,990,350,250,300,1,0,310,0,2000,200,3,0,120,0,0.162942,0.00156525,0.0069978,0.0185935,0.015466,0.0258178,0,1690.28,333.281,SciCon|PAM,5844,25.225,5105,55,magnetometer sbe41 contopt wlseaowl,66.12,13.49,25.257,13.31,0,1.53136e+09,11.6,99.4,0.977895,243.376,2280.83,4529.27,5742.65,5742.65,5742.65,651,576,572,576,1150,0,1.62115,20.115,132.292,487.158,7827.56,0,0,239.75,,,,,,,,
2018/DATA-20180705/p6440088.nc,644,6,88,990,350,250,300,1,0,310,0,2000,200,3,0,120,0,0.163433,0.00153921,0.00718989,0.0188479,0.0158899,0.0266233,0,1736.6,335.609,SciCon|PAM,5996,25.275,5250,55,magnetometer sbe41 contopt wlseaowl,66.12,13.53,25.528,13.31,0,1.53137e+09,11.7,102.1,0.991422,245.227,2273.68,4646.4,5896.45,5896.45,5896.45,666,590,588,590,1180,0,1.66466,20.108,135.343,487.648,7875.89,0,0,241.741,,,,,,,,
2018/DATA-20180705/p6440089.nc,644,6,89,990,350,250,300,1,0,310,0,2000,200,3,0,120,0,0.163539,0.00152538,0.00722453,0.0175178,0.0155001,0.0260167,0,1694,305.044,SciCon|PAM,5980,25.247,5182,55,magnetometer sbe41 contopt wlseaowl,66.12,13.5,25.796,13.3,0,1.53138e+09,11.2833,101.817,0.55171,244.192,2347.2,4626.1,5882.29,5882.29,5882.29,672,589,588,589,1177,0,1.65764,20.138,130.839,487.158,7861.88,0,0,241.104,,,,,,,,
2018/DATA-20180705/p6440090.nc,644,6,90,990,350,250,300,1,0,310,0,2000,200,3,0,120,0,0.164075,0.00152148,0.0140487,0.0186602,0.0159552,0.0265966,0,1743.73,333.443,SciCon|PAM,6017,25.175,5186,55,magnetometer sbe41 contopt wlseaowl,66.12,13.48,26.067,13.29,0,1.53138e+09,11.8333,102.267,0.398195,247.059,2279.18,4600.19,5920.65,5920.65,5920.65,674,593,591,593,1185,0,1.67434,20.088,138.206,487.403,7890.61,0,0,243.694,,,,,,,,
2018/DATA-20180705/p6440091.nc,644,6,91,990,350,250,300,1,0,310,0,2000,200,3,0,120,0,0.16407,0.00152344,0.0062097,0.0192753,0.0154762,0.0256851,0,1691.39,341.827,SciCon|PAM,6035,25.293,5219,55,magnetometer sbe41 contopt wlseaowl,66.12,13.49,26.337,13.31,0,1.53139e+09,11.8667,102.633,0.624045,247.069,2308.41,4631.18,5932.72,5932.72,5932.72,679,594,594,594,1188,0,1.67345,20.061,130.512,487.158,7888.63,0,0,243.746,,,,,,,,
2018/DATA-20180705/p6440092.nc,644,6,92,990,350,250,300,1,0,310,0,2000,200,3,0,120,0,0.174039,0.00026775,0.00490155,0.0179871,0.014487,0.0239961,0,1583.28,313.41,SciCon|PAM,5837,25.361,5023,55,magnetometer sbe41 contopt wlseaowl,66.12,13.48,26.602,13.29,0,1.5314e+09,11.4,98.9,0.922156,245.626,2262.56,4460.13,5731.51,5731.51,5731.51,665,574,574,574,1149,0,1.60774,20.088,119.858,487.648,7919.04,45.6251,71.7112,242.893,,,,,,,,
2018/DATA-20180705/p6440093.nc,644,6,93,990,350,250,300,1,0,310,0,2000,200,3,0,120,0,0.165908,0.00152673,0.00631366,0.0179129,0.0156686,0.0261598,0,1712.41,316.393,SciCon|PAM,6056,25.382,5240,55,magnetometer sbe41 contopt wlseaowl,66.12,13.44,26.874,13.29,0,1.5314e+09,11.3333,102.867,0.905373,246.771,2397.12,4687.74,5961.27,5961.27,5961.27,682,597,596,597,1193,0,1.67376,23.423,130.66,486.913,7958.47,0,0,243.756,,,,,,,,
2018/DATA-20180705/p6440094.nc,644,6,94,990,350,250,300,1,0,310,0,2000,200,3,0,120,0,0.176039,0.00026682,0.0052233,0.0186584,0.0161398,0.0264851,0,1763.91,326.511,SciCon|PAM,6016,25.272,5219,55,magnetometer sbe41 contopt wlseaowl,66.12,13.48,27.147,13.27,0,1.53141e+09,12,101.5,0.811667,247.666,2381.38,4633.29,5909.32,5909.32,5909.32,676,593,593,593,1184,0,1.65079,20.104,134.047,487.403,7997.9,45.1345,70.3919,244.656,,,,,,,,
2018/DATA-20180705/p6440095.nc,644,6,95,990,350,250,300,1,0,310,0,2000,200,3,0,120,0,0.195774,0,0.00587305,0.0173835,0.0160753,0.0270666,0,1756.86,303.154,SciCon|PAM,6188,25.329,5300,55,magnetometer sbe41 contopt wlseaowl,66.12,13.47,27.424,13.29,0,1.53142e+09,11.2667,105.733,0.560149,248.542,2321.9,4751.13,6091.29,6091.29,6091.29,690,610,609,610,1219,0,1.71302,23.468,137.204,486.667,7995.93,140.064,227.481,245.1,,,,,,,,
2018/DATA-20180705/p6440096.nc,644,6,96,990,350,250,300,1,0,310,0,2000,200,3,0,120,0,0.191672,0,0.00713857,0.0184591,0.0158193,0.0271074,0,1728.88,320.871,SciCon|PAM,6203,25.306,5290,55,magnetometer sbe41 contopt wlseaowl,66.12,13.46,27.702,13.31,0,1.53142e+09,11.5167,105.983,0.280697,250.254,2406.54,4715.82,6105.92,6105.92,6105.92,691,612,611,612,1222,0,1.73468,23.414,138.594,487.158,7973.82,120.44,210.149,246.65,,,,,,,,
2018/DATA-20180705/p6440097.nc,644,6,97,990,350,250,300,1,0,310,0,2000,200,3,0,120,0,0.189829,0,0.00887619,0.0194573,0.0158026,0.0264557,0,1727.06,344.332,SciCon|PAM,6040,25.221,5171,55,magnetometer sbe41 contopt wlseaowl,66.12,13.47,27.977,13.32,0,1.53143e+09,12.05,103.25,0.268319,249.349,2292.37,4581.46,5938.27,5938.27,5938.27,670,595,594,595,1189,0,1.68951,20.077,134.779,487.158,7930.84,116.516,202.815,246.346,,,,,,,,
2018/DATA-20180705/p6440098.nc,644,6,98,990,350,250,300,1,0,310,0,2000,200,3,0,120,0,0.165287,0.00156447,0.00761502,0.0195063,0.0159069,0.0266157,0,1738.46,342.529,SciCon|PAM,6073,25.35,5195,55,magnetometer sbe41 contopt wlseaowl,66.12,13.49,28.251,13.3,0,1.53144e+09,11.7833,103.45,0.440353,248.562,2269.56,4614.74,5976.28,5976.28,5976.28,681,599,595,598,1196,0,1.66594,23.437,137.249,486.913,7929.56,0,0,245.856,,,,,,,,
2018/DATA-20180705/p6440099.nc,644,6,99,990,350,250,300,1,0,310,0,2000,200,3,0,120,0,0.197888,0,0.00759522,0.0186228,0.0163127,0.0273316,0,1782.81,326.432,SciCon|PAM,6290,25.311,5360,55,magnetometer sbe41 contopt wlseaowl,66.12,13.49,28.529,13.29,0,1.53144e+09,11.6833,107.283,0.531034,249.478,2410.88,4780.13,6190.31,6190.31,6190.31,705,620,619,619,1239,0,1.74728,23.407,137.975,486.667,7909.65,161.405,253.398,246.196,,,,,,,,
2018/DATA-20180705/p6440100.nc,644,6,100,990,350,250,300,1,0,310,0,2000,200,3,0,120,0,0.187949,0,0.00907267,0.0192625,0.0157269,0.026264,0,1718.79,340.805,SciCon|PAM,6034,25.242,5191,55,magnetometer sbe41 contopt wlseaowl,66.12,13.49,28.802,13.31,0,1.53145e+09,11.9,102.75,0.645066,248.224,2255.51,4600.29,5934.08,5934.08,5934.08,668,595,594,594,1188,0,1.68639,20.116,132.367,486.422,7829.22,117.497,254.902,244.739,,,,,,,,
2018/DATA-20180705/p6440101.nc,644,6,101,990,350,250,300,1,0,310,0,2000,200,3,0,120,0,0.1876,0,0.00458891,0.0181039,0.015491,0.0261828,0,1693,313.784,SciCon|PAM,6144,25.227,5284,55,magnetometer sbe41 contopt wlseaowl,66.12,13.49,29.074,13.32,0,1.53146e+09,11.4667,104.983,0.610714,246.93,2381.96,4720.35,6040.55,6040.55,6040.55,689,605,605,605,1210,0,1.71276,23.42,130.065,487.158,7850.39,116.025,209.741,244.304,,,,,,,,
2018/DATA-20180705/p6440102.nc,644,6,102,990,350,250,300,1,0,310,0,2000,200,3,0,120,0,0.18252,0,0.00470898,0.0196377,0.0160795,0.0265803,0,1757.32,345.986,SciCon|PAM,6073,25.249,5248,55,magnetometer sbe41 contopt wlseaowl,66.12,13.5,29.347,13.32,0,1.53147e+09,12.0333,103.767,0.318193,248.254,2404.1,4630.87,5973.18,5973.18,5973.18,686,598,598,598,1195,0,1.65805,23.378,135.072,488.384,7869.97,90.2689,141.486,244.726,,,,,,,,
2018/DATA-20180705/p6440103.nc,644,6,103,990,350,250,300,1,0,310,0,2000,200,3,0,120,0,0.188681,0,0.00448045,0.0181723,0.0154691,0.0258964,0,1690.61,317.069,SciCon|PAM,5981,25.271,5082,55,magnetometer sbe41 contopt wlseaowl,66.12,13.48,29.619,13.29,0,1.53147e+09,11.5,102.1,0.364561,250.682,2322.67,4514.06,5879.55,5879.55,5879.55,669,589,589,589,1177,0,1.67202,20.09,128.206,487.403,7927.77,114.799,229.197,247.239,,,,,,,,
2018/DATA-20180705/p6440104.nc,644,6,104,990,350,250,300,1,0,310,0,2000,200,3,0,120,0,0.209524,0,0.00560318,0.0179609,0.0154998,0.0265559,0,1693.96,315.322,SciCon|PAM,6016,25.321,5171,55,magnetometer sbe41 contopt wlseaowl,66.12,13.5,29.924,13.3,0,1.53148e+09,11.35,102.65,0.386628,246.601,2299.51,4605.28,5918.18,5918.18,5918.18,666,593,592,592,1185,0,1.69646,20.065,134.628,487.158,7941.27,115.044,1735.31,243.592,,,,,,,,
2018/DATA-20180705/p6440105.nc,644,6,105,990,350,250,300,1,0,310,0,2000,200,3,0,120,0,0.192222,0,0.00518573,0.018597,0.0155094,0.0260483,0,1695.02,329.585,SciCon|PAM,5886,25.342,5102,55,magnetometer sbe41 contopt wlseaowl,66.12,13.5,30.196,13.3,0,1.53149e+09,11.6333,100.667,0.25677,243.983,2343.91,4525.11,5782.24,5782.24,5782.24,661,580,580,580,1158,0,1.62779,20.146,129.403,486.913,7905.24,133.196,221.925,241.148,,,,,,,,
2018/DATA-20180705/p6440106.nc,644,6,106,990,350,250,300,1,0,310,0,2000,200,3,0,120,0,0.193622,0,0.00536824,0.0191044,0.015816,0.0264682,0,1728.52,339.13,SciCon|PAM,6037,25.274,5254,55,magnetometer sbe41 contopt wlseaowl,66.12,13.49,30.471,13.32,0,1.53149e+09,11.8,103.2,0.158532,244.242,2341.87,4653.5,5937.88,5937.88,5937.88,677,595,595,594,1189,0,1.65627,20.101,133.333,486.667,7888.23,143.743,237.999,241.13,,,,,,,,
2018/DATA-20180705/p6440107.nc,644,6,107,990,350,250,300,1,0,310,0,2000,200,3,0,120,0,0.19597,0,0.00647796,0.0194773,0.0157158,0.0259363,0,1717.57,347.451,SciCon|PAM,5947,25.243,5186,55,magnetometer sbe41 contopt wlseaowl,66.12,13.5,30.746,13.35,0,1.5315e+09,12.0667,101.633,0.240725,245.367,2329.82,4585.18,5846.92,5846.92,5846.92,664,586,584,585,1171,0,1.66053,20.072,129.831,487.403,7886.37,151.593,324.449,241.994,,,,,,,,
2018/DATA-20180705/p6440108.nc,644,6,108,990,350,250,300,1,0,310,0,2000,200,3,0,120,0,0.195993,0,0.00566726,0.018775,0.0160495,0.0266673,0,1754.04,335.165,SciCon|PAM,6039,25.278,5214,55,magnetometer sbe41 contopt wlseaowl,66.12,13.5,31.023,13.31,0,1.53151e+09,11.7833,102.9,0.731155,247.138,2268.27,4624.2,5939.1,5939.1,5939.1,665,595,594,595,1189,0,1.69877,20.096,134.627,487.158,7955.07,115.534,329.379,243.414,,,,,,,,
2018/DATA-20180705/p6440109.nc,644,6,109,990,350,250,300,1,0,310,0,2000,200,3,0,120,0,0.211459,0,0.00792786,0.0206219,0.0162336,0.0262075,0,1774.17,363.486,SciCon|PAM,5828,25.235,5085,55,magnetometer sbe41 contopt wlseaowl,66.12,13.5,31.33,13.29,0,1.53151e+09,12.8167,99.5,1.12043,246.521,2281.48,4466.63,5729.02,5729.02,5729.02,650,574,573,574,1146,0,1.6433,20.087,130.779,487.403,7889.3,123.384,1829.01,243.048,,,,,,,,
2018/DATA-20180705/p6440110.nc,644,6,110,990,350,250,300,1,0,310,0,2000,200,3,0,120,0,0.205524,0,0.00489665,0.0181357,0.0155716,0.0262242,0,1701.81,318.661,SciCon|PAM,5986,25.201,5304,55,magnetometer sbe41 contopt wlseaowl,66.12,13.51,31.604,13.39,0,1.53152e+09,11.4667,102.333,1.19269,240.499,2391.84,4738.05,5888.71,5888.71,5888.71,668,589,588,589,1178,0,1.66533,20.094,132.276,486.913,7788.18,206.294,407.58,237.29,,,,,,,,
2018/DATA-20180705/p6440111.nc,644,6,111,990,350,250,300,1,0,310,0,2000,200,3,0,120,0,0.214648,0,0.00452607,0.0181676,0.0150879,0.0256996,0,1648.95,316.487,SciCon|PAM,5884,25.284,5318,55,magnetometer sbe41 contopt wlseaowl,66.12,13.51,31.91,13.29,0,1.53153e+09,11.5,100.7,0.707297,234.447,2330.74,4752.26,5785.78,5785.78,5785.78,655,579,579,579,1158,0,1.65816,20.098,125.608,486.913,7724.22,149.631,2169.26,230.898,,,,,,,,
2018/DATA-20180705/p6440112.nc,644,6,112,990,350,250,300,1,0,310,0,2000,200,3,0,120,0,0.201962,0,0.00673719,0.0187078,0.0147294,0.0246742,0,1609.77,327.731,SciCon|PAM,5588,25.274,5124,55,magnetometer sbe41 contopt wlseaowl,66.12,13.5,32.202,13.29,0,1.53153e+09,11.65,95.65,0.292263,231.501,2313.84,4533.22,5487.68,5487.68,5487.68,630,550,549,550,1099,0,1.55066,20.117,121.96,487.403,7729.54,114.553,1603.97,228.348,,,,,,,,
2018/DATA-20180705/p6440113.nc,644,6,113,990,350,250,300,1,0,310,0,2000,200,3,0,120,0,0.192027,0,0.00428525,0.0181288,0.0149516,0.0246761,0,1634.06,323.618,SciCon|PAM,5492,25.257,5129,55,magnetometer sbe41 contopt wlseaowl,66.12,13.54,32.464,13.35,0,1.53154e+09,11.45,94.15,0.199349,227.25,2397.47,4569.47,5397.27,5397.27,5397.27,629,540,539,540,1080,0,1.5063,20.116,122.115,487.403,7642.78,167.047,302.528,224.244,,,,,,,,
2018/DATA-20180705/p6440114.nc,644,6,114,990,350,250,300,1,0,310,0,2000,200,3,0,120,0,0.21404,0,0.00632272,0.0176815,0.0151048,0.0246738,0,1650.8,313.145,SciCon|PAM,5590,25.264,5179,55,magnetometer sbe41 contopt wlseaowl,66.12,13.51,32.766,13.28,0,1.53155e+09,11.6,95.35,2.39969,228.733,2306.77,4619.06,5494.28,5494.28,5494.28,629,551,550,551,1100,0,1.54704,20.1,122.317,488.875,7661.78,151.593,2183.55,225.248,,,,,,,,
2018/DATA-20180705/p6440115.nc,644,6,115,990,350,250,300,1,0,310,0,2000,200,3,0,120,0,0.213232,0,0.00583421,0.0185761,0.0147766,0.0246915,0,1614.92,329.934,SciCon|PAM,5576,25.332,4963,55,magnetometer sbe41 contopt wlseaowl,66.12,13.5,33.069,13.29,0,1.53155e+09,11.5833,95.5,2.9605,238.438,2228,4387.64,5481.2,5481.2,5481.2,619,549,548,548,1097,0,1.56097,20.099,124.474,487.648,7785.65,138.347,2041.47,235.059,,,,,,,,
2018/DATA-20180705/p6440116.nc,644,6,116,990,350,250,300,1,0,310,0,2000,200,3,0,120,0,0.20976,0,0.00783325,0.0179312,0.015028,0.0250088,0,1642.4,321.362,SciCon|PAM,5457,25.301,5025,55,magnetometer sbe41 contopt wlseaowl,66.12,13.5,33.368,13.32,0,1.53156e+09,11.6,93.4667,3.16194,228.733,2167.4,4460.76,5362.85,5362.85,5362.85,602,537,536,537,1073,0,1.5482,20.131,126.923,485.931,7766.27,129.271,1971.68,226.398,,,,,,,,
2018/DATA-20180705/p6440117.nc,644,6,117,990,350,250,300,1,0,310,0,2000,200,3,0,120,0,0.215003,0,0.00881667,0.0176886,0.0145922,0.0244026,0,1594.78,316.609,SciCon|PAM,5548,25.237,4952,55,magnetometer sbe41 contopt wlseaowl,66.12,13.48,33.671,13.31,0,1.53157e+09,11.3,95,2.44878,236.318,2083.63,4393.16,5447.48,5447.48,5447.48,611,545,545,545,1091,0,1.57165,20.096,121.095,486.177,7844.25,138.102,2067.32,233.208,,,,,,,,
2018/DATA-20180705/p6440118.nc,644,6,118,990,330,300,300,1,0,310,0,2000,200,3,0,120,0,0.247357,0,0.00966278,0.0174516,0.0142444,0.0242222,0,1556.77,304.911,SciCon|PAM,5209,25.243,4629,55,magnetometer sbe41 contopt wlseaowl,66.12,13.46,34.002,13.29,0,1.53157e+09,11.1667,89.4333,1.59414,237.482,2012.09,4082.68,5114.59,5114.59,5114.59,574,512,512,512,1023,0,1.58155,20.119,118.739,585.031,9320.88,141.045,2100.3,233.294,,,,,,,,
2018/2018_2/p6440119.nc,644,6,119,990,330,300,300,1,0,310,0,2000,200,3,0,120,0,0.242956,0,0.00545407,0.0166978,0.0144918,0.0252176,0,1583.8,290.264,SciCon|PAM,5437,25.285,4730,55,magnetometer sbe41 contopt wlseaowl,66.12,13.47,34.331,13.3,0,1.53158e+09,10.8667,93.2333,1.21269,244.609,2031.81,4189.55,5342.08,5342.08,5342.08,600,535,535,535,1069,0,1.62821,20.131,123.988,585.276,9299.35,131.233,1931.13,240.045,,,,,,,,
2018/2018_2/p6440120.nc,644,6,120,990,330,300,300,1,0,310,0,2000,200,3,0,120,0,0.244688,0,0.00581011,0.0179205,0.0149451,0.0250637,0,1633.34,320.485,SciCon|PAM,5535,25.286,4607,55,magnetometer sbe41 contopt wlseaowl,66.12,13.46,34.663,13.32,0,1.53158e+09,11.4833,94.9167,1.30729,256.324,1961.03,4021.89,5440.6,5440.6,5440.6,604,545,545,545,1089,0,1.70704,20.137,122.864,585.276,9353.19,131.479,1947.14,251.49,,,,,,,,
2018/DATA-20180705/p6440121.nc,644,6,121,990,330,300,300,1,0,310,0,2000,200,3,0,120,0,0.244907,0,0.00711946,0.0182097,0.0152425,0.0257842,0,1665.85,323.726,SciCon|PAM,5683,25.364,4530,55,magnetometer sbe41 contopt wlseaowl,66.12,13.45,34.999,13.32,0,1.53159e+09,11.45,97.15,1.52626,268.396,1900.05,3955.18,5583.31,5583.31,5583.31,619,560,558,559,1120,0,1.78476,20.133,127.147,584.786,9373.26,130.007,1955.41,263.941,,,,,,,,
2018/2018_2/p6440122.nc,644,6,122,990,330,300,300,1,0,310,0,2000,200,3,0,120,0,0.249767,0,0.00552284,0.0181325,0.0156043,0.0273158,0,1705.39,315.018,SciCon|PAM,6099,25.211,4648,55,magnetometer sbe41 contopt wlseaowl,66.12,13.43,35.344,13.26,0,1.5316e+09,11.4333,104.067,2.57854,279.124,2002.91,4079.09,5998.81,5998.81,5998.81,655,601,601,601,1202,0,1.87909,20.041,135.53,585.031,9508.79,133.441,1983.66,274.643,,,,,,,,
2018/2018_2/p6440123.nc,644,6,123,990,330,300,300,1,0,310,0,2000,200,3,0,120,0,0.261222,0,0.00733792,0.0188731,0.0158434,0.0278354,0,1731.52,328.554,SciCon|PAM,6143,25.246,4445,55,magnetometer sbe41 contopt wlseaowl,66.12,13.43,35.701,13.29,0,1.5316e+09,11.7833,104.717,2.71937,292.11,1801.35,3863.26,6043.17,6043.17,6043.17,652,606,603,605,1210,0,1.97323,20.097,137.657,585.276,9651.51,155.027,2373.11,287.75,,,,,,,,
2018/2018_2/p6440124.nc,644,6,124,990,330,300,300,1,0,310,0,2000,200,3,0,120,0,0.260705,0,0.00525494,0.0202245,0.0166617,0.0285716,0,1820.95,355.247,SciCon|PAM,6650,24.473,4711,55,magnetometer sbe41 contopt wlseaowl,66.12,13.41,36.06,13.25,0,1.53161e+09,12.3,113.25,2.18518,307.474,2045.22,4100.51,6199.6,6546.53,6546.53,717,629,629,629,1310,0,2.06181,23.468,139.983,585.276,9807.59,143.498,2086.53,302.655,,,,,,,,
2018/2018_2/p6440125.nc,644,6,125,990,330,300,300,1,0,310,0,2000,200,3,0,120,0,0.257148,0,0.00691214,0.0212381,0.0174114,0.0291407,0,1902.88,399.881,SciCon|PAM,6638,24.874,4916,55,magnetometer sbe41 contopt wlseaowl,66.12,13.43,36.419,13.27,0,1.53162e+09,14.1167,113.133,1.16072,300.797,2076.01,4170.05,6449.59,6531.59,6531.59,715,644,644,644,1307,0,2.05108,23.427,145.459,584.786,9750.59,136.875,2016.89,295.945,,,,,,,,
2018/2018_2/p6440126.nc,644,6,126,990,330,300,300,1,0,310,0,2000,200,3,0,120,0,0.255298,0,0.00692985,0.0193207,0.0163184,0.0283498,0,1783.44,335.807,SciCon|PAM,6445,25.01,4632,55,magnetometer sbe41 contopt wlseaowl,66.12,13.43,36.774,13.32,0,1.53163e+09,11.9833,109.717,0.912909,300.031,1984.44,4024.95,6325.72,6340.3,6340.3,701,628,628,628,1269,0,2.05466,23.38,138.921,585.031,9708.72,132.705,2045.2,295.793,,,,,,,,
2018/2018_2/p6440127.nc,644,6,127,150,50,250,300,1,0,310,0,2000,200,3,0,120,0,0.201819,0,0.00261909,0.0231182,0.0145282,0.0216689,0,1587.78,406.355,SciCon|PAM,3611,45.47,4202,55,magnetometer sbe41 contopt wlseaowl,66.12,13.5,37.078,13.31,0,1.53163e+09,13.4667,62.9333,0.388166,160.586,1939.37,3505.85,3505.85,3505.85,3505.85,639,701,699,700,701,0,1.04772,20.087,97.678,668.186,9600.77,0,0,147.155,,,,,,,,
2018/DATA-20180705/p6440128.nc,644,6,128,150,50,70,300,1,0,310,0,2000,200,3,0,120,0,0.0962706,0.00147227,0.00456218,0.0365288,0.0162996,0.0222954,0,1781.38,643.175,SciCon|PAM,3675,45.759,4571,55,magnetometer sbe41 contopt wlseaowl,66.12,13.73,37.28,13.23,0,1.53164e+09,18.0667,63.5333,0.219766,152.042,2159.62,3587.37,3587.37,3587.37,3587.37,660,717,715,716,717,0,0.59373,20.059,106.669,243.824,3644.57,65.494,159.193,131.068,,,,,,,,
2018/DATA-20180705/p6440129.nc,644,6,129,990,330,300,300,1,0,310,0,2000,200,3,0,120,0,0.25711,0,0.0052346,0.0216368,0.019901,0.0326598,0,2174.98,375.962,SciCon|PAM,6633,25.115,4768,55,magnetometer sbe41 contopt wlseaowl,66.12,13.45,37.646,13.27,0,1.53164e+09,12.3333,113.167,1.33927,300.549,2026.83,4134.88,6463.92,6535.03,6535.03,996,645,641,644,1309,0,2.08184,33.383,157.379,584.786,9674.25,143.008,2100.65,296.145,,,,,,,,
2018/DATA-20180705/p6440130.nc,644,6,130,990,330,300,300,1,0,310,0,2000,200,3,0,120,0,0.25594,0,0.00702761,0.0232781,0.0206286,0.0327014,0,2254.49,437.525,SciCon|PAM,6563,24.955,4857,55,magnetometer sbe41 contopt wlseaowl,66.12,13.44,38.012,13.27,0,1.53165e+09,14.85,111.65,0.720791,302.071,1981.6,4101.78,6292.74,6455.63,6455.63,978,632,632,632,1292,0,2.02988,30.013,162.685,585.767,9707.05,144.97,1983.11,297.741,,,,,,,,
2018/DATA-20180705/p6440131.nc,644,6,131,990,330,300,300,1,0,310,0,2000,200,3,0,120,0,0.259161,0,0.00846425,0.0229944,0.0203962,0.0328433,0,2229.09,425.956,SciCon|PAM,6575,24.796,4834,55,magnetometer sbe41 contopt wlseaowl,66.12,13.43,38.381,13.25,0,1.53166e+09,14.6167,111.85,1.6897,304.31,2017.06,4083.15,6217.66,6470.55,6470.55,979,628,628,628,1295,0,2.05704,30.059,163.886,585.031,9697.53,144.234,2136.91,300.193,,,,,,,,
2018/DATA-20180705/p6440132.nc,644,6,132,990,330,300,300,1,0,310,0,2000,200,3,0,120,0,0.254349,0,0.00672083,0.0227462,0.0199329,0.0314975,0,2178.46,421.01,SciCon|PAM,6289,25.45,4746,55,magnetometer sbe41 contopt wlseaowl,66.12,13.42,38.744,13.34,0,1.53167e+09,15.0333,107.3,2.23657,290.708,1920.92,3999.81,6182.63,6182.63,6182.63,944,619,619,619,1237,0,1.97654,30.007,154.866,585.767,9597.25,139.573,2088.61,285.8,,,,,,,,
2018/DATA-20180705/p6440133.nc,644,6,133,990,330,300,300,1,0,310,0,2000,200,3,0,120,0,0.258138,0,0.00717996,0.0283025,0.0213018,0.0324844,0,2328.07,533.195,SciCon|PAM,6446,25.344,5021,55,magnetometer sbe41 contopt wlseaowl,66.12,13.42,39.119,13.27,0,1.53167e+09,17.6667,109.933,2.43387,299.176,1999.84,4077.65,6339.79,6339.79,6339.79,965,632,632,631,1269,0,2.00525,30.078,163.797,585.031,9743.91,139.573,2094.41,295.148,,,,,,,,
2018/DATA-20180705/p6440134.nc,644,6,134,990,330,300,300,1,0,310,0,2000,200,3,0,120,0,0.26099,0,0.00664738,0.0242987,0.0203897,0.0318256,0,2228.38,455.584,SciCon|PAM,6489,25.343,4838,55,magnetometer sbe41 contopt wlseaowl,66.12,13.42,39.49,13.25,0,1.53168e+09,15.1833,110.417,2.18772,295.474,1954.19,4061.67,6384.17,6384.17,6384.17,978,639,639,639,1277,0,2.02927,30.095,152.523,585.276,9748.87,145.215,2187.3,291.5,,,,,,,,
2018/DATA-20180705/p6440135.nc,644,6,135,990,330,300,300,1,0,310,0,2000,200,3,0,120,0,0.25513,0,0.00672664,0.0204184,0.019205,0.0310797,0,2098.9,353.515,SciCon|PAM,6179,25.377,4701,55,magnetometer sbe41 contopt wlseaowl,66.12,13.43,39.848,13.24,0,1.53169e+09,12.45,105.45,1.24185,284.28,2031.17,4094.05,6074.45,6074.45,6074.45,944,608,606,608,1216,0,1.9228,30.09,151.517,585.522,9617.96,139.573,2092.17,280.498,,,,,,,,
2018/DATA-20180705/p6440136.nc,644,6,136,990,330,300,300,1,0,310,0,2000,200,3,0,120,0,0.253784,0,0.00712898,0.0207364,0.0189445,0.0308555,0,2070.44,364.615,SciCon|PAM,6144,25.423,4608,55,magnetometer sbe41 contopt wlseaowl,66.12,13.43,40.206,13.25,0,1.53169e+09,12.55,104.867,1.01011,283.762,1935.08,3980.53,6039.53,6039.53,6039.53,930,605,604,604,1210,0,1.92317,30.1,150.466,585.276,9583,137.366,2070.44,279.45,,,,,,,,
2018/DATA-20180705/p6440137.nc,644,6,137,990,330,300,300,1,0,310,0,2000,200,3,0,120,0,0.247216,0,0.00877979,0.0201308,0.0188922,0.030689,0,2064.72,349.815,SciCon|PAM,6022,25.323,4719,55,magnetometer sbe41 contopt wlseaowl,66.12,13.44,40.555,13.28,0,1.5317e+09,12.3,102.9,1.46648,273.134,2071.52,4109.12,5918.59,5918.59,5918.59,932,593,592,593,1184,0,1.85729,30.009,149.257,585.522,9460.37,130.497,1908.58,269.043,,,,,,,,
2018/DATA-20180705/p6440138.nc,644,6,138,990,330,300,300,1,0,310,0,2000,200,3,0,120,0,0.248521,0,0.00386224,0.0192812,0.0184191,0.0297467,0,2013.02,333.183,SciCon|PAM,5829,25.371,4660,55,magnetometer sbe41 contopt wlseaowl,66.12,13.45,40.901,13.29,0,1.53171e+09,11.9833,99.3667,2.2407,270.517,2013.87,4079.86,5729.42,5729.42,5729.42,917,573,572,573,1146,0,1.80452,30.033,140.156,585.276,9412.96,135.158,2012.38,266.091,,,,,,,,
2018/DATA-20180705/p6440139.nc,644,6,139,990,330,300,300,1,0,310,0,2000,200,3,0,120,0,0.24457,0,0.00669537,0.0188666,0.0182745,0.029698,0,1997.21,329.402,SciCon|PAM,5731,25.399,4699,55,magnetometer sbe41 contopt wlseaowl,66.12,13.45,41.243,13.28,0,1.53172e+09,11.8833,98.2,2.39456,262.237,2046.15,4107.02,5629.23,5629.23,5629.23,904,564,562,564,1127,0,1.73294,30.011,144.068,585.276,9387.62,130.743,1881.72,257.895,,,,,,,,
2018/DATA-20180705/p6440140.nc,644,6,140,990,330,300,300,1,0,310,0,2000,200,3,0,120,0,0.243199,0,0.00747785,0.019835,0.0183788,0.029892,0,2008.61,351.94,SciCon|PAM,5735,25.398,4769,55,magnetometer sbe41 contopt wlseaowl,66.12,13.45,41.586,13.26,0,1.53172e+09,12.2333,98.2167,2.32658,257.967,2070.03,4150.13,5633.24,5633.24,5633.24,906,564,564,564,1127,0,1.73184,29.993,147.802,585.276,9363.22,129.026,1863.13,254.346,,,,,,,,
2018/DATA-20180705/p6440141.nc,644,6,141,990,330,250,300,1,0,310,0,2000,200,3,0,120,0,0.209037,0,0.00659917,0.0204112,0.0183855,0.0291978,0,2009.34,359.532,SciCon|PAM,5735,25.422,4766,55,magnetometer sbe41 contopt wlseaowl,66.12,13.48,41.898,13.29,0,1.53173e+09,12.4,98.2,1.9168,255.648,1945.68,4148.66,5637.46,5637.46,5637.46,912,564,564,564,1128,0,1.6758,30.056,144.089,488.384,7919.19,113.081,1802.7,253.191,,,,,,,,
2018/DATA-20180705/p6440142.nc,644,6,142,990,330,250,300,1,0,310,0,2000,200,3,0,120,0,0.217669,0,0.00613546,0.0227791,0.0185572,0.0299308,0,2028.1,394.663,SciCon|PAM,5773,25.382,4783,55,magnetometer sbe41 contopt wlseaowl,66.12,13.5,42.219,13.34,0,1.53174e+09,12.9167,98.5833,1.38401,258.893,1937.65,4123.08,5676.54,5676.54,5676.54,915,568,567,568,1136,0,1.67343,30.004,144.16,487.403,7907.09,140.064,2147.99,255.99,,,,,,,,
2018/DATA-20180705/p6440143.nc,644,6,143,990,330,250,300,1,0,310,0,2000,200,3,0,120,0,0.234272,0,0.00710098,0.0216314,0.0183433,0.0300527,0,2004.73,372.877,SciCon|PAM,5737,25.352,4730,55,magnetometer sbe41 contopt wlseaowl,66.12,13.5,42.537,13.29,0,1.53174e+09,12.55,97.95,1.1313,256.883,1932.68,4105.8,5639.24,5639.24,5639.24,902,565,565,565,1129,0,1.70005,30.027,146.163,487.158,7930.09,225.182,2042.57,254.139,,,,,,,,
2018/DATA-20180705/p6440144.nc,644,6,144,990,330,250,300,1,0,310,0,2000,200,3,0,120,0,0.207583,0,0.00712566,0.017899,0.0177228,0.0293637,0,1936.91,310.929,SciCon|PAM,5687,25.421,4706,55,magnetometer sbe41 contopt wlseaowl,66.12,13.49,42.844,13.26,0,1.53175e+09,11.4,97.1,1.45435,255.161,1922.3,4135.93,5584.25,5584.25,5584.25,899,560,559,560,1119,0,1.65391,30.056,146.713,487.158,7908,107.194,1725.53,252.454,,,,,,,,
2018/DATA-20180705/p6440145.nc,644,6,145,990,330,250,300,1,0,310,0,2000,200,3,0,120,0,0.212733,0,0.00590424,0.0197185,0.017797,0.0286363,0,1945.03,346.868,SciCon|PAM,5620,25.368,4702,55,magnetometer sbe41 contopt wlseaowl,66.12,13.47,43.155,13.28,0,1.53176e+09,12.0833,95.9167,1.85092,254.116,1968.56,4094.24,5514.41,5514.41,5514.41,898,552,552,552,1105,0,1.62068,26.758,137.588,487.403,7872.88,128.78,1972.58,250.393,,,,,,,,
2018/DATA-20180705/p6440146.nc,644,6,146,990,330,250,300,1,0,310,0,2000,200,3,0,120,0,0.210726,0,0.00650874,0.0186768,0.0181217,0.0293091,0,1980.51,330.754,SciCon|PAM,5672,25.451,4826,55,magnetometer sbe41 contopt wlseaowl,66.12,13.49,43.464,13.26,0,1.53176e+09,11.8833,97.1167,1.64107,248.234,2059.02,4246.85,5573.24,5573.24,5573.24,910,558,558,558,1116,0,1.62026,30.024,145.492,487.648,7826.77,126.818,1912.69,245.947,,,,,,,,
2018/DATA-20180705/p6440147.nc,644,6,147,990,330,250,300,1,0,310,0,2000,200,3,0,120,0,0.204506,0,0.00417589,0.0186749,0.0180941,0.0291774,0,1977.49,325.534,SciCon|PAM,5598,25.368,4826,55,magnetometer sbe41 contopt wlseaowl,66.12,13.5,43.768,13.29,0,1.53177e+09,11.6833,95.5833,1.42524,246.89,2033.55,4247.06,5495.76,5495.76,5495.76,907,551,551,551,1101,0,1.62673,30.033,141.875,487.158,7803.08,109.157,1706.4,244.703,,,,,,,,
2018/DATA-20180705/p6440148.nc,644,6,148,990,330,250,300,1,0,310,0,2000,200,3,0,120,0,0.206689,0,0.00795217,0.0185107,0.0183028,0.0297743,0,2000.31,321.685,SciCon|PAM,5730,25.456,4786,55,magnetometer sbe41 contopt wlseaowl,66.12,13.48,44.075,13.33,0,1.53177e+09,12.0333,98.1,1.11823,253.977,1947.47,4214.27,5633.95,5633.95,5633.95,910,564,564,564,1127,0,1.67272,30.086,150.783,487.403,7881.59,108.666,1719.55,250.643,,,,,,,,
2018/DATA-20180705/p6440149.nc,644,6,149,990,330,250,300,1,0,310,0,2000,200,3,0,120,0,0.216721,0,0.00732794,0.01996,0.0189013,0.0303724,0,2065.72,351.138,SciCon|PAM,5869,25.409,4966,55,magnetometer sbe41 contopt wlseaowl,66.12,13.47,44.394,13.26,0,1.53178e+09,12.1833,100.417,0.744241,251.071,2117.73,4360.09,5770.11,5770.11,5770.11,938,578,576,577,1155,0,1.6685,30.066,151.078,486.667,7858.76,140.555,2115.99,248.234,,,,,,,,
2018/DATA-20180705/p6440150.nc,644,6,150,990,330,250,300,1,0,310,0,2000,200,3,0,120,0,0.215806,0,0.00652274,0.0196087,0.0189906,0.0303351,0,2075.47,345.4,SciCon|PAM,5944,25.451,5039,55,magnetometer sbe41 contopt wlseaowl,66.12,13.47,44.71,13.26,0,1.53179e+09,12.0667,101.433,1.06492,251.021,2183.13,4442.25,5842.56,5842.56,5842.56,958,585,583,585,1169,0,1.66362,30.045,149.29,487.648,7904.75,143.743,1884.09,248.038,,,,,,,,
2018/DATA-20180705/p6440151.nc,644,6,151,990,330,250,300,1,0,310,0,2000,200,3,0,120,0,0.219705,0,0.00606305,0.0204049,0.0186974,0.0295443,0,2043.44,357.464,SciCon|PAM,5633,25.525,4939,55,magnetometer sbe41 contopt wlseaowl,66.12,13.46,45.021,13.35,0,1.53179e+09,12.8,96,1.27759,244.581,2099.84,4328.32,5527.27,5527.27,5527.27,914,554,551,553,1107,0,1.58543,30.063,145.379,487.158,7899.38,168.518,1796.06,241.943,,,,,,,,
2018/DATA-20180705/p6440152.nc,644,6,152,990,330,250,300,1,0,310,0,2000,200,3,0,120,0,0.211879,0,0.00766772,0.0186309,0.0179567,0.029165,0,1962.48,324.275,SciCon|PAM,5554,25.29,4909,55,magnetometer sbe41 contopt wlseaowl,66.12,13.46,45.33,13.23,0,1.5318e+09,11.7167,95.0333,1.3744,238.669,2188.31,4335.91,5456.57,5456.57,5456.57,906,546,546,546,1092,0,1.54863,30.03,145.835,487.158,7928.74,122.648,1863.4,235.696,,,,,,,,
2018/DATA-20180705/p6440153.nc,644,6,153,990,330,250,300,1,0,310,0,2000,200,3,0,120,0,0.219169,0,0.00610696,0.0192741,0.018172,0.0291302,0,1986.02,338.728,SciCon|PAM,5561,25.399,4976,55,magnetometer sbe41 contopt wlseaowl,66.12,13.45,45.637,13.26,0,1.53181e+09,11.9833,95.3667,1.66288,240.162,2181.1,4382.14,5463.62,5463.62,5463.62,915,548,547,547,1094,0,1.58012,30.021,142.917,487.403,7887.99,167.537,1776.81,237.448,,,,,,,,
2018/DATA-20180705/p6440154.nc,644,6,154,990,330,250,300,1,0,310,0,2000,200,3,0,120,0,0.21357,0,0.00393582,0.0195938,0.0184771,0.0293071,0,2019.35,364.148,SciCon|PAM,5639,25.453,4946,55,magnetometer sbe41 contopt wlseaowl,66.12,13.46,45.95,13.26,0,1.53181e+09,13.3833,96.6167,1.36041,247.786,2160.83,4269.38,5544.46,5544.46,5544.46,914,555,555,555,1109,0,1.60199,30.06,142.786,486.177,7895.53,129.762,1941.9,244.776,,,,,,,,
2018/DATA-20180705/p6440155.nc,644,6,155,990,330,250,300,1,0,310,0,2000,200,3,0,120,0,0.212939,0,0.00746865,0.0195875,0.0186074,0.0299514,0,2033.59,345.48,SciCon|PAM,5857,25.43,4907,55,magnetometer sbe41 contopt wlseaowl,66.12,13.49,46.263,13.25,0,1.53182e+09,11.9833,100.117,1.07325,253.868,2193.25,4302.12,5759.65,5759.65,5759.65,939,577,575,577,1152,0,1.64942,30.074,148.478,486.913,7893.61,129.516,1888.18,250.936,,,,,,,,
2018/DATA-20180705/p6440156.nc,644,6,156,990,330,250,300,1,0,310,0,2000,200,3,0,120,0,0.219077,0,0.00613343,0.0220772,0.0196561,0.0306209,0,2148.2,419.65,SciCon|PAM,5925,25.45,5151,55,magnetometer sbe41 contopt wlseaowl,66.12,13.5,46.553,13.35,0,1.53183e+09,14.5,101.3,0.802312,253.669,2160.75,4414.41,5822.46,5822.46,5822.46,952,583,580,583,1166,0,1.69215,30.09,150.465,487.158,7832.14,237.447,555.015,250.504,,,,,,,,
2018/DATA-20180705/p6440157.nc,644,6,157,990,330,250,300,1,0,310,0,2000,200,3,0,120,0,0.202943,0,0.00943669,0.020142,0.0187132,0.0301609,0,2045.15,356.367,SciCon|PAM,5816,25.366,4964,55,magnetometer sbe41 contopt wlseaowl,66.12,13.51,46.859,13.32,0,1.53183e+09,12.4,99.3,0.782139,249.678,2109.96,4347.99,5711.24,5711.24,5711.24,931,572,570,572,1143,0,1.64818,30.009,150.453,487.894,7799.05,123.139,1582.22,247.248,,,,,,,,
2018/DATA-20180705/p6440158.nc,644,6,158,990,330,250,300,1,0,310,0,2000,200,3,0,120,0,0.186459,0,0.00524989,0.0203814,0.0193521,0.0307739,0,2114.98,358.581,SciCon|PAM,6006,25.497,5170,55,magnetometer sbe41 contopt wlseaowl,66.12,13.51,47.139,13.33,0,1.53184e+09,12.3667,102.333,0.758333,250.454,2300.34,4556.86,5901.7,5901.7,5901.7,970,592,590,591,1182,0,1.6559,30.025,153.171,487.894,7796.73,120.686,202.17,247.139,,,,,,,,
2018/DATA-20180705/p6440159.nc,644,6,159,990,330,250,300,1,0,310,0,2000,200,3,0,120,0,0.204122,0,0.00472416,0.0200877,0.019322,0.0301877,0,2111.69,353.667,SciCon|PAM,5870,25.399,5041,55,magnetometer sbe41 contopt wlseaowl,66.12,13.51,47.447,13.24,0,1.53185e+09,12.8,99.9667,0.728533,249.727,2175.44,4433.13,5769.47,5769.47,5769.47,949,578,577,577,1155,0,1.67235,30.022,148.028,488.139,7826.76,110.628,1640.88,246.684,,,,,,,,
2018/DATA-20180705/p6440160.nc,644,6,160,990,330,250,300,1,0,310,0,2000,200,3,0,120,0,0.189325,0,0.00492746,0.0187736,0.0184663,0.0299324,0,2018.17,324.407,SciCon|PAM,5798,25.349,4978,55,magnetometer sbe41 contopt wlseaowl,66.12,13.49,47.725,13.32,0,1.53185e+09,12.0333,99,0.56035,248.404,2220.88,4401.01,5694.39,5694.39,5694.39,936,570,570,570,1140,0,1.60387,30.009,149.869,487.648,7905.53,119.95,198.784,245.396,,,,,,,,
2018/DATA-20180705/p6440161.nc,644,6,161,990,330,250,300,1,0,310,0,2000,200,3,0,120,0,0.196228,0,0.00608811,0.0203154,0.0192707,0.0302222,0,2106.09,389.811,SciCon|PAM,5868,25.48,5176,55,magnetometer sbe41 contopt wlseaowl,66.12,13.49,48.007,13.32,0,1.53186e+09,13.9333,99.9333,0.564947,248.016,2268.06,4470.25,5770.5,5770.5,5770.5,950,579,578,578,1155,0,1.61623,30.077,151.176,487.158,7907.7,155.763,246.271,244.854,,,,,,,,
2018/DATA-20180705/p6440162.nc,644,6,162,990,330,250,300,1,0,310,0,2000,200,3,0,120,0,0.195823,0,0.00596262,0.019111,0.0182322,0.0290917,0,1992.59,331.955,SciCon|PAM,5640,25.466,4789,55,magnetometer sbe41 contopt wlseaowl,66.12,13.47,48.286,13.31,0,1.53187e+09,12.1333,96.5,0.379835,250.026,2113.26,4207.43,5543.17,5543.17,5543.17,908,555,554,555,1109,0,1.57799,30.076,142.803,487.403,7937.88,149.14,283.547,247.056,,,,,,,,
2018/DATA-20180705/p6440163.nc,644,6,163,990,330,250,300,1,0,310,0,2000,200,3,0,120,0,0.191828,0,0.00619972,0.0194282,0.019181,0.0304447,0,2096.28,346.486,SciCon|PAM,6018,25.466,5105,55,magnetometer sbe41 contopt wlseaowl,66.12,13.47,48.57,13.3,0,1.53187e+09,12,102.9,0.240523,249.917,2221.54,4507.52,5921.7,5921.7,5921.7,973,593,593,593,1185,0,1.67068,30.054,150.063,487.648,8012.94,119.95,232.89,246.496,,,,,,,,
2018/DATA-20180705/p6440164.nc,644,6,164,990,330,250,300,1,0,310,0,2000,200,3,0,120,0,0.189474,0,0.00423042,0.0195257,0.018964,0.0300875,0,2072.56,345.757,SciCon|PAM,5832,25.351,4988,55,magnetometer sbe41 contopt wlseaowl,66.12,13.46,48.852,13.3,0,1.53188e+09,12.3833,99.7167,0.601714,249.947,2177.8,4382,5730.59,5730.59,5730.59,943,574,574,574,1148,0,1.64478,30.047,146.505,487.403,8014.45,107.44,216.299,246.744,,,,,,,,
2018/DATA-20180705/p6440165.nc,644,6,165,990,330,250,300,1,0,310,0,2000,200,3,0,120,0,0.186873,0,0.00517223,0.0182548,0.0185277,0.0297676,0,2024.88,317.807,SciCon|PAM,5779,25.405,4998,55,magnetometer sbe41 contopt wlseaowl,66.12,13.47,49.131,13.3,0,1.53189e+09,11.5667,98.9333,0.72712,248.095,2279.33,4436.36,5682.68,5682.68,5682.68,940,569,568,569,1137,0,1.59633,30.03,147.959,488.875,8057.39,91.7407,141.674,244.786,,,,,,,,
2018/DATA-20180705/p6440166.nc,644,6,166,990,330,250,300,1,0,310,0,2000,200,3,0,120,0,0.216324,0,0.00496071,0.0195293,0.0188339,0.0304115,0,2058.35,344.757,SciCon|PAM,5906,25.484,5040,55,magnetometer sbe41 contopt wlseaowl,66.12,13.46,49.451,13.29,0,1.5319e+09,12.0333,100.683,0.931354,251.141,2225.33,4444.88,5808.55,5808.55,5808.55,953,582,582,582,1162,0,1.71985,30.065,150.344,487.403,8092.48,123.139,1939.94,247.694,,,,,,,,
2018/DATA-20180705/p6440167.nc,644,6,167,990,330,250,300,1,0,310,0,2000,200,3,0,120,0,0.194467,0,0.00457638,0.0190397,0.0190804,0.030354,0,2085.29,329.642,SciCon|PAM,5932,25.453,5148,55,magnetometer sbe41 contopt wlseaowl,66.12,13.47,49.734,13.35,0,1.5319e+09,12.2833,101.4,0.90818,247.349,2300.44,4559.4,5832.2,5832.2,5832.2,968,584,584,584,1167,0,1.65116,30.049,151.523,488.63,8033.1,132.46,210.066,244.154,,,,,,,,
2018/DATA-20180705/p6440168.nc,644,6,168,990,330,250,300,1,0,310,0,2000,200,3,0,120,0,0.191197,0,0.00603979,0.0204976,0.0192367,0.0306324,0,2102.37,353.495,SciCon|PAM,6032,25.383,5095,55,magnetometer sbe41 contopt wlseaowl,66.12,13.47,50.021,13.33,0,1.53191e+09,12.2667,103.133,0.871339,255.112,2273.87,4479.23,5930.3,5930.3,5930.3,972,593,593,593,1187,0,1.69659,30.049,151.475,487.648,8037.12,116.27,242.724,251.641,,,,,,,,
2018/DATA-20180705/p6440169.nc,644,6,169,990,330,250,300,1,0,310,0,2000,200,3,0,120,0,0.194821,0,0.00460418,0.0205563,0.0196364,0.0309197,0,2146.05,365.036,SciCon|PAM,6095,25.436,5154,55,magnetometer sbe41 contopt wlseaowl,66.12,13.46,50.308,13.3,0,1.53192e+09,12.7333,103.967,0.668487,256.088,2279.16,4523.52,5992.35,5992.35,5992.35,980,600,599,600,1199,0,1.69271,30.004,152.62,487.403,8028.06,134.668,224.506,252.856,,,,,,,,
2018/DATA-20180705/p6440170.nc,644,6,170,990,330,250,300,1,0,310,0,2000,200,3,0,120,0,0.202671,0,0.00673127,0.0190089,0.0188527,0.0304081,0,2060.4,330.761,SciCon|PAM,5953,25.402,4925,55,magnetometer sbe41 contopt wlseaowl,66.12,13.46,50.594,13.35,0,1.53192e+09,11.9167,101.583,0.5351,258.069,2203.82,4352.02,5849.4,5849.4,5849.4,947,586,586,586,1171,0,1.66401,30.029,150.568,486.667,8074.91,168.518,305.16,254.583,,,,,,,,
2018/DATA-20180705/p6440171.nc,644,6,171,990,330,250,300,1,0,310,0,2000,200,3,0,120,0,0.191024,0,0.00638977,0.0192352,0.0193539,0.0312088,0,2115.18,333.955,SciCon|PAM,6159,25.418,5121,55,magnetometer sbe41 contopt wlseaowl,66.12,13.46,50.88,13.29,0,1.53193e+09,11.9167,105.083,0.855646,256.576,2247.9,4524.33,6060.21,6060.21,6060.21,985,607,606,607,1213,0,1.71706,30.092,156.306,487.403,8050.62,115.534,183.368,253.444,,,,,,,,
2018/DATA-20180705/p6440172.nc,644,6,172,990,330,250,300,1,0,310,0,2000,200,3,0,120,0,0.191964,0,0.00477094,0.019589,0.0197957,0.0316215,0,2163.47,341.492,SciCon|PAM,6279,25.536,5227,55,magnetometer sbe41 contopt wlseaowl,66.12,13.45,51.169,13.26,0,1.53194e+09,12.0833,106.85,0.954842,259.074,2387.89,4642.72,6178.27,6178.27,6178.27,1005,618,616,618,1236,0,1.74428,30.08,157.857,487.403,8070.35,114.063,179.478,255.548,,,,,,,,
2018/DATA-20180705/p6440173.nc,644,6,173,990,330,250,300,1,0,310,0,2000,200,3,0,120,0,0.195561,0,0.00475768,0.0210285,0.0192036,0.0303554,0,2098.76,369.631,SciCon|PAM,6016,25.371,4935,55,magnetometer sbe41 contopt wlseaowl,66.12,13.44,51.458,13.31,0,1.53194e+09,12.8667,102.75,0.908282,261.373,2154.18,4302.46,5909.91,5909.91,5909.91,951,592,591,592,1183,0,1.69464,30.086,150.545,487.403,8120.92,111.61,280.116,258.49,,,,,,,,
2018/DATA-20180705/p6440174.nc,644,6,174,990,330,250,300,1,0,310,0,2000,200,3,0,120,0,0.189254,0,0.00429169,0.0191463,0.0195171,0.0314419,0,2133.01,330.798,SciCon|PAM,6315,25.473,5195,55,magnetometer sbe41 contopt wlseaowl,66.12,13.44,51.747,13.32,0,1.53195e+09,11.85,107.6,0.98765,262.468,2366.56,4603.44,6216.55,6216.55,6216.55,1012,622,622,622,1244,0,1.76265,33.37,155.191,487.403,8179.51,92.4766,142.947,259.189,,,,,,,,
2018/DATA-20180705/p6440175.nc,644,6,175,990,330,250,300,1,0,310,0,2000,200,3,0,120,0,0.2125,0,0.00498869,0.0255632,0.0204314,0.0310463,0,2232.94,472.414,SciCon|PAM,6092,25.328,5192,55,magnetometer sbe41 contopt wlseaowl,66.12,13.45,52.072,13.23,0,1.53196e+09,15.85,103.95,0.575555,262.777,2209.12,4370.17,5988.17,5988.17,5988.17,965,600,598,600,1198,0,1.72602,30.09,154.038,487.158,8205.08,117.497,1609.55,259.541,,,,,,,,
2018/DATA-20180705/p6440176.nc,644,6,176,990,330,250,300,1,0,310,0,2000,200,3,0,120,0,0.201158,0,0.00505926,0.0197481,0.0197255,0.0316238,0,2155.79,346.066,SciCon|PAM,6352,25.444,5160,55,magnetometer sbe41 contopt wlseaowl,66.12,13.45,52.383,13.25,0,1.53196e+09,12.2833,108.417,0.766057,263.553,2222.24,4550.5,6250.34,6250.34,6250.34,1006,626,623,626,1251,0,1.79388,33.382,157.185,486.913,8204.87,108.421,1110.4,260.08,,,,,,,,
2018/DATA-20180705/p6440177.nc,644,6,177,990,330,250,300,1,0,310,0,2000,200,3,0,120,0,0.194892,0,0.00709993,0.019858,0.0194878,0.0314451,0,2129.81,343.525,SciCon|PAM,6227,25.348,5106,55,magnetometer sbe41 contopt wlseaowl,66.12,13.44,52.674,13.32,0,1.53197e+09,12.2667,106.233,1.1161,263.891,2315.05,4503.1,6121.49,6121.49,6121.49,990,613,612,612,1225,0,1.73926,30.075,156.244,487.158,8212,111.855,184.489,260.792,,,,,,,,
2018/DATA-20180705/p6440178.nc,644,6,178,990,330,250,300,1,0,310,0,2000,200,3,0,120,0,0.218469,0,0.00531474,0.02181,0.0197461,0.031076,0,2158.04,408.591,SciCon|PAM,6152,25.425,5010,55,magnetometer sbe41 contopt wlseaowl,66.12,13.44,53.001,13.26,0,1.53198e+09,14.4167,104.983,1.30409,268.977,2061.92,4279.89,6048.49,6048.49,6048.49,960,606,603,606,1210,0,1.77844,30.051,154.58,487.158,8225.98,119.95,1878.89,265.241,,,,,,,,
2018/DATA-20180705/p6440179.nc,644,6,179,990,330,250,300,1,0,310,0,2000,200,3,0,120,0,0.212628,0,0.00492339,0.0214253,0.0195367,0.0311752,0,2135.16,377.72,SciCon|PAM,6122,25.407,5068,55,magnetometer sbe41 contopt wlseaowl,66.12,13.45,53.322,13.24,0,1.53199e+09,12.9,104.55,1.34707,261.195,2249.13,4431.28,6019.45,6019.45,6019.45,971,603,603,603,1204,0,1.74275,30.071,155.951,486.913,8139.46,108.666,1667.61,257.243,,,,,,,,
2018/DATA-20180705/p6440180.nc,644,6,180,990,330,250,300,1,0,310,0,2000,200,3,0,120,0,0.203236,0,0.00533026,0.0201185,0.0199094,0.0325388,0,2175.89,349.021,SciCon|PAM,6473,25.348,5227,55,magnetometer sbe41 contopt wlseaowl,66.12,13.43,53.618,13.27,0,1.53199e+09,12.2667,110.383,1.41557,268.191,2327.6,4619.52,6363.18,6363.18,6363.18,1019,638,637,638,1275,0,1.82163,33.376,162.772,487.894,8193.72,152.819,261.744,265.24,,,,,,,,
2018/DATA-20180705/p6440181.nc,644,6,181,990,330,250,300,1,0,310,0,2000,200,3,0,120,0,0.204265,0,0.00513217,0.0202255,0.019744,0.0315704,0,2157.82,350.319,SciCon|PAM,6249,25.405,5047,55,magnetometer sbe41 contopt wlseaowl,66.12,13.45,53.911,13.28,0,1.532e+09,12.4333,106.567,1.15116,268.122,2244.49,4436.99,6143.41,6143.41,6143.41,984,615,615,615,1229,0,1.75656,30.038,155.803,486.913,8184.57,163.122,279.009,264.092,,,,,,,,
2018/DATA-20180705/p6440182.nc,644,6,182,990,330,250,300,1,0,310,0,2000,200,3,0,120,0,0.202289,0,0.00692105,0.0195891,0.0205969,0.0333971,0,2251.03,337.435,SciCon|PAM,6931,25.47,5096,55,magnetometer sbe41 contopt wlseaowl,66.12,13.42,54.214,13.33,0,1.53201e+09,12.05,117.95,1.14988,293.578,2168.12,4504.57,6825.36,6825.36,6825.36,1058,684,672,684,1366,0,1.97034,33.392,165.897,486.913,8337.59,130.252,234.858,290.702,,,,,,,,
2018/DATA-20180705/p6440183.nc,644,6,183,990,330,250,300,1,0,310,0,2000,200,3,0,120,0,0.201881,0,0.00561038,0.0274339,0.0215246,0.0331785,0,2352.42,491.891,SciCon|PAM,6784,25.311,5189,55,magnetometer sbe41 contopt wlseaowl,66.12,13.4,54.525,13.26,0,1.53202e+09,16.3667,115.133,1.27792,294.802,2182.7,4349.86,6672.48,6672.48,6672.48,1027,668,667,668,1335,0,1.9074,33.325,168.324,487.158,8410.55,126.818,197.192,291.55,,,,,,,,
2018/DATA-20180705/p6440184.nc,644,6,184,990,330,250,300,1,0,310,0,2000,200,3,0,120,0,0.179746,0.00153622,0.00479418,0.0214518,0.021275,0.0343086,0,2325.14,373.937,SciCon|PAM,7311,24.669,5129,55,magnetometer sbe41 contopt wlseaowl,66.12,13.38,54.835,13.28,0,1.53202e+09,12.8667,123.65,1.5176,308.445,2284.74,4499.29,6811.19,7205.39,7205.39,1098,694,693,694,1441,0,2.0689,33.353,170.821,486.667,8623.28,0,0,305.792,,,,,,,,
2018/DATA-20180705/p6440185.nc,644,6,185,990,330,250,300,1,0,310,0,2000,200,3,0,120,0,0.217219,0,0.00662198,0.0234863,0.0223264,0.0356944,0,2440.04,405.375,SciCon|PAM,7815,23.566,5144,55,magnetometer sbe41 contopt wlseaowl,66.12,13.33,55.163,13.23,0,1.53203e+09,13.6833,132.6,1.60668,333.847,2236.11,4476.56,6715.93,7702.61,7702.61,1145,702,698,702,1541,0,2.2412,36.683,175.801,486.913,9019.82,117.987,222.986,331.402,,,,,,,,
2018/DATA-20180705/p6440186.nc,644,6,186,990,330,250,300,1,0,310,0,2000,200,3,0,120,0,0.222747,0,0.00494352,0.0224902,0.02217,0.035569,0,2422.95,389.908,SciCon|PAM,7771,23.496,5006,55,magnetometer sbe41 contopt wlseaowl,66.12,13.33,55.49,13.25,0,1.53204e+09,13.3667,131.867,1.53431,337.519,2127.74,4358.33,6596.65,7656.22,7656.22,1129,693,692,693,1532,0,2.22348,36.662,174.149,487.158,9084.47,129.026,224.535,334.496,,,,,,,,
2018/DATA-20180705/p6440187.nc,644,6,187,990,330,250,300,1,0,310,0,2000,200,3,0,120,0,0.209224,0,0.00633029,0.022131,0.022207,0.0360049,0,2427,380.364,SciCon|PAM,7794,23.425,5083,55,magnetometer sbe41 contopt wlseaowl,66.12,13.35,55.813,13.3,0,1.53205e+09,13.15,132.217,1.15651,338.195,2247.82,4439.64,6604.94,7678.53,7678.53,1136,695,694,695,1536,0,2.21714,36.686,178.962,487.403,8934.08,91.7407,142.279,335.089,,,,,,,,
2018/DATA-20180705/p6440188.nc,644,6,188,990,330,250,300,1,0,310,0,2000,200,3,0,120,0,0.214341,0,0.00598151,0.0227839,0.0223694,0.0357726,0,2444.74,395.913,SciCon|PAM,7853,23.477,5102,55,magnetometer sbe41 contopt wlseaowl,66.12,13.35,56.136,13.29,0,1.53206e+09,13.5667,133.083,1.4322,337.4,2230.38,4437.2,6664.14,7739.08,7739.08,1146,703,700,703,1548,0,2.24826,36.721,176.351,487.158,8857.8,120.195,220.25,334.742,,,,,,,,
2018/DATA-20180705/p6440189.nc,644,6,189,990,330,250,300,1,0,310,0,2000,200,3,0,120,0,0.215486,0,0.00571284,0.022643,0.0228072,0.0366116,0,2492.59,394.57,SciCon|PAM,7946,23.338,5150,55,magnetometer sbe41 contopt wlseaowl,66.12,13.33,56.462,13.28,0,1.53207e+09,13.6,134.75,1.64897,341.27,2221.17,4480.53,6691.42,7827.26,7827.26,1151,706,705,706,1567,0,2.28377,36.704,181.666,487.648,8848.16,132.95,231.725,338.045,,,,,,,,
2018/DATA-20180705/p6440190.nc,644,6,190,990,330,250,300,1,0,310,0,2000,200,3,0,120,0,0.204721,0,0.00540953,0.0236425,0.023738,0.0378239,0,2594.32,409.679,SciCon|PAM,8264,23.53,5413,55,magnetometer sbe41 contopt wlseaowl,66.12,13.35,56.788,13.23,0,1.53208e+09,13.85,139.833,1.56169,336.942,2420.62,4738.77,7042.6,8146.56,8146.56,1209,741,740,741,1630,0,2.35117,40.05,188.367,486.422,8749.34,91.0048,140.314,334.302,,,,,,,,
2018/DATA-20180705/p6440191.nc,644,6,191,990,330,250,300,1,0,310,0,2000,200,3,0,120,0,0.209211,0,0.00534681,0.0290211,0.022484,0.0357869,0,2457.27,496.171,SciCon|PAM,7655,23.767,5188,55,magnetometer sbe41 contopt wlseaowl,66.12,13.37,57.112,13.32,0,1.53209e+09,15.35,129.567,1.65949,328.516,2211.01,4428.55,6661.21,7534.94,7534.94,1121,694,694,694,1507,0,2.17779,36.699,175.01,486.913,8619.34,129.271,204.869,325.736,,,,,,,,
2018/DATA-20180705/p6440192.nc,644,6,192,990,330,250,300,1,0,310,0,2000,200,3,0,120,0,0.191671,0.000283634,0.00546455,0.0222736,0.022262,0.0360234,0,2433,382.313,SciCon|PAM,7670,23.997,5273,55,magnetometer sbe41 contopt wlseaowl,66.12,13.38,57.428,13.23,0,1.53209e+09,13.2667,129.267,1.42828,321.591,2375.03,4623.38,6848.08,7556.11,7556.11,1140,708,708,708,1511,0,2.16,36.715,181.397,486.913,8658.13,45.3798,69.5674,318.389,,,,,,,,
2018/DATA-20180705/p6440193.nc,644,6,193,990,330,250,300,1,0,310,0,2000,200,3,0,120,0,0.206409,0,0.0067783,0.0225879,0.0223076,0.0358662,0,2437.99,387.712,SciCon|PAM,7766,23.779,5220,55,magnetometer sbe41 contopt wlseaowl,66.12,13.38,57.745,13.26,0,1.5321e+09,13.4333,131.533,1.3217,326.855,2320.2,4551.5,6815.61,7651.42,7651.42,1145,708,708,708,1531,0,2.21544,36.656,180.115,486.913,8608.67,118.478,181.925,324.156,,,,,,,,
2018/DATA-20180705/p6440194.nc,644,6,194,990,330,250,300,1,0,310,0,2000,200,3,0,120,0,0.231178,0,0.00543588,0.023289,0.0216967,0.0347547,0,2371.23,404.782,SciCon|PAM,7356,24.222,5131,55,magnetometer sbe41 contopt wlseaowl,66.12,13.38,58.095,13.2,0,1.53211e+09,13.7333,124.867,1.42676,315.054,2235.89,4458.01,6671.76,7240.08,7240.08,1096,686,686,686,1449,0,2.12668,33.351,171.832,486.667,8545.93,127.799,1985.08,312.65,,,,,,,,
2018/DATA-20180705/p6440195.nc,644,6,195,990,330,250,300,1,0,310,0,2000,200,3,0,120,0,0.208614,0,0.00709674,0.0221629,0.0226456,0.0366523,0,2474.93,377.538,SciCon|PAM,7910,23.508,5180,55,magnetometer sbe41 contopt wlseaowl,66.12,13.37,58.417,13.23,0,1.53212e+09,13.2,134.2,1.60542,335.252,2188.45,4534.85,6764.09,7794.31,7794.31,1155,710,709,710,1559,0,2.26974,36.636,183.101,486.422,8725.13,108.666,232.827,332.398,,,,,,,,
2018/DATA-20180705/p6440196.nc,644,6,196,990,330,250,300,1,0,310,0,2000,200,3,0,120,0,0.236744,0,0.00567788,0.0224512,0.0229066,0.0373803,0,2503.46,385.205,SciCon|PAM,8158,22.858,5047,55,magnetometer sbe41 contopt wlseaowl,66.12,13.34,58.776,13.19,0,1.53213e+09,13.3667,138.133,1.61645,355.757,2204.36,4395.44,6556.59,8041.3,8041.3,1166,704,702,704,1609,0,2.35603,36.681,183.131,486.177,8871.99,121.176,1824.47,353.05,,,,,,,,
2018/DATA-20180705/p6440197.nc,644,6,197,990,330,250,300,1,0,310,0,2000,200,3,0,120,0,0.223049,0,0.00595843,0.0237054,0.0235143,0.0379843,0,2569.86,411.645,SciCon|PAM,8469,22.574,5105,55,magnetometer sbe41 contopt wlseaowl,66.12,13.33,59.109,13.23,0,1.53214e+09,14,143.35,1.8307,363.885,2296.47,4422.2,6674.76,8350.6,8350.6,1194,722,720,722,1671,0,2.44075,36.649,189.094,486.422,8954.97,148.895,268.834,361.502,,,,,,,,
2018/DATA-20180705/p6440198.nc,644,6,198,990,330,250,300,1,0,310,0,2000,200,3,0,120,0,0.20448,0,0.00621956,0.0238746,0.0247447,0.0395324,0,2704.33,412.364,SciCon|PAM,9080,22.017,5218,55,magnetometer sbe41 contopt wlseaowl,66.12,13.28,59.447,13.19,0,1.53215e+09,14.05,153.533,2.12472,384.436,2301.98,4532.29,6823.49,8959.6,8959.6,1271,752,751,752,1793,0,2.59454,40.006,196.458,485.931,9088.22,57.6446,90.6396,381.756,,,,,,,,
2018/DATA-20180705/p6440199.nc,644,6,199,990,330,250,300,1,0,310,0,2000,200,3,0,120,0,0.233441,0,0.00700872,0.0253129,0.0252103,0.0407013,0,2755.22,438.331,SciCon|PAM,9272,21.954,5344,55,magnetometer sbe41 contopt wlseaowl,66.12,13.28,59.795,13.23,0,1.53216e+09,14.4833,156.617,2.48647,393.508,2326.71,4636.69,6883.27,9148.56,9148.56,1296,764,763,764,1830,0,2.67536,39.981,203.404,486.667,9170.72,170.481,274.181,390.8,,,,,,,,
2018/DATA-20180705/p6440200.nc,644,6,200,990,330,250,300,1,0,310,0,2000,200,3,0,120,0,0.223634,0,0.00796344,0.0268745,0.025275,0.0405592,0,2762.29,465.196,SciCon|PAM,9315,21.829,5261,55,magnetometer sbe41 contopt wlseaowl,66.12,13.28,60.142,13.17,0,1.53217e+09,15,157.3,2.4824,393.608,2249.21,4528.54,6837.27,9186.48,9186.48,1286,761,759,761,1838,0,2.68465,40.005,203.54,485.931,9092.26,134.668,245.927,391.356,,,,,,,,
2018/DATA-20180705/p6440201.nc,644,6,201,990,330,250,300,1,0,310,0,2000,200,3,0,120,0,0.226311,0,0.00640511,0.0370785,0.0278016,0.0420208,0,3038.42,682.878,SciCon|PAM,9707,21.391,5575,55,magnetometer sbe41 contopt wlseaowl,66.12,13.27,60.508,13.23,0,1.53218e+09,20.9667,163.767,2.37017,412.486,2262.09,4472.12,6793.11,9578.4,9578.4,1326,771,771,771,1917,0,2.81499,43.307,209.309,486.422,9239.36,128.045,232.792,409.852,,,,,,,,
2018/DATA-20180705/p6440202.nc,644,6,202,990,330,200,300,1,0,310,0,2000,200,3,0,120,0,0.181515,8.01975e-05,0.00649611,0.0262565,0.0267074,0.0430593,0,2918.84,443.954,SciCon|PAM,10295,21.322,5481,55,magnetometer sbe41 contopt wlseaowl,66.12,13.37,60.828,13.31,0,1.53219e+09,14.6667,172.817,1.87503,414.396,2426.31,4768.37,7183.89,10167.3,10167.3,1410,817,816,816,2035,0,2.72942,43.271,218.161,389.53,7492.96,98.8543,202.302,413.6,,,,,,,,
2018/DATA-20180705/p6440203.nc,644,6,203,990,330,200,300,1,0,310,0,2000,200,3,0,120,0,0.187735,0,0.00633027,0.027361,0.0276428,0.0445055,0,3021.07,465.539,SciCon|PAM,10674,20.963,5505,55,magnetometer sbe41 contopt wlseaowl,66.12,13.35,61.156,13.21,0,1.5322e+09,15.1667,179.817,2.2004,432.834,2363.92,4754.48,7153.34,10540.1,10540.1,1445,827,822,827,2109,0,2.83988,46.604,226.097,389.775,7583.14,113.327,236.296,432.504,,,,,,,,
2018/DATA-20180705/p6440204.nc,644,6,204,990,330,200,300,1,0,310,0,2000,200,3,0,120,0,0.182425,0.000238213,0.00648693,0.0272148,0.0282772,0.045228,0,3090.4,460.614,SciCon|PAM,11019,20.898,5705,55,magnetometer sbe41 contopt wlseaowl,66.12,13.35,61.486,13.29,0,1.53221e+09,15.1333,184.767,2.46266,433.541,2460.75,4968.92,7339.4,10878,10878,1503,852,850,850,2177,0,2.91798,46.616,226.892,389.53,7559.03,93.9484,213.38,432.95,,,,,,,,
2018/DATA-20180705/p6440205.nc,644,6,205,990,330,200,300,1,0,310,0,2000,200,3,0,120,0,0.182318,0,0.00772167,0.027199,0.025824,0.0410675,0,2822.3,460.606,SciCon|PAM,9643,21.896,5493,55,magnetometer sbe41 contopt wlseaowl,66.12,13.39,61.798,13.36,0,1.53222e+09,15.1667,162.45,2.16347,391.402,2371.59,4756.01,7112.14,9500.7,9500.7,1348,792,790,791,1902,0,2.53889,43.266,206.7,390.021,7279.65,125.837,253.289,390.154,,,,,,,,
2018/DATA-20180705/p6440206.nc,644,6,206,990,330,200,300,1,0,310,0,2000,200,3,0,120,0,0.162372,0.00048909,0.0072872,0.0271035,0.0234238,0.0366143,0,2559.98,468.252,SciCon|PAM,8051,24,5443,55,magnetometer sbe41 contopt wlseaowl,66.12,13.45,62.087,13.41,0,1.53223e+09,15.1,135.383,1.52607,323.416,2296.32,4699.53,7143.12,7919.98,7919.98,1187,741,740,741,1586,0,2.09346,36.682,185.016,390.021,6839.92,85.1177,196,321.947,,,,,,,,
2018/DATA-20180705/p6440207.nc,644,6,207,990,330,200,300,1,0,310,0,2000,200,3,0,120,0,0.160321,0.000433643,0.00592676,0.0241372,0.0229389,0.036528,0,2506.99,419.121,SciCon|PAM,7915,24.432,5523,55,magnetometer sbe41 contopt wlseaowl,66.12,13.47,62.372,13.4,0,1.53224e+09,13.9167,133.35,1.61215,314.342,2445.44,4835.29,7250.56,7794.59,7794.59,1183,743,742,743,1561,0,2.05489,36.656,186.17,389.039,6772.06,87.3254,187.711,312.997,,,,,,,,
2018/DATA-20180705/p6440208.nc,644,6,208,990,330,200,300,1,0,310,0,2000,200,3,0,120,0,0.164323,0.000366563,0.0074705,0.0248952,0.0226615,0.035943,0,2476.67,430.283,SciCon|PAM,7676,24.924,5522,55,magnetometer sbe41 contopt wlseaowl,66.12,13.47,62.656,13.44,0,1.53225e+09,14.2333,129.267,1.75875,301.974,2348.81,4809.2,7384.32,7554.32,7554.32,1158,740,735,740,1512,0,1.99496,36.677,183.479,390.511,6711.08,88.5519,248.739,300.296,,,,,,,,
2018/DATA-20180705/p6440209.nc,644,6,209,990,330,200,300,1,0,310,0,2000,200,3,0,120,0,0.162943,0,0.00700692,0.0243279,0.0218339,0.0343095,0,2386.22,422.861,SciCon|PAM,7217,25.368,5383,55,magnetometer sbe41 contopt wlseaowl,66.12,13.48,62.932,13.36,0,1.53226e+09,14.0333,122.567,1.85227,291.197,2247.89,4694.09,7101.28,7101.28,7101.28,1107,711,333,333,750,0,1.86834,33.335,172.239,390.266,6641.11,114.063,230.597,289.598,,,,,,,,
2018/DATA-20180705/p6440210.nc,644,6,210,990,330,200,300,1,0,310,0,2000,200,3,0,120,0,0.157909,0.000127925,0.00534038,0.0240002,0.0215578,0.0337958,0,2356.05,418.272,SciCon|PAM,7061,25.374,5461,55,magnetometer sbe41 contopt wlseaowl,66.12,13.5,63.204,13.45,0,1.53227e+09,13.8,118.8,1.66269,282.768,2403.05,4778.74,6945.36,6945.36,6945.36,1096,696,694,696,1391,0,1.82635,33.322,172.224,390.511,6596.81,97.3825,195.658,281.06,,,,,,,,
2018/DATA-20180705/p6440211.nc,644,6,211,990,330,200,300,1,0,310,0,2000,200,3,0,120,0,0.159761,0,0.0081456,0.0306875,0.0231984,0.0349397,0,2535.34,579.992,SciCon|PAM,7150,25.452,5901,55,magnetometer sbe41 contopt wlseaowl,66.12,13.51,63.486,13.46,0,1.53228e+09,18.75,121.25,1.30771,278.599,2453.08,4910.13,7036.39,7036.39,7036.39,1108,704,702,704,1409,0,1.84126,36.723,184.928,390.021,6551.15,109.893,203.402,276.796,,,,,,,,
2018/DATA-20180705/p6440212.nc,644,6,212,990,330,200,300,1,0,310,0,2000,200,3,0,120,0,0.162733,0,0.00634599,0.0235827,0.0213517,0.0340052,0,2333.52,410.387,SciCon|PAM,6981,25.44,5474,55,magnetometer sbe41 contopt wlseaowl,66.12,13.51,63.758,13.36,0,1.53229e+09,13.7833,118.617,1.4053,275.474,2393.35,4794.46,6864.6,6864.6,6864.6,1080,688,687,688,1374,0,1.80734,33.358,176.545,389.775,6530.61,121.422,275.198,273.892,,,,,,,,
2018/DATA-20180705/p6440213.nc,644,6,213,990,330,200,300,1,0,310,0,2000,200,3,0,120,0,0.151527,0.00066087,0.005172,0.0231556,0.0209858,0.0334703,0,2293.53,395.353,SciCon|PAM,6816,25.413,5497,55,magnetometer sbe41 contopt wlseaowl,66.12,13.51,64.023,13.4,0,1.53229e+09,13.45,115.15,1.42246,269.542,2407.82,4825.01,6701.95,6701.95,6701.95,1076,672,668,672,1342,0,1.73023,33.319,170.144,390.511,6508.25,78.74,121.111,267.993,,,,,,,,
2018/DATA-20180705/p6440214.nc,644,6,214,990,330,200,300,1,0,310,0,2000,200,3,0,120,0,0.169102,0.0002448,0.00479455,0.0219761,0.0203487,0.0327682,0,2223.9,378.51,SciCon|PAM,6646,25.271,5419,55,magnetometer sbe41 contopt wlseaowl,66.12,13.5,64.308,13.19,0,1.5323e+09,13.05,112.35,1.2764,264.834,2355.91,4779.82,6534.33,6534.33,6534.33,1053,655,652,654,1309,0,1.71438,33.36,164.21,390.757,6490.85,93.4578,1305.26,263.102,,,,,,,,
2018/DATA-20180705/p6440215.nc,644,6,215,990,330,200,300,1,0,310,0,2000,200,3,0,120,0,0.170626,0.000434945,0.00685393,0.0224298,0.0204126,0.0327855,0,2230.88,391.1,SciCon|PAM,6630,25.42,5444,55,magnetometer sbe41 contopt wlseaowl,66.12,13.52,64.596,13.23,0,1.53231e+09,13.1333,111.967,1.01481,262.326,2357.64,4797.63,6525.57,6525.57,6525.57,1052,654,652,653,1306,0,1.71264,33.356,167.322,390.021,6510.81,86.5895,1372.14,260.747,,,,,,,,
2018/DATA-20180705/p6440216.nc,644,6,216,990,330,200,300,1,0,310,0,2000,200,3,0,120,0,0.167544,0.000236438,0.00635762,0.0227757,0.0209244,0.033457,0,2286.82,391.472,SciCon|PAM,6836,25.472,5492,55,magnetometer sbe41 contopt wlseaowl,66.12,13.5,64.883,13.2,0,1.53232e+09,13.25,115.65,0.868602,269.024,2368.22,4833.93,6723.27,6723.27,6723.27,1079,673,671,673,1347,0,1.75766,33.37,168.083,390.511,6561.98,93.7031,1169.95,267.243,,,,,,,,
2018/DATA-20180705/p6440217.nc,644,6,217,990,330,200,300,1,0,310,0,2000,200,3,0,120,0,0.167634,0.000196382,0.00713828,0.0230267,0.0213343,0.034298,0,2331.62,401.741,SciCon|PAM,7031,25.428,5554,55,magnetometer sbe41 contopt wlseaowl,66.12,13.5,65.174,13.19,0,1.53232e+09,13.4667,118.633,0.999039,277.026,2428.84,4895.63,6922.36,6922.36,6922.36,1095,693,692,693,1385,0,1.81018,33.362,176.92,389.775,6588.79,95.6654,1135.99,275.248,,,,,,,,
2018/DATA-20180705/p6440218.nc,644,6,218,990,330,200,300,1,0,310,0,2000,200,3,0,120,0,0.164488,0.000331373,0.00696955,0.0235129,0.0208469,0.03325,0,2278.35,405.14,SciCon|PAM,6797,25.391,5468,55,magnetometer sbe41 contopt wlseaowl,66.12,13.5,65.459,13.17,0,1.53233e+09,13.5833,114.883,1.22606,269.412,2389.78,4793.98,6679.84,6679.84,6679.84,1067,670,668,669,1339,0,1.74738,33.352,169.716,390.266,6581.1,90.2689,1006.22,267.895,,,,,,,,
2018/DATA-20180705/p6440219.nc,644,6,219,990,330,200,300,1,0,310,0,2000,200,3,0,120,0,0.169855,0.000381432,0.00632245,0.0241994,0.0211838,0.0327516,0,2315.16,423.944,SciCon|PAM,6633,25.411,5496,55,magnetometer sbe41 contopt wlseaowl,66.12,13.52,65.747,13.19,0,1.53234e+09,14.3333,112.383,1.28202,264.296,2381.19,4802.22,6524.7,6524.7,6524.7,1057,654,651,653,1305,0,1.70413,33.325,165.11,389.53,6491.1,89.2877,1326.82,262.396,,,,,,,,
2018/DATA-20180705/p6440220.nc,644,6,220,990,410,200,300,1,0,310,0,2000,200,3,0,120,0,0.166364,0,0.00691738,0.0210832,0.0224887,0.0357739,0,2457.78,366.893,SciCon|PAM,7363,25.418,6014,55,magnetometer sbe41 contopt wlseaowl,66.12,13.52,66.021,13.38,0,1.53235e+09,13.2167,125.1,1.06061,262.415,2712.63,5383.63,7253.31,7253.31,7253.31,1176,727,726,726,1452,0,1.78951,36.708,184.933,388.058,6468.91,150.857,258.62,260.737,,,,,,,,
2018/DATA-20180705/p6440221.nc,644,6,221,990,410,200,300,1,0,310,0,2000,200,3,0,120,0,0.159365,0,0.00611972,0.0219809,0.0226807,0.0361972,0,2478.76,381.184,SciCon|PAM,7454,25.499,6058,55,magnetometer sbe41 contopt wlseaowl,66.12,13.52,66.295,13.39,0,1.53236e+09,13.3,126.6,0.77908,262.823,2673.26,5403.8,7335.84,7335.84,7335.84,1185,735,733,735,1468,0,1.81724,36.65,187.303,390.266,6468.74,117.251,199.093,261.195,,,,,,,,
2018/DATA-20180705/p6440222.nc,644,6,222,990,410,200,300,1,0,310,0,2000,200,3,0,120,0,0.134887,0.00277729,0.00792359,0.0228948,0.0230359,0.036927,0,2517.59,403.52,SciCon|PAM,7623,25.432,6167,55,magnetometer sbe41 contopt wlseaowl,66.12,13.51,66.572,13.35,0,1.53236e+09,13.6833,129.317,0.762475,265.281,2758.88,5493.19,7503.77,7503.77,7503.77,1210,752,751,752,1502,0,1.83756,39.969,193.09,390.021,6503.8,0,0,263.389,,,,,,,,
2018/DATA-20180705/p6440223.nc,644,6,223,990,410,200,300,1,0,310,0,2000,200,3,0,120,0,0.161741,0,0.00893763,0.0222265,0.023139,0.0374912,0,2528.85,381.363,SciCon|PAM,7717,25.379,6240,55,magnetometer sbe41 contopt wlseaowl,66.12,13.51,66.853,13.4,0,1.53237e+09,13.3833,130.717,1.01647,265.172,2724.27,5583.92,7595.67,7595.67,7595.67,1224,760,760,760,1520,0,1.90614,39.966,195.005,390.266,6505.15,117.987,268.808,263.352,,,,,,,,
2018/DATA-20180705/p6440224.nc,644,6,224,990,410,200,300,1,0,310,0,2000,200,3,0,120,0,0.160321,0,0.00574798,0.0232907,0.0233824,0.0373028,0,2555.45,405.113,SciCon|PAM,7679,25.385,6193,55,magnetometer sbe41 contopt wlseaowl,66.12,13.5,67.132,13.34,0,1.53238e+09,13.7167,130.283,1.1763,268.735,2694.19,5517.66,7561.73,7561.73,7561.73,1217,757,757,757,1513,0,1.86161,39.96,190.064,389.775,6484.12,118.723,231.574,266.285,,,,,,,,
2018/DATA-20180705/p6440225.nc,644,6,225,990,410,200,300,1,0,310,0,2000,200,3,0,120,0,0.161418,0,0.00720983,0.0240596,0.0237299,0.0375171,0,2593.43,418.282,SciCon|PAM,7885,25.364,6077,55,magnetometer sbe41 contopt wlseaowl,66.12,13.5,67.416,13.35,0,1.53239e+09,14.0667,133.733,1.10397,280.498,2685.04,5385.31,7767.34,7767.34,7767.34,1227,777,777,777,1554,0,1.91708,39.986,193.192,389.53,6565.42,116.27,197.103,279.05,,,,,,,,
2018/DATA-20180705/p6440226.nc,644,6,226,990,410,200,300,1,0,310,0,2000,200,3,0,120,0,0.161678,0,0.00671,0.0221118,0.0242714,0.0391584,0,2652.61,377.542,SciCon|PAM,8345,25.404,6277,55,magnetometer sbe41 contopt wlseaowl,66.12,13.48,67.703,13.33,0,1.5324e+09,13.4,141.3,0.848788,286.947,2852.19,5624.21,8226.46,8226.46,8226.46,1294,824,822,824,1646,0,2.02669,39.977,198.882,389.775,6588.04,113.081,191.104,285.438,,,,,,,,
2018/DATA-20180705/p6440227.nc,644,6,227,990,410,200,300,1,0,310,0,2000,200,3,0,120,0,0.164413,0,0.00723024,0.0242288,0.0247633,0.0397643,0,2706.37,420.803,SciCon|PAM,8615,25.26,6190,55,magnetometer sbe41 contopt wlseaowl,66.12,13.48,67.998,13.33,0,1.53241e+09,14.25,145.75,0.744414,300.262,2727.09,5504.65,8444.12,8486.38,8486.38,1309,843,841,842,1699,0,2.11674,40.006,203.398,389.53,6690.93,112.836,191.945,298.743,,,,,,,,
2018/DATA-20180705/p6440228.nc,644,6,228,990,410,200,300,1,0,310,0,2000,200,3,0,120,0,0.167851,0,0.00604187,0.0243327,0.0247284,0.0395545,0,2702.56,417.386,SciCon|PAM,8561,25.105,6154,55,magnetometer sbe41 contopt wlseaowl,66.12,13.48,68.292,13.32,0,1.53242e+09,14.2333,144.767,1.10463,300.381,2703.42,5457.26,8379.78,8429.77,8429.77,1299,833,833,833,1688,0,2.09933,40.02,201.73,389.775,6684.29,130.007,220.354,298.948,,,,,,,,
2018/DATA-20180705/p6440229.nc,644,6,229,990,410,200,300,1,0,310,0,2000,200,3,0,120,0,0.164606,0,0.0080253,0.0234891,0.0257388,0.0416766,0,2812.98,402.537,SciCon|PAM,9126,24.574,6365,55,magnetometer sbe41 contopt wlseaowl,66.12,13.47,68.592,13.4,0,1.53243e+09,13.9,154.15,1.58746,310.461,2845.63,5698.9,8523.48,9002.44,9002.44,1375,867,865,867,1801,0,2.24482,43.316,215.514,389.53,6725.87,109.647,191.957,309.45,,,,,,,,
2018/DATA-20180705/p6440230.nc,644,6,230,990,410,200,300,1,0,310,0,2000,200,3,0,120,0,0.165315,0,0.0067015,0.0241655,0.0258058,0.0408193,0,2820.31,410.026,SciCon|PAM,9064,24.485,6281,55,magnetometer sbe41 contopt wlseaowl,66.12,13.47,68.891,13.32,0,1.53244e+09,14.2167,153.2,1.19239,314.093,2718.1,5592.1,8350.88,8932.77,8932.77,1365,854,853,854,1788,0,2.2224,43.331,204.84,390.511,6767.34,111.364,178.773,312.75,,,,,,,,
2018/DATA-20180705/p6440231.nc,644,6,231,990,410,200,300,1,0,310,0,2000,200,3,0,120,0,0.141251,0.00278187,0.00704982,0.0243183,0.0252811,0.0406203,0,2762.96,418.281,SciCon|PAM,8913,24.557,6167,55,magnetometer sbe41 contopt wlseaowl,66.12,13.46,69.189,13.31,0,1.53245e+09,14.25,150.3,0.872963,312.66,2758.7,5476.26,8251.16,8780.22,8780.22,1341,841,840,841,1758,0,2.16318,43.281,204.62,390.511,6807.92,0,0,311.1,,,,,,,,
2018/DATA-20180705/p6440232.nc,644,6,232,990,410,200,300,1,0,310,0,2000,200,3,0,120,0,0.168144,0,0.00855632,0.0249734,0.0260524,0.0416057,0,2847.26,432.035,SciCon|PAM,9262,24.333,6274,55,magnetometer sbe41 contopt wlseaowl,66.12,13.45,69.493,13.4,0,1.53246e+09,14.4667,156.55,1.0231,319.983,2710.19,5567.92,8398.93,9136.19,9136.19,1376,864,860,863,1828,0,2.2651,43.258,213.995,390.266,6844.51,114.063,177.772,318.248,,,,,,,,
2018/DATA-20180705/p6440233.nc,644,6,233,990,410,200,300,1,0,310,0,2000,200,3,0,120,0,0.170262,0,0.00860647,0.0248699,0.0263982,0.0425001,0,2885.05,435.927,SciCon|PAM,9462,24.018,6283,55,magnetometer sbe41 contopt wlseaowl,66.12,13.44,69.801,13.4,0,1.53247e+09,14.6667,159.7,1.68713,327.694,2740.85,5577.12,8395.85,9329.27,9329.27,1393,870,868,870,1866,0,2.33487,43.314,219.49,390.266,6903.8,115.78,222.912,326.145,,,,,,,,
2018/DATA-20180705/p6440234.nc,644,6,234,990,410,200,300,1,0,310,0,2000,200,3,0,120,0,0.168509,0,0.00687754,0.0239499,0.0257515,0.0415129,0,2814.38,408.596,SciCon|PAM,9190,24.08,6131,55,magnetometer sbe41 contopt wlseaowl,66.12,13.43,70.104,13.35,0,1.53248e+09,14.35,155.25,1.54306,327.773,2716.34,5436.84,8120.92,9054.73,9054.73,1355,843,843,843,1812,0,2.25844,43.286,214.714,390.021,6916.95,107.685,173.031,325.95,,,,,,,,
2018/DATA-20180705/p6440235.nc,644,6,235,990,410,200,300,1,0,310,0,2000,200,3,0,120,0,0.171152,0,0.00711852,0.0248376,0.0260573,0.041647,0,2847.79,428.339,SciCon|PAM,9366,24.072,6224,55,magnetometer sbe41 contopt wlseaowl,66.12,13.43,70.41,13.35,0,1.53249e+09,14.4667,158.383,1.06989,325.007,2775.3,5516.56,8342.17,9240.68,9240.68,1383,862,861,862,1849,0,2.296,43.329,213.948,390.021,6904.8,118.233,200.665,323.296,,,,,,,,
2018/DATA-20180705/p6440236.nc,644,6,236,990,410,200,300,1,0,310,0,2000,200,3,0,120,0,0.14256,0.00280234,0.00586704,0.0252161,0.0255246,0.0395297,0,2789.57,435.214,SciCon|PAM,4313,24.267,6166,55,magnetometer sbe41 contopt wlseaowl,66.12,13.43,70.677,13.34,0,1.5325e+09,14.6167,149.333,0.82782,313.803,2758.37,5451.41,8153.47,8704.93,8704.93,1332,401,401,401,837,0,1.19458,43.268,174.085,390.021,6842.57,0,0,312.036,,,,,,,,
2018/DATA-20180705/p6440237.nc,644,6,237,990,410,200,300,1,0,310,0,2000,200,3,0,120,0,0.171175,0,0.00567766,0.0177706,0.0247705,0.0409936,0,2707.16,316.398,SciCon|PAM,9178,24.223,6055,55,magnetometer sbe41 contopt wlseaowl,66.12,13.42,70.973,13.33,0,1.53251e+09,11.6833,155.817,1.3067,323.087,2752.41,5474.42,8277.23,9089.27,9089.27,1366,853,850,853,1819,0,2.27559,43.316,207.385,390.266,6904.79,120.195,211.968,321.148,,,,,,,,
2018/DATA-20180705/p6440238.nc,644,6,238,990,410,200,300,1,0,310,0,2000,200,3,0,120,0,0.169059,0,0.00656568,0.0292637,0.0259273,0.0403074,0,2833.59,525.895,SciCon|PAM,8687,24.911,6354,55,magnetometer sbe41 contopt wlseaowl,66.12,13.43,71.278,13.39,0,1.53252e+09,17.3667,146.883,1.29926,304.708,2657.63,5473.91,8268.01,8553.49,8553.49,1310,835,832,835,1712,0,2.14847,39.995,207.661,389.53,6812.15,120.931,225.958,303.55,,,,,,,,
2018/DATA-20180705/p6440239.nc,644,6,239,990,410,200,300,1,0,310,0,2000,200,3,0,120,0,0.166872,0,0.00682191,0.0245767,0.0242588,0.038341,0,2651.23,425.679,SciCon|PAM,8333,25,5984,55,magnetometer sbe41 contopt wlseaowl,66.12,13.45,71.57,13.33,0,1.53253e+09,14.4333,141.017,0.969169,302.38,2571.27,5283.8,8021.01,8207.34,8207.34,1266,807,806,806,1642,0,2.04529,39.966,193.46,390.757,6758.36,116.516,204.723,300.252,,,,,,,,
2018/DATA-20180705/p6440240.nc,644,6,240,990,410,200,300,1,0,310,0,2000,200,3,0,120,0,0.139415,0.0027628,0.00653802,0.0295142,0.0258639,0.0403255,0,2826.66,529.336,SciCon|PAM,8534,25.399,6440,55,magnetometer sbe41 contopt wlseaowl,66.12,13.46,71.871,13.32,0,1.53254e+09,17.2667,144.25,0.495409,298.091,2801.06,5558.77,8411.27,8411.27,8411.27,1303,842,842,842,1684,0,2.07252,39.987,208.702,390.021,6704.65,0,0,295.8,,,,,,,,
2018/DATA-20180705/p6440241.nc,644,6,241,990,410,200,300,1,0,310,0,2000,200,3,0,120,0,0.162852,0,0.00745881,0.0244007,0.0244322,0.0394082,0,2670.19,417.204,SciCon|PAM,8450,25.368,6114,55,magnetometer sbe41 contopt wlseaowl,66.12,13.47,72.164,13.42,0,1.53255e+09,14.1833,142.833,0.767113,297.902,2724.64,5418.57,8322.03,8322.03,8322.03,1280,833,832,833,1666,0,2.06707,40.015,204.353,390.021,6685.11,108.911,188.768,295.696,,,,,,,,
2018/DATA-20180705/p6440242.nc,644,6,242,990,410,200,300,1,0,310,0,2000,200,3,0,120,0,0.138886,0.00274979,0.00827913,0.0233807,0.0239673,0.0388686,0,2619.38,400.144,SciCon|PAM,8283,25.504,6077,55,magnetometer sbe41 contopt wlseaowl,66.12,13.45,72.453,13.41,0,1.53256e+09,14.0167,140.017,1.0839,297.414,2726.57,5394.73,8153.95,8153.95,8153.95,1264,817,817,817,1632,0,2.00722,39.941,200.057,390.266,6683.81,0,0,295.541,,,,,,,,
2018/DATA-20180705/p6440243.nc,644,6,243,990,410,200,300,1,0,310,0,2000,200,3,0,120,0,0.16286,0,0.00842526,0.0241657,0.0242381,0.0390466,0,2648.98,418.84,SciCon|PAM,8393,25.419,6161,55,magnetometer sbe41 contopt wlseaowl,66.12,13.45,72.745,13.43,0,1.53257e+09,14.2167,142.067,0.875107,296.2,2652.92,5471.91,8265.42,8265.42,8265.42,1281,827,827,827,1654,0,2.05954,39.947,200.973,391.002,6653.57,110.874,209.662,294.859,,,,,,,,
2018/DATA-20180705/p6440244.nc,644,6,244,990,410,200,300,1,0,310,0,2000,200,3,0,120,0,0.159058,0.000189656,0.00736485,0.0230106,0.0243533,0.0393445,0,2661.56,395.075,SciCon|PAM,8398,25.461,6150,55,magnetometer sbe41 contopt wlseaowl,66.12,13.48,73.035,13.32,0,1.53257e+09,13.9833,141.233,0.707826,296.588,2673.54,5469.75,8271.01,8271.01,8271.01,1282,829,824,828,1656,0,2.04375,40.019,202.761,389.285,6633.17,96.4013,148.517,295.192,,,,,,,,
2018/DATA-20180705/p6440245.nc,644,6,245,990,410,200,300,1,0,310,0,2000,200,3,0,120,0,0.164276,0,0.00746495,0.0232749,0.0241059,0.0389498,0,2634.53,399.488,SciCon|PAM,8392,25.361,6015,55,magnetometer sbe41 contopt wlseaowl,66.12,13.48,73.325,13.43,0,1.53258e+09,14.0167,141.917,0.233501,294.767,2639.79,5330.43,8260.15,8260.15,8260.15,1270,827,825,827,1655,0,2.07589,39.975,197.657,390.021,6640.04,121.422,236.953,294.05,,,,,,,,
2018/DATA-20180705/p6440246.nc,644,6,246,990,410,200,300,1,0,310,0,2000,200,3,0,120,0,0.137769,0.002766,0.00786214,0.0243221,0.0245004,0.0391161,0,2677.64,421.498,SciCon|PAM,8323,25.432,6205,55,magnetometer sbe41 contopt wlseaowl,66.12,13.5,73.615,13.35,0,1.53259e+09,14.3667,140.65,0.325684,290.488,2739.1,5507.32,8195.24,8195.24,8195.24,1281,820,820,820,1641,0,2.01526,39.997,200.187,390.021,6634.86,0,0,288.897,,,,,,,,
2018/DATA-20180705/p6440247.nc,644,6,247,990,410,200,300,1,0,310,0,2000,200,3,0,120,0,0.13761,0.00278641,0.00795701,0.0245104,0.0248758,0.0398508,0,2718.66,423.856,SciCon|PAM,8452,25.344,6318,55,magnetometer sbe41 contopt wlseaowl,66.12,13.47,73.908,13.43,0,1.5326e+09,14.3167,143.017,0.915588,290.349,2863.53,5616.72,8324.91,8324.91,8324.91,1303,834,833,834,1666,0,2.05214,39.935,205.043,390.021,6642.13,0,0,288.956,,,,,,,,
2018/DATA-20180705/p6440248.nc,644,6,248,990,410,200,300,1,0,310,0,2000,200,3,0,120,0,0.162564,0,0.00582211,0.0274482,0.0247772,0.0398873,0,2707.89,466.579,SciCon|PAM,8534,25.438,6271,55,magnetometer sbe41 contopt wlseaowl,66.12,13.47,74.205,13.42,0,1.53261e+09,15.0667,144.083,0.810899,296.359,2748.59,5517,8405.38,8405.38,8405.38,1302,842,840,840,1683,0,2.08824,39.977,203.834,389.53,6654.04,111.61,203.179,294.743,,,,,,,,
2018/DATA-20180705/p6440249.nc,644,6,249,990,410,200,300,1,0,310,0,2000,200,3,0,120,0,0.163153,0,0.00570112,0.024816,0.0244375,0.0388162,0,2670.76,428.363,SciCon|PAM,8325,25.407,6093,55,magnetometer sbe41 contopt wlseaowl,66.12,13.47,74.496,13.29,0,1.53262e+09,14.45,140.95,0.346429,294.478,2612.26,5387.24,8198.11,8198.11,8198.11,1271,820,818,820,1640,0,2.02756,39.982,196.925,390.511,6670.1,113.081,172.022,292.85,,,,,,,,
2018/DATA-20180705/p6440250.nc,644,6,250,990,410,200,300,1,0,310,0,2000,200,3,0,120,0,0.138322,0.00279622,0.00758984,0.023526,0.0244538,0.0395194,0,2672.55,400.68,SciCon|PAM,8485,25.416,6241,55,magnetometer sbe41 contopt wlseaowl,66.12,13.46,74.788,13.37,0,1.53263e+09,13.9,143.55,0.303288,295.006,2788.79,5563.78,8356.7,8356.7,8356.7,1303,838,836,837,1673,0,2.0607,40.026,202.606,390.266,6662.93,0,0,293.295,,,,,,,,
2018/DATA-20180705/p6440251.nc,644,6,251,990,410,200,300,1,0,310,0,2000,200,3,0,120,0,0.159853,0.0003213,0.00573806,0.02443,0.0254239,0.0407623,0,2778.57,421.954,SciCon|PAM,8864,24.852,6290,55,magnetometer sbe41 contopt wlseaowl,66.12,13.43,75.085,13.42,0,1.53264e+09,14.2667,148.933,0.931482,304.797,2832.65,5581.38,8416.7,8735.74,8735.74,1343,852,850,852,1749,0,2.16085,43.371,205.838,389.775,6716.27,91.0048,140.297,303.599,,,,,,,,
2018/DATA-20180705/p6440252.nc,644,6,252,990,410,200,300,1,0,310,0,2000,200,3,0,120,0,0.141479,0.00278256,0.00769449,0.0238497,0.0259218,0.0420618,0,2832.98,407.448,SciCon|PAM,9235,24.466,6284,55,magnetometer sbe41 contopt wlseaowl,66.12,13.46,75.387,13.36,0,1.53265e+09,14.15,156.017,1.27586,314.509,2741.57,5595.19,8493.04,9103.68,9103.68,1375,869,869,869,1822,0,2.25569,43.264,216.707,389.53,6811.07,0,0,313.45,,,,,,,,
2018/DATA-20180705/p6440253.nc,644,6,253,990,410,200,300,1,0,310,0,2000,200,3,0,120,0,0.15423,0.00128476,0.00711087,0.0256588,0.0255074,0.0407203,0,2787.69,440.608,SciCon|PAM,8805,24.522,6244,55,magnetometer sbe41 contopt wlseaowl,66.12,13.44,75.686,13.36,0,1.53266e+09,14.9333,148.3,0.893682,310.459,2781.22,5524.82,8213.04,8674.61,8674.61,1326,834,834,834,1735,0,2.15004,43.319,209.279,390.021,6800.27,56.1728,85.905,308.997,,,,,,,,
2018/DATA-20180705/p6440254.nc,644,6,254,990,410,200,300,1,0,310,0,2000,200,3,0,120,0,0.153699,0.00125275,0.0084821,0.0247304,0.025836,0.0412761,0,2823.61,425.878,SciCon|PAM,8996,24.874,6370,55,magnetometer sbe41 contopt wlseaowl,66.12,13.42,75.987,13.29,0,1.53267e+09,14.3833,151.567,0.400439,305.086,2887.12,5668.32,8550.52,8869.49,8869.49,1364,865,864,864,1774,0,2.18758,43.274,212.144,390.266,6778.7,56.1728,85.6559,303.802,,,,,,,,
2018/DATA-20180705/p6440255.nc,644,6,255,990,410,200,300,1,0,310,0,2000,200,3,0,120,0,0.168258,0,0.00695315,0.0243082,0.0256853,0.0411952,0,2807.14,413.262,SciCon|PAM,9061,24.322,6236,55,magnetometer sbe41 contopt wlseaowl,66.12,13.44,76.288,13.36,0,1.53268e+09,14.3667,153.133,0.748727,318.3,2748.22,5547.31,8257.36,8927.87,8927.87,1356,848,848,848,1788,0,2.22889,43.313,211.145,390.757,6848.55,112.836,175.818,316.448,,,,,,,,
2018/DATA-20180705/p6440256.nc,644,6,256,990,410,200,300,1,0,310,0,2000,200,3,0,120,0,0.141614,0.00279591,0.00609928,0.0250451,0.0257265,0.0412781,0,2811.63,430.277,SciCon|PAM,8993,24.512,6269,55,magnetometer sbe41 contopt wlseaowl,66.12,13.45,76.589,13.37,0,1.53269e+09,14.6333,151.967,1.33703,311.653,2816.81,5565.67,8346.47,8858.75,8858.75,1353,852,851,852,1774,0,2.20044,43.304,210.858,390.266,6811.37,0,0,310.245,,,,,,,,
2018/DATA-20180705/p6440257.nc,644,6,257,990,410,200,300,1,0,310,0,2000,200,3,0,120,0,0.170459,0,0.00629375,0.0254414,0.0266798,0.0426595,0,2915.82,438.812,SciCon|PAM,9551,23.823,6329,55,magnetometer sbe41 contopt wlseaowl,66.12,13.42,76.898,13.26,0,1.5327e+09,14.8,161.2,1.32681,329.682,2817.91,5610.25,8379.88,9417.19,9417.19,1409,871,868,870,1885,0,2.34972,43.334,219.403,389.53,6927.68,114.063,209.773,328.8,,,,,,,,
2018/DATA-20180705/p6440258.nc,644,6,258,990,410,200,300,1,0,310,0,2000,200,3,0,120,0,0.171305,0,0.00572092,0.0261989,0.0260475,0.0417755,0,2846.72,452.862,SciCon|PAM,9022,24.508,6367,55,magnetometer sbe41 contopt wlseaowl,66.12,13.44,77.202,13.29,0,1.53271e+09,15.1,153.4,0.843035,314.1,2866.22,5574.22,8312.95,8889.43,8889.43,1356,849,848,849,1779,0,2.21442,43.302,209.895,390.021,6800.23,133.441,209.474,312.346,,,,,,,,
2018/DATA-20180705/p6440259.nc,644,6,259,990,410,200,300,1,0,310,0,2000,200,3,0,120,0,0.167208,0,0.00767466,0.0245773,0.0254364,0.0407919,0,2779.93,419.957,SciCon|PAM,8872,24.705,6265,55,magnetometer sbe41 contopt wlseaowl,66.12,13.45,77.502,13.35,0,1.53272e+09,14.4333,149.983,0.757021,308.787,2729.97,5564.03,8320.72,8742.42,8742.42,1337,843,842,843,1750,0,2.17683,43.356,208.943,390.511,6807.68,112.591,186.928,306.95,,,,,,,,
2018/DATA-20180705/p6440260.nc,644,6,260,990,410,200,300,1,0,310,0,2000,200,3,0,120,0,0.167699,0,0.00592705,0.0257136,0.0254417,0.0402828,0,2780.51,442.649,SciCon|PAM,8825,24.507,6165,55,magnetometer sbe41 contopt wlseaowl,66.12,13.44,77.801,13.34,0,1.53273e+09,14.8667,149.25,1.26776,312.319,2739.73,5435.87,8179.58,8693.41,8693.41,1324,834,428,430,1452,0,2.16795,43.348,205.07,390.266,6787.94,122.893,192.886,310.394,,,,,,,,
2018/DATA-20180705/p6440261.nc,644,6,261,990,410,200,300,1,0,310,0,2000,200,3,0,120,0,0.166709,0,0.00555825,0.0356243,0.0276834,0.0410602,0,3025.51,659.906,SciCon|PAM,8881,24.51,6634,55,magnetometer sbe41 contopt wlseaowl,66.12,13.46,78.112,13.41,0,1.53274e+09,21.0667,149.933,1.48434,313.314,2792.96,5540.38,8218.72,8754.82,8754.82,1341,838,834,837,1752,0,2.18254,43.286,206.551,389.53,6736.08,117.987,216.093,311.847,,,,,,,,
2018/DATA-20180705/p6440262.nc,644,6,262,990,410,200,300,1,0,310,0,2000,200,3,0,120,0,0.165705,0,0.00476296,0.0247807,0.0255365,0.0405975,0,2790.88,427.786,SciCon|PAM,9000,24.609,6241,55,magnetometer sbe41 contopt wlseaowl,66.12,13.46,78.411,13.3,0,1.53275e+09,14.4333,152.067,2.3016,310.618,2767.01,5538.69,8399.1,8870.51,8870.51,1357,854,854,854,1776,0,2.20143,43.301,201.575,388.794,6725.41,113.817,219.481,308.891,,,,,,,,
2018/DATA-20180705/p6440263.nc,644,6,263,990,410,200,300,1,0,310,0,2000,200,3,0,120,0,0.158529,0,0.00603091,0.0243983,0.0238469,0.037807,0,2606.22,418.328,SciCon|PAM,7949,25.387,6185,55,magnetometer sbe41 contopt wlseaowl,66.12,13.48,78.694,13.44,0,1.53276e+09,14.3,134.567,2.16791,277.829,2761.52,5489.19,7816.58,7816.58,7816.58,1247,783,781,782,1565,0,1.93307,39.98,191.921,390.021,6524.57,110.383,177.375,276.347,,,,,,,,
2018/DATA-20180705/p6440264.nc,644,6,264,990,410,200,300,1,0,310,0,2000,200,3,0,120,0,0.13512,0.00280701,0.00524156,0.0238177,0.0236295,0.0378022,0,2582.45,415.998,SciCon|PAM,7829,25.354,6207,55,magnetometer sbe41 contopt wlseaowl,66.12,13.5,78.975,13.33,0,1.53277e+09,14.1,132.5,1.68613,271.131,2712.94,5522.01,7702.55,7702.55,7702.55,1235,771,771,771,1542,0,1.88744,39.967,190.101,389.775,6486.78,0,0,269.645,,,,,,,,
2018/DATA-20180705/p6440265.nc,644,6,265,990,410,200,300,1,0,310,0,2000,200,3,0,120,0,0.131893,0.0027957,0.00477038,0.0236207,0.0228986,0.0361747,0,2502.58,409.798,SciCon|PAM,7352,25.487,6198,55,magnetometer sbe41 contopt wlseaowl,66.12,13.51,79.246,13.37,0,1.53278e+09,13.9833,124.517,1.48362,256.75,2799.77,5499.39,7233.02,7233.02,7233.02,1192,724,723,724,1447,0,1.75397,36.697,182.32,389.775,6372.51,0,0,255.048,,,,,,,,
2018/DATA-20180705/p6440266.nc,644,6,266,990,410,200,300,1,0,310,0,2000,200,3,0,120,0,0.158934,0,0.00626295,0.0223423,0.0228651,0.0365232,0,2498.92,389.581,SciCon|PAM,7482,25.457,6221,55,magnetometer sbe41 contopt wlseaowl,66.12,13.49,79.52,13.34,0,1.53279e+09,13.6,126.967,1.48676,257.636,2786.19,5554.8,7366.68,7366.68,7366.68,1202,737,737,737,1474,0,1.80512,36.642,188.349,390.266,6387.38,125.837,213.984,255.798,,,,,,,,
2018/DATA-20180705/p6440267.nc,644,6,267,990,410,200,300,1,0,310,0,2000,200,3,0,120,0,0.155789,0,0.0068456,0.0221185,0.0227132,0.0363606,0,2482.31,380.695,SciCon|PAM,7479,25.378,6147,55,magnetometer sbe41 contopt wlseaowl,66.12,13.5,79.792,13.33,0,1.5328e+09,13.4333,127,1.67161,259.089,2724.14,5486.26,7357.98,7357.98,7357.98,1199,737,736,737,1473,0,1.79994,36.577,183.5,390.266,6386.26,110.383,187.239,257.843,,,,,,,,
2018/DATA-20180705/p6440268.nc,644,6,268,990,410,200,300,1,0,310,0,2000,200,3,0,120,0,0.158046,0,0.00521147,0.0211969,0.0223777,0.0356661,0,2445.65,364.63,SciCon|PAM,7137,25.413,6275,55,magnetometer sbe41 contopt wlseaowl,66.12,13.5,80.06,13.41,0,1.5328e+09,13.1333,121.267,1.57881,242.766,2866.52,5633.41,7022.67,7022.67,7022.67,1180,703,702,703,1405,0,1.70474,36.697,180.349,390.511,6344.1,126.818,197.147,241.291,,,,,,,,
2018/DATA-20180705/p6440269.nc,644,6,269,990,410,200,300,1,0,310,0,2000,200,3,0,120,0,0.153819,0,0.00536515,0.0237652,0.0223241,0.0347836,0,2439.79,441.002,SciCon|PAM,6823,25.376,6266,55,magnetometer sbe41 contopt wlseaowl,66.12,13.5,80.325,13.35,0,1.53281e+09,15.3833,116.017,1.13356,238.028,2821.32,5492.12,6704.59,6704.59,6704.59,1132,672,671,671,1342,0,1.62131,36.668,177.846,389.53,6313.38,111.119,171.399,236.004,,,,,,,,
2018/DATA-20180705/p6440270.nc,644,6,270,990,410,200,300,1,0,310,0,2000,200,3,0,120,0,0.131619,0.00276872,0.00681194,0.0203928,0.0217742,0.0355472,0,2379.69,352.716,SciCon|PAM,6973,25.418,6244,55,magnetometer sbe41 contopt wlseaowl,66.12,13.47,80.589,13.33,0,1.53282e+09,12.8167,118.383,0.895194,238.466,2827.67,5618.64,6859.23,6859.23,6859.23,1160,687,686,687,1373,0,1.65335,36.658,181.1,390.266,6331.14,0,0,236.798,,,,,,,,
2018/DATA-20180705/p6440271.nc,644,6,271,990,410,200,300,1,0,310,0,2000,200,3,0,120,0,0.156652,0,0.00579341,0.0230377,0.0224789,0.035705,0,2456.71,399.05,SciCon|PAM,7079,25.471,6262,55,magnetometer sbe41 contopt wlseaowl,66.12,13.47,80.859,13.39,0,1.53283e+09,13.7,120.55,1.17306,243.762,2853.61,5593.26,6967.18,6967.18,6967.18,1166,698,695,698,1394,0,1.69965,36.662,183.611,390.511,6365.76,118.969,189.556,242.047,,,,,,,,
2018/DATA-20180705/p6440272.nc,644,6,272,990,410,200,300,1,0,310,0,2000,200,3,0,120,0,0.161167,0,0.00826339,0.02252,0.0221822,0.0353909,0,2424.28,392.617,SciCon|PAM,6982,25.413,6172,55,magnetometer sbe41 contopt wlseaowl,66.12,13.5,81.127,13.34,0,1.53284e+09,13.75,118.8,1.3959,241.184,2679.69,5518.58,6867.33,6867.33,6867.33,1146,687,686,687,1375,0,1.6715,36.693,182.882,390.266,6334.02,142.517,237.976,239.548,,,,,,,,
2018/DATA-20180705/p6440273.nc,644,6,273,990,410,200,300,1,0,310,0,2000,200,3,0,120,0,0.15755,0,0.00751792,0.0228369,0.0220567,0.0353852,0,2410.57,396.729,SciCon|PAM,7020,25.418,6175,55,magnetometer sbe41 contopt wlseaowl,66.12,13.47,81.395,13.34,0,1.53284e+09,13.5333,119.467,1.59719,241.135,2692.1,5509.29,6903.48,6903.48,6903.48,1152,691,691,691,1382,0,1.66954,36.608,180.341,390.021,6342.41,122.157,194.826,239.656,,,,,,,,
2018/DATA-20180705/p6440274.nc,644,6,274,990,410,200,300,1,0,310,0,2000,200,3,0,120,0,0.15908,0,0.00566556,0.0213091,0.0215049,0.0344604,0,2350.26,369.377,SciCon|PAM,6751,25.459,6204,55,magnetometer sbe41 contopt wlseaowl,66.12,13.5,81.659,13.33,0,1.53285e+09,13.2333,114.867,1.34253,233.53,2746.44,5560.08,6638.21,6638.21,6638.21,1128,664,662,664,1328,0,1.61156,36.688,176.997,390.021,6316.75,133.196,254.986,231.797,,,,,,,,
2018/DATA-20180705/p6440275.nc,644,6,275,990,410,200,300,1,0,310,0,2000,200,3,0,120,0,0.154436,0,0.00531744,0.0225168,0.0224051,0.035353,0,2448.64,391.351,SciCon|PAM,7013,25.418,6285,55,magnetometer sbe41 contopt wlseaowl,66.12,13.5,81.927,13.45,0,1.53286e+09,13.9,119.2,1.21181,240.359,2790.74,5620.24,6898.09,6898.09,6898.09,1165,691,689,691,1381,0,1.67974,36.666,180.428,389.53,6355.25,107.194,193.017,238.3,,,,,,,,
2018/DATA-20180705/p6440276.nc,644,6,276,990,410,200,300,1,0,310,0,2000,200,3,0,120,0,0.163012,0,0.00850581,0.0223022,0.0219682,0.0350821,0,2400.89,390.193,SciCon|PAM,6960,25.34,6157,55,magnetometer sbe41 contopt wlseaowl,66.12,13.49,82.195,13.4,0,1.53287e+09,13.4167,118.083,1.37154,241.852,2803.68,5498.98,6842.36,6842.36,6842.36,1146,685,685,685,1370,0,1.67113,36.623,180.269,390.511,6380.22,146.442,237.222,239.896,,,,,,,,
2018/DATA-20180705/p6440277.nc,644,6,277,990,410,200,300,1,0,310,0,2000,200,3,0,120,0,0.157655,0,0.00628811,0.0210912,0.0220331,0.0353153,0,2407.99,364.646,SciCon|PAM,7121,25.426,6095,55,magnetometer sbe41 contopt wlseaowl,66.12,13.48,82.462,13.35,0,1.53288e+09,13.1333,120.883,1.3027,247.107,2711.22,5450.55,7010.17,7010.17,7010.17,1160,701,701,701,1402,0,1.71245,36.724,178.397,390.021,6397.27,116.516,201.886,245.25,,,,,,,,
2018/DATA-20180705/p6440278.nc,644,6,278,990,410,200,300,1,0,310,0,2000,200,3,0,120,0,0.162693,0,0.00562684,0.0206457,0.0219705,0.0353451,0,2401.15,357.188,SciCon|PAM,7063,25.421,6121,55,magnetometer sbe41 contopt wlseaowl,66.12,13.48,82.73,13.35,0,1.53288e+09,13,119.983,1.39833,245.992,2735.81,5490.04,6950.05,6950.05,6950.05,1157,695,695,695,1391,0,1.69386,36.748,179.354,390.511,6391.57,142.517,231.834,244.047,,,,,,,,
2018/DATA-20180705/p6440279.nc,644,6,279,990,410,200,300,1,0,310,0,2000,200,3,0,120,0,0.155313,0,0.0085362,0.0217257,0.0228287,0.0365406,0,2494.94,387.85,SciCon|PAM,7284,25.48,6351,55,magnetometer sbe41 contopt wlseaowl,66.12,13.5,83.002,13.32,0,1.53289e+09,13.4833,123.817,1.59867,247.276,2792.26,5682.87,7172.07,7172.07,7172.07,1189,718,718,718,1435,0,1.76103,36.689,187.402,390.511,6386.47,104.987,215.174,244.854,,,,,,,,
2018/DATA-20180705/p6440280.nc,644,6,280,990,410,200,300,1,0,310,0,2000,200,3,0,120,0,0.15561,0,0.00651414,0.0229743,0.0223574,0.0354313,0,2443.43,401.527,SciCon|PAM,7056,25.457,6205,55,magnetometer sbe41 contopt wlseaowl,66.12,13.47,83.271,13.4,0,1.5329e+09,13.7667,119.833,1.77815,243.464,2807.35,5522.06,6933.49,6933.49,6933.49,1159,694,692,694,1389,0,1.698,36.69,180.831,390.511,6363.32,111.119,189.734,242.056,,,,,,,,
2018/DATA-20180705/p6440281.nc,644,6,281,990,410,200,300,1,0,310,0,2000,200,3,0,120,0,0.161297,0,0.00738068,0.0218187,0.0220047,0.035976,0,2404.89,380.406,SciCon|PAM,7018,25.469,6187,55,magnetometer sbe41 contopt wlseaowl,66.12,13.5,83.54,13.41,0,1.53291e+09,13.4167,120.217,1.69569,243.603,2704.68,5476.85,6899.35,6899.35,6899.35,1149,692,691,692,1382,0,1.68333,36.693,181.229,390.511,6350.53,142.272,238.976,242.003,,,,,,,,
2018/DATA-20180705/p6440282.nc,644,6,282,990,410,200,300,1,0,310,0,2000,200,3,0,120,0,0.156871,0,0.00543829,0.0223253,0.0224452,0.035814,0,2453.02,392.936,SciCon|PAM,7232,25.38,6159,55,magnetometer sbe41 contopt wlseaowl,66.12,13.48,83.811,13.38,0,1.53292e+09,13.5,122.967,1.5119,251.018,2730.02,5489.18,7113.78,7113.78,7113.78,1173,713,712,713,1425,0,1.77441,36.65,180.551,390.757,6414.37,112.346,205.512,249.342,,,,,,,,
2018/DATA-20180705/p6440283.nc,644,6,283,990,410,200,300,1,0,310,0,2000,200,3,0,120,0,0.162048,0,0.00660882,0.0232179,0.0229243,0.0361003,0,2505.39,428.605,SciCon|PAM,7249,25.445,6383,55,magnetometer sbe41 contopt wlseaowl,66.12,13.48,84.084,13.42,0,1.53292e+09,15.2,123.1,1.33542,246.937,2761.54,5617.38,7131.4,7131.4,7131.4,1186,714,712,714,1428,0,1.76547,36.677,183.69,390.266,6368.02,141.536,245.177,245.145,,,,,,,,
2018/DATA-20180705/p6440284.nc,644,6,284,990,410,200,300,1,0,310,0,2000,200,3,0,120,0,0.14737,0.000953063,0.00600447,0.0291235,0.0238476,0.0366352,0,2606.3,528.807,SciCon|PAM,7350,25.449,6437,55,magnetometer sbe41 contopt wlseaowl,66.12,13.47,84.364,13.32,0,1.53293e+09,17,124.2,1.3919,254.651,2852.33,5564.11,7235.84,7235.84,7235.84,1191,724,724,724,1449,0,1.77277,36.677,186.951,390.511,6411.7,67.4564,104.202,252.496,,,,,,,,
2018/DATA-20180705/p6440285.nc,644,6,285,990,410,200,300,1,0,310,0,2000,200,3,0,120,0,0.159665,0,0.00533221,0.0219605,0.0232002,0.0371381,0,2535.54,375.827,SciCon|PAM,7789,25.417,6127,55,magnetometer sbe41 contopt wlseaowl,66.12,13.47,84.643,13.3,0,1.53294e+09,13.25,132.15,1.57761,271.7,2730.03,5476.94,7673.81,7673.81,7673.81,1229,769,766,769,1536,0,1.91601,39.98,186.654,391.738,6470.19,117.742,216.247,269.938,,,,,,,,
2018/DATA-20180705/p6440286.nc,644,6,286,990,410,200,300,1,0,310,0,2000,200,3,0,120,0,0.168381,0,0.00671461,0.0227386,0.0238576,0.0382927,0,2607.39,389.076,SciCon|PAM,8034,25.387,6171,55,magnetometer sbe41 contopt wlseaowl,66.12,13.47,84.928,13.31,0,1.53295e+09,13.6833,136.217,1.71247,280.04,2706,5508.48,7915.29,7915.29,7915.29,1253,792,792,792,1584,0,1.96224,40.003,193.62,390.511,6538.2,152.574,270.497,278.593,,,,,,,,
2018/DATA-20180705/p6440287.nc,644,6,287,990,410,200,300,1,0,310,0,2000,200,3,0,120,0,0.162347,0,0.0070375,0.0245607,0.0239416,0.0380277,0,2616.57,426.532,SciCon|PAM,7938,25.374,6291,55,magnetometer sbe41 contopt wlseaowl,66.12,13.47,85.213,13.29,0,1.53296e+09,14.5333,134.167,1.69086,273.551,2806.89,5582.78,7806.27,7806.27,7806.27,1250,782,781,782,1563,0,1.92921,40.028,190.698,390.021,6516.18,126.818,204.603,272.191,,,,,,,,
2018/DATA-20180705/p6440288.nc,644,6,288,990,410,200,300,1,0,310,0,2000,200,3,0,120,0,0.164603,0,0.00646822,0.0238866,0.0249354,0.0398609,0,2725.18,414.343,SciCon|PAM,8565,25.4,6304,55,magnetometer sbe41 contopt wlseaowl,66.12,13.45,85.507,13.26,0,1.53297e+09,14.15,144.9,1.83338,294.399,2817.78,5611.12,8442.87,8442.87,8442.87,1316,845,844,845,1690,0,2.1129,39.963,200.603,390.021,6653.43,118.723,222.949,292.847,,,,,,,,
2018/DATA-20180705/p6440289.nc,644,6,289,990,410,200,300,1,0,310,0,2000,200,3,0,120,0,0.169047,0,0.00628937,0.0239806,0.026074,0.0420476,0,2849.62,408.997,SciCon|PAM,9335,24.084,6289,55,magnetometer sbe41 contopt wlseaowl,66.12,13.42,85.811,13.26,0,1.53298e+09,14.2,157.75,2.16265,324.38,2801.3,5597.14,8336.62,9206.23,9206.23,1387,862,862,862,1842,0,2.31616,43.287,212.167,389.775,6851.36,115.044,225.177,323.145,,,,,,,,
2018/DATA-20180705/p6440290.nc,644,6,290,990,410,200,300,1,0,310,0,2000,200,3,0,120,0,0.161768,0.00101746,0.00638568,0.0261031,0.0276468,0.0443612,0,3021.51,446.511,SciCon|PAM,10049,23.378,6409,55,magnetometer sbe41 contopt wlseaowl,66.12,13.39,86.127,13.3,0,1.53299e+09,15.0167,168.833,2.48443,344.517,2929.41,5690.04,8472.73,9912.74,9912.74,1469,894,894,894,1984,0,2.44671,46.646,222.414,390.021,7012,66.2299,101.813,342.996,,,,,,,,
2018/DATA-20180705/p6440291.nc,644,6,291,990,410,200,300,1,0,310,0,2000,200,3,0,120,0,0.170329,0,0.00605821,0.0270975,0.0268217,0.042465,0,2931.33,467.407,SciCon|PAM,9456,23.902,6287,55,magnetometer sbe41 contopt wlseaowl,66.12,13.4,86.436,13.25,0,1.533e+09,15.5333,159.55,2.1612,327.733,2738.65,5527.99,8348.69,9315.35,9315.35,1393,866,866,866,1865,0,2.31494,43.365,213.837,390.266,6872.28,117.006,195.661,326.095,,,,,,,,
2018/DATA-20180705/p6440292.nc,644,6,292,990,410,200,300,1,0,310,0,2000,200,3,0,120,0,0.16769,0,0.00636593,0.0247645,0.0259495,0.041486,0,2836.01,425.773,SciCon|PAM,9162,24.264,6246,55,magnetometer sbe41 contopt wlseaowl,66.12,13.4,86.74,13.36,0,1.53301e+09,14.75,154.717,1.62747,317.962,2728.9,5529.54,8329.42,9026.13,9026.13,1365,855,855,854,1806,0,2.27437,43.273,211.164,390.021,6851.13,106.458,232.935,316.794,,,,,,,,
2018/DATA-20180705/p6440293.nc,644,6,293,990,410,200,300,1,0,310,0,2000,200,3,0,120,0,0.178637,0,0.00821366,0.0260425,0.0267407,0.0428029,0,2922.48,447.178,SciCon|PAM,9583,23.875,6369,55,magnetometer sbe41 contopt wlseaowl,66.12,13.4,87.051,13.3,0,1.53302e+09,14.9167,161.717,2.03145,329.225,2899.03,5640.46,8437.85,9453.26,9453.26,1414,877,873,876,1892,0,2.35231,43.331,217.466,389.285,6896.1,152.329,250.884,327.802,,,,,,,,
2018/DATA-20180705/p6440294.nc,644,6,294,990,410,200,300,1,0,310,0,2000,200,3,0,120,0,0.174641,0,0.00715424,0.0253753,0.0265998,0.0429893,0,2907.08,431.721,SciCon|PAM,9527,23.795,6309,55,magnetometer sbe41 contopt wlseaowl,66.12,13.38,87.361,13.35,0,1.53303e+09,14.8333,160.683,2.09267,330.021,2789.58,5591.75,8349.94,9392.28,9392.28,1402,868,867,868,1879,0,2.34691,43.216,219.842,389.775,6897.74,131.969,224.505,328.605,,,,,,,,
2018/DATA-20180705/p6440295.nc,644,6,295,990,410,200,300,1,0,310,0,2000,200,3,0,120,0,0.181547,0,0.010689,0.0269737,0.0276103,0.0443,0,3017.52,465.505,SciCon|PAM,9896,23.564,6491,55,magnetometer sbe41 contopt wlseaowl,66.12,13.38,87.678,13.27,0,1.53304e+09,15.4167,166.967,2.11226,335.403,2857.87,5745.61,8505.28,9762.25,9762.25,1451,891,891,891,1954,0,2.45154,46.636,226.691,389.285,6935.28,156.254,298.851,334.102,,,,,,,,
2018/DATA-20180705/p6440296.nc,644,6,296,990,410,200,300,1,0,310,0,2000,200,3,0,120,0,0.17914,0,0.00645293,0.0258174,0.0271303,0.0438128,0,2965.06,440.72,SciCon|PAM,9870,23.533,6408,55,magnetometer sbe41 contopt wlseaowl,66.12,13.39,87.993,13.33,0,1.53305e+09,15.05,166.517,1.9312,337.91,2912.36,5686.91,8457.68,9727.91,9727.91,1445,890,888,889,1947,0,2.4135,46.613,221.613,389.775,6970.75,144.725,229.992,336.398,,,,,,,,
2018/DATA-20180705/p6440297.nc,644,6,297,990,410,200,300,1,0,310,0,2000,200,3,0,120,0,0.176872,0,0.00796558,0.0265807,0.0270901,0.0435782,0,2960.67,454.835,SciCon|PAM,9735,23.699,6331,55,magnetometer sbe41 contopt wlseaowl,66.12,13.37,88.307,13.21,0,1.53306e+09,15.2333,164.2,2.31408,336.377,2821.44,5588.58,8418.05,9593.99,9593.99,1425,880,880,880,1920,0,2.37701,46.623,221.658,389.775,6937.03,137.611,225.868,334.656,,,,,,,,
2018/DATA-20180705/p6440298.nc,644,6,298,990,410,200,300,1,0,310,0,2000,200,3,0,120,0,0.175364,0,0.00784632,0.030461,0.0283892,0.0445995,0,3102.65,542.481,SciCon|PAM,10193,22.92,6370,55,magnetometer sbe41 contopt wlseaowl,66.12,13.35,88.628,13.31,0,1.53307e+09,17.8,171.85,2.39769,353.986,2761,5474.95,8322.12,10057.4,10057.4,1461,888,888,888,2012,0,2.50677,46.638,224.557,389.53,7000.58,122.157,193.865,353.106,,,,,,,,
2018/DATA-20180705/p6440299.nc,644,6,299,990,410,200,300,1,0,310,0,2000,200,3,0,120,0,0.181727,0,0.00790886,0.0265484,0.0291508,0.0470682,0,3185.88,455.613,SciCon|PAM,10916,22.667,6589,55,magnetometer sbe41 contopt wlseaowl,66.12,13.35,88.956,13.32,0,1.53308e+09,15.35,183.9,2.49033,368.221,2960.83,5840.18,8631.25,10772.1,10772.1,1565,934,934,934,2156,0,2.67393,49.921,239.197,389.53,7110.62,141.536,230.375,366.308,,,,,,,,
2018/DATA-20180705/p6440300.nc,644,6,300,990,410,200,300,1,0,310,0,2000,200,3,0,120,0,0.17563,0,0.0056654,0.0274503,0.0293943,0.0471709,0,3212.49,462.264,SciCon|PAM,11158,22.253,6452,55,magnetometer sbe41 contopt wlseaowl,66.12,13.34,89.284,13.18,0,1.5331e+09,15.5833,187.95,1.6657,379.283,2818.01,5708.7,8549.43,11013.4,11013.4,1575,935,931,935,2205,0,2.71991,49.845,235.314,388.549,7127.62,111.119,174.626,377.9,,,,,,,,
2018/DATA-20180705/p6440301.nc,644,6,301,990,410,200,300,1,0,310,0,2000,200,3,0,120,0,0.17337,0,0.00677344,0.0281848,0.0289275,0.0465691,0,3161.47,476.121,SciCon|PAM,10750,22.505,6398,55,magnetometer sbe41 contopt wlseaowl,66.12,13.35,89.609,13.32,0,1.53311e+09,15.9167,180.867,2.39532,368.888,2841.51,5631.58,8461.86,10602.3,10602.3,1527,915,915,915,2121,0,2.65626,49.889,236.802,389.285,7078.32,106.704,166.558,367.302,,,,,,,,
2018/DATA-20180705/p6440302.nc,644,6,302,990,410,200,300,1,0,310,0,2000,200,3,0,120,0,0.172542,0,0.0061464,0.0266306,0.028229,0.0453317,0,3085.14,451.992,SciCon|PAM,10338,23.02,6455,55,magnetometer sbe41 contopt wlseaowl,66.12,13.36,89.928,13.26,0,1.53312e+09,15.4833,173.933,1.98029,354.723,2887.66,5711.61,8462.42,10194,10194,1496,904,890,904,2040,0,2.56216,46.652,227.741,390.021,6989.68,112.1,195.243,353.847,,,,,,,,
2018/DATA-20180705/p6440303.nc,644,6,303,990,410,200,300,1,0,310,0,2000,200,3,0,120,0,0.174874,0,0.00652162,0.0291537,0.028835,0.0456907,0,3151.37,498.475,SciCon|PAM,10561,22.722,6476,55,magnetometer sbe41 contopt wlseaowl,66.12,13.35,90.253,13.28,0,1.53313e+09,16.2833,177.95,1.6657,364.293,2881.32,5685.29,8416.92,10419.2,10419.2,1516,906,905,906,2084,0,2.61592,46.653,231.701,389.53,7075.92,121.422,191.408,363.503,,,,,,,,
2018/DATA-20180705/p6440304.nc,644,6,304,990,410,200,300,1,0,310,0,2000,200,3,0,120,0,0.179485,0,0.00727164,0.0270022,0.0275827,0.0439455,0,3014.5,459.265,SciCon|PAM,10111,22.932,6161,55,magnetometer sbe41 contopt wlseaowl,66.12,13.38,90.569,13.23,0,1.53314e+09,15.5,170.3,1.73294,355.808,2653.44,5429.6,8226.81,9968.27,9968.27,1449,879,879,879,1994,0,2.48626,46.624,219.476,389.039,7006.94,142.517,229.257,354.396,,,,,,,,
2018/DATA-20180705/p6440305.nc,644,6,305,990,410,200,300,1,0,310,0,2000,200,3,0,120,0,0.179487,0,0.00619699,0.0265868,0.0289172,0.0462741,0,3160.35,453.167,SciCon|PAM,10652,22.833,6449,55,magnetometer sbe41 contopt wlseaowl,66.12,13.34,90.894,13.25,0,1.53315e+09,15.9,179.5,2.33137,361.946,2869.28,5701.1,8574.34,10515.7,10515.7,1525,920,920,920,2104,0,2.63105,49.945,235.782,388.794,7084.48,132.215,227.001,360.698,,,,,,,,
2018/DATA-20180705/p6440306.nc,644,6,306,990,410,200,300,1,0,310,0,2000,200,3,0,120,0,0.174637,0,0.00896262,0.0263184,0.0284468,0.0456914,0,3108.95,445.639,SciCon|PAM,10484,22.89,6493,55,magnetometer sbe41 contopt wlseaowl,66.12,13.34,91.217,13.19,0,1.53317e+09,15.2833,176.7,2.02641,359.51,2859.4,5760.14,8492.55,10338.5,10338.5,1509,910,909,910,2069,0,2.59223,46.594,233.773,389.53,7078.59,111.364,224.168,358.007,,,,,,,,
2018/DATA-20180705/p6440307.nc,644,6,307,990,410,200,300,1,0,310,0,2000,200,3,0,120,0,0.173567,0,0.00685023,0.0262475,0.0272063,0.0434556,0,2973.37,444.793,SciCon|PAM,9771,23.43,6282,55,magnetometer sbe41 contopt wlseaowl,66.12,13.36,91.531,13.29,0,1.53318e+09,15.2333,164.733,1.83655,339.762,2823.49,5541.48,8306.64,9630.38,9630.38,1428,874,873,873,1927,0,2.41282,46.66,219.845,389.775,6942.62,107.93,278.919,337.959,,,,,,,,
2018/DATA-20180705/p6440308.nc,644,6,308,990,410,200,300,1,0,310,0,2000,200,3,0,120,0,0.167414,0,0.0067219,0.0267588,0.0269699,0.0429269,0,2947.53,457.72,SciCon|PAM,9525,23.943,6391,55,magnetometer sbe41 contopt wlseaowl,66.12,13.36,91.842,13.33,0,1.53319e+09,15.85,160.733,2.02667,329.027,2776.55,5630.29,8370.33,9385.75,9385.75,1404,870,868,870,1879,0,2.3259,43.341,220.508,389.53,6874.39,108.666,194.175,327.497,,,,,,,,
2018/DATA-20180705/p6440309.nc,644,6,309,990,410,200,300,1,0,310,0,2000,200,3,0,120,0,0.171193,0,0.00816759,0.0259413,0.0263074,0.0423383,0,2875.12,446.855,SciCon|PAM,9397,23.958,6266,55,magnetometer sbe41 contopt wlseaowl,66.12,13.38,92.15,13.23,0,1.5332e+09,15.1333,158.633,2.38428,324.61,2747.37,5529.9,8361.53,9258.69,9258.69,1387,864,864,864,1853,0,2.28223,43.252,212.967,390.021,6907.53,117.006,202.58,324.095,,,,,,,,
2018/DATA-20180705/p6440310.nc,644,6,310,990,410,200,300,1,0,310,0,2000,200,3,0,120,0,0.17007,0,0.00669951,0.0246286,0.0253389,0.0411761,0,2769.28,420.533,SciCon|PAM,9024,24.286,6129,55,magnetometer sbe41 contopt wlseaowl,66.12,13.37,92.452,13.32,0,1.53321e+09,14.5667,152.133,2.11811,317.904,2672.73,5421.66,8208.98,8884.45,8884.45,1337,843,843,843,1779,0,2.19316,43.286,209.678,389.53,6878.97,114.799,194.864,316.3,,,,,,,,
2018/DATA-20180705/p6440311.nc,644,6,311,990,410,200,300,1,0,310,0,2000,200,3,0,120,0,0.16786,0,0.00707864,0.0247289,0.0250835,0.0399253,0,2741.36,424.125,SciCon|PAM,8607,25.431,6279,55,magnetometer sbe41 contopt wlseaowl,66.12,13.41,92.752,13.25,0,1.53322e+09,14.6333,145.517,1.58957,296.272,2772.28,5571.06,8477.36,8477.36,8477.36,1318,848,847,848,1696,0,2.10414,43.299,200.43,389.775,6753.47,117.251,264.678,294.441,,,,,,,,
2018/DATA-20180705/p6440312.nc,644,6,312,990,410,200,300,1,0,310,0,2000,200,3,0,120,0,0.167164,0,0.00614041,0.0255453,0.0253572,0.0388807,0,2771.28,442.848,SciCon|PAM,8257,25.451,6366,55,magnetometer sbe41 contopt wlseaowl,66.12,13.43,93.046,13.34,0,1.53323e+09,15.95,139.8,1.62862,282.748,2751.59,5571.41,8128.32,8128.32,8128.32,1277,814,812,814,1626,0,2.01207,39.975,198.393,389.775,6678.89,126.082,228.764,281.302,,,,,,,,
2018/DATA-20180705/p6440313.nc,644,6,313,990,410,200,300,1,0,310,0,2000,200,3,0,120,0,0.16457,0,0.00458496,0.049486,0.0278893,0.0403176,0,3048.02,853.972,SciCon|PAM,8129,25.375,6948,55,magnetometer sbe41 contopt wlseaowl,66.12,13.44,93.365,13.35,0,1.53324e+09,23.8,137.6,2.02823,274.518,2901.31,5682.77,7998.28,7998.28,7998.28,1286,801,801,801,1602,0,1.97744,39.912,196.512,389.53,6607.65,122.648,213.694,273.1,,,,,,,,
2018/DATA-20180705/p6440314.nc,644,6,314,990,410,200,300,1,0,310,0,2000,200,3,0,120,0,0.165816,0,0.00632506,0.0246316,0.0237745,0.0381407,0,2598.31,430.161,SciCon|PAM,7833,25.466,6332,55,magnetometer sbe41 contopt wlseaowl,66.12,13.42,93.652,13.24,0,1.53325e+09,14.55,132.733,0.729047,267.79,2802.72,5614.49,7706.43,7706.43,7706.43,1236,772,770,772,1542,0,1.89802,39.976,197.062,389.775,6616.6,128.29,207.569,266.092,,,,,,,,
2018/DATA-20180705/p6440315.nc,644,6,315,990,410,200,300,1,0,310,0,2000,200,3,0,120,0,0.163836,0,0.00663717,0.0243455,0.0241362,0.0388901,0,2637.83,422.08,SciCon|PAM,8012,25.455,6456,55,magnetometer sbe41 contopt wlseaowl,66.12,13.4,93.941,13.26,0,1.53326e+09,14.3,135.617,0.932623,268.198,2904.26,5757.64,7884.22,7884.22,7884.22,1264,790,789,790,1579,0,1.94245,40.003,202.051,389.775,6619.9,120.686,203.513,266.263,,,,,,,,
2018/DATA-20180705/p6440316.nc,644,6,316,990,410,200,300,1,0,310,0,2000,200,3,0,120,0,0.165156,0,0.00768844,0.0233288,0.0237675,0.0384469,0,2597.55,399.006,SciCon|PAM,7974,25.423,6276,55,magnetometer sbe41 contopt wlseaowl,66.12,13.4,94.229,13.33,0,1.53327e+09,14.0167,134.983,1.23831,274.677,2700.19,5598.61,7846.14,7846.14,7846.14,1254,785,785,785,1571,0,1.93676,39.969,196.436,390.021,6678.9,113.081,224.1,273.306,,,,,,,,
2018/DATA-20180705/p6440317.nc,644,6,317,990,410,200,300,1,0,310,0,2000,200,3,0,120,0,0.166549,0,0.00558827,0.0237069,0.0241121,0.038608,0,2635.2,410.306,SciCon|PAM,8066,25.384,6217,55,magnetometer sbe41 contopt wlseaowl,66.12,13.41,94.519,13.26,0,1.53327e+09,14.1167,136.417,1.20671,280.389,2843.01,5525.17,7940.07,7940.07,7940.07,1258,795,793,795,1590,0,1.95415,40.034,195.402,390.266,6686.54,121.667,207.332,278.998,,,,,,,,
2018/DATA-20180705/p6440318.nc,644,6,318,990,410,200,300,1,0,310,0,2000,200,3,0,120,0,0.167226,0,0.00613624,0.023643,0.0243514,0.0391474,0,2661.36,403.525,SciCon|PAM,8203,25.334,6300,55,magnetometer sbe41 contopt wlseaowl,66.12,13.4,94.81,13.3,0,1.53328e+09,14.2167,138.85,0.871252,280.807,2738.84,5628.95,8074.9,8074.9,8074.9,1278,808,807,808,1617,0,1.99541,39.966,198.845,389.53,6682.14,123.874,216.964,279.291,,,,,,,,
2018/DATA-20180705/p6440319.nc,644,6,319,990,410,200,300,1,0,310,0,2000,200,3,0,120,0,0.169235,0,0.00598613,0.0235497,0.0239443,0.0384295,0,2616.87,405.202,SciCon|PAM,8054,25.45,6281,55,magnetometer sbe41 contopt wlseaowl,66.12,13.43,95.099,13.27,0,1.53329e+09,14.1,136.35,0.627929,276.438,2848.81,5593.11,7926.51,7926.51,7926.51,1262,794,793,793,1587,0,1.95401,40.023,195.783,389.775,6662.61,139.573,235.195,274.895,,,,,,,,
2018/DATA-20180705/p6440320.nc,644,6,320,990,410,200,300,1,0,310,0,2000,200,3,0,120,0,0.163508,0,0.00564965,0.0235059,0.0238628,0.0382843,0,2607.95,401.443,SciCon|PAM,7926,25.427,6241,55,magnetometer sbe41 contopt wlseaowl,66.12,13.41,95.386,13.26,0,1.5333e+09,14.0833,134.167,0.845734,273.254,2838.95,5554.17,7798.22,7798.22,7798.22,1247,781,779,781,1561,0,1.9181,40.024,193.592,389.53,6589.27,117.742,259.355,271.239,,,,,,,,
2018/DATA-20180705/p6440321.nc,644,6,321,990,410,200,300,1,0,310,0,2000,200,3,0,120,0,0.167605,0,0.00604758,0.0231054,0.0237851,0.0384542,0,2599.47,395.482,SciCon|PAM,7901,25.383,6348,55,magnetometer sbe41 contopt wlseaowl,66.12,13.44,95.671,13.3,0,1.53331e+09,13.9833,133.783,1.30107,266.765,2760.8,5670.77,7779.29,7779.29,7779.29,1253,779,779,779,1556,0,1.91626,39.947,195.168,391.002,6557.81,143.253,241.502,264.953,,,,,,,,
2018/DATA-20180705/p6440322.nc,644,6,322,990,410,200,300,1,0,310,0,2000,200,3,0,120,0,0.171846,0,0.00700728,0.0233609,0.0232058,0.037203,0,2536.16,399.851,SciCon|PAM,7560,25.389,6121,55,magnetometer sbe41 contopt wlseaowl,66.12,13.45,95.953,13.29,0,1.53332e+09,14.4333,128,1.18108,265.053,2868.48,5439.29,7438.56,7438.56,7438.56,1192,745,744,745,1488,0,1.83305,36.694,193.845,390.266,6532.49,166.311,308.792,263.548,,,,,,,,
2018/DATA-20180705/p6440323.nc,644,6,323,990,410,200,300,1,0,310,0,2000,200,3,0,120,0,0.175032,0,0.00820035,0.0233621,0.0234294,0.0379024,0,2560.59,404.656,SciCon|PAM,7711,25.425,6308,55,magnetometer sbe41 contopt wlseaowl,66.12,13.44,96.237,13.31,0,1.53333e+09,13.9667,130.833,0.828454,263.072,2805.86,5619.07,7590.89,7590.89,7590.89,1222,760,760,760,1519,0,1.8588,39.982,195.241,390.021,6548.22,182.746,303.279,261.193,,,,,,,,
2018/DATA-20180705/p6440324.nc,644,6,324,990,410,200,300,1,0,310,0,2000,200,3,0,120,0,0.171576,0,0.00569531,0.0237424,0.0241339,0.0388506,0,2637.58,407.834,SciCon|PAM,8015,25.389,6459,55,magnetometer sbe41 contopt wlseaowl,66.12,13.43,96.526,13.29,0,1.53334e+09,14.0333,136.05,0.671959,268.028,2835.97,5773.17,7895.56,7895.56,7895.56,1271,790,789,790,1579,0,1.94635,39.951,197.799,389.039,6580.61,159.933,288.528,265.904,,,,,,,,
2018/DATA-20180705/p6440325.nc,644,6,325,990,410,200,300,1,0,310,0,2000,200,3,0,120,0,0.168494,0,0.00588945,0.0235857,0.0238522,0.0379393,0,2606.79,402.518,SciCon|PAM,7846,25.374,6244,55,magnetometer sbe41 contopt wlseaowl,66.12,13.43,96.812,13.27,0,1.53335e+09,14.5167,132.9,0.826219,269.919,2759.6,5547.9,7719.38,7719.38,7719.38,1240,774,772,773,1546,0,1.90067,39.964,191.026,389.775,6616.63,141.29,253.975,267.79,,,,,,,,
2018/DATA-20180705/p6440326.nc,644,6,326,990,410,200,300,1,0,310,0,2000,200,3,0,120,0,0.168844,0,0.00796236,0.0232391,0.0236581,0.0382396,0,2585.58,406.477,SciCon|PAM,7865,25.429,6290,55,magnetometer sbe41 contopt wlseaowl,66.12,13.41,97.098,13.38,0,1.53335e+09,14.2,133.017,1.11804,269.69,2828.4,5601.76,7738.03,7738.03,7738.03,1237,775,774,775,1550,0,1.90232,40.004,197.562,390.021,6625.06,141.045,247.041,267.89,,,,,,,,
2018/DATA-20180705/p6440327.nc,644,6,327,990,410,200,300,1,0,310,0,2000,200,3,0,120,0,0.164738,0,0.00625148,0.0234565,0.0237241,0.038149,0,2592.8,402.176,SciCon|PAM,7953,25.433,6119,55,magnetometer sbe41 contopt wlseaowl,66.12,13.42,97.386,13.29,0,1.53336e+09,13.9333,134.55,1.11144,280.24,2698.43,5433.33,7831.53,7831.53,7831.53,1235,784,783,784,1567,0,1.92834,39.978,194.197,389.775,6700.67,113.081,209.469,278.752,,,,,,,,
2018/DATA-20180705/p6440328.nc,644,6,328,990,410,200,300,1,0,310,0,2000,200,3,0,120,0,0.169246,0,0.00552435,0.0245014,0.024217,0.0383669,0,2646.67,429.551,SciCon|PAM,7999,25.377,6387,55,magnetometer sbe41 contopt wlseaowl,66.12,13.43,97.675,13.26,0,1.53337e+09,14.4167,135.483,0.835414,270.367,2855.22,5672.24,7875.19,7875.19,7875.19,1268,788,785,788,1576,0,1.93,39.92,191.337,390.021,6672.17,141.29,223.679,268.8,,,,,,,,
2018/DATA-20180705/p6440329.nc,644,6,329,990,410,200,300,1,0,310,0,2000,200,3,0,120,0,0.166122,0,0.00753598,0.0243911,0.0241692,0.0385636,0,2641.44,420.251,SciCon|PAM,8076,25.36,6276,55,magnetometer sbe41 contopt wlseaowl,66.12,13.4,97.967,13.22,0,1.53338e+09,14.6,136.5,0.469699,276.547,2830.15,5572.66,7948.59,7948.59,7948.59,1261,796,794,796,1591,0,1.95049,40.01,195.252,391.247,6753.22,113.572,199.127,274.848,,,,,,,,
2018/DATA-20180705/p6440330.nc,644,6,330,990,410,200,300,1,0,310,0,2000,200,3,0,120,0,0.164773,0,0.00787547,0.0251254,0.0246437,0.0392716,0,2693.3,437.27,SciCon|PAM,8244,25.36,6444,55,magnetometer sbe41 contopt wlseaowl,66.12,13.4,98.261,13.29,0,1.53339e+09,14.6833,139.383,0.644325,276.348,2899.78,5720.13,8119.46,8119.46,8119.46,1288,812,810,812,1624,0,1.9878,39.982,201.216,390.511,6738.87,108.176,189.459,274.844,,,,,,,,
2018/DATA-20180705/p6440331.nc,644,6,331,990,410,200,300,1,0,310,0,2000,200,3,0,120,0,0.167018,0,0.00702405,0.0238136,0.024904,0.0399965,0,2721.74,407.62,SciCon|PAM,8475,25.463,6450,55,magnetometer sbe41 contopt wlseaowl,66.12,13.38,98.557,13.23,0,1.5334e+09,14.3667,143.367,1.08074,286.111,2890.77,5747.74,8347.05,8347.05,8347.05,1317,836,834,836,1671,0,2.03947,39.972,201.076,389.775,6781.28,112.1,188.638,284.742,,,,,,,,
2018/DATA-20180705/p6440332.nc,644,6,332,990,410,200,300,1,0,310,0,2000,200,3,0,120,0,0.174212,0,0.00611398,0.0243294,0.0239287,0.0385355,0,2615.16,414.257,SciCon|PAM,7958,25.465,6224,55,magnetometer sbe41 contopt wlseaowl,66.12,13.4,98.849,13.32,0,1.53341e+09,14.3333,134.667,1.05726,278.936,2773.63,5523.99,7825.59,7825.59,7825.59,1245,784,781,783,1567,0,1.92062,39.976,195.861,391.738,6744.74,150.121,261.954,277.091,,,,,,,,
2018/DATA-20180705/p6440333.nc,644,6,333,990,410,200,300,1,0,310,0,2000,200,3,0,120,0,0.180792,0,0.0055569,0.0241008,0.0243354,0.0392186,0,2659.61,414.251,SciCon|PAM,8329,25.439,6223,55,magnetometer sbe41 contopt wlseaowl,66.12,13.39,99.146,13.28,0,1.53342e+09,14.2833,140.967,0.692102,287.076,2791.72,5522.57,8206.34,8206.34,8206.34,1282,822,821,821,1642,0,2.02168,39.949,196.743,390.511,6810.23,172.443,311.937,285.894,,,,,,,,
2018/DATA-20180705/p6440334.nc,644,6,334,990,410,200,300,1,0,310,0,2000,200,3,0,120,0,0.176354,0,0.00641223,0.0237313,0.025538,0.0412909,0,2791.03,404.19,SciCon|PAM,8958,24.929,6400,55,magnetometer sbe41 contopt wlseaowl,66.12,13.38,99.45,13.2,0,1.53343e+09,14.1833,151.317,0.651295,304.839,2816.66,5710.76,8532.58,8832.98,8832.98,1360,862,861,862,1768,0,2.18513,43.25,209.256,389.53,6896.64,139.819,240.733,302.954,,,,,,,,
2018/DATA-20180705/p6440335.nc,644,6,335,990,410,200,300,1,0,310,0,2000,200,3,0,120,0,0.173238,0,0.0068453,0.0246452,0.0262946,0.042606,0,2873.72,419.943,SciCon|PAM,9195,24.898,6618,55,magnetometer sbe41 contopt wlseaowl,66.12,13.39,99.758,13.34,0,1.53344e+09,14.55,155.3,1.09905,305.525,2916.05,5919.69,8744,9063.39,9063.39,1398,883,881,883,1814,0,2.22982,43.311,217.586,389.775,6869.65,128.535,242.37,303.302,,,,,,,,
2018/DATA-20180705/p6440336.nc,644,6,336,990,410,200,300,1,0,310,0,2000,200,3,0,120,0,0.164076,0.000506302,0.0065663,0.0265661,0.026357,0.0419602,0,2880.55,457.52,SciCon|PAM,9217,24.554,6440,55,magnetometer sbe41 contopt wlseaowl,66.12,13.38,100.066,13.26,0,1.53345e+09,15.3833,154.75,1.53607,313.028,2910.39,5689.24,8532.08,9081.4,9081.4,1381,871,869,870,1817,0,2.20635,43.258,212.891,390.021,6919.29,84.3818,131.425,311.443,,,,,,,,
2018/DATA-20180705/p6440337.nc,644,6,337,990,410,200,300,1,0,310,0,2000,200,3,0,120,0,0.17527,0,0.00722548,0.0272708,0.025905,0.0413447,0,2831.15,469.09,SciCon|PAM,8824,25.063,6377,55,magnetometer sbe41 contopt wlseaowl,66.12,13.38,100.373,13.23,0,1.53346e+09,15.4667,149,1.41463,301.236,2808.76,5616.05,8547.99,8686.74,8686.74,1331,855,853,855,1739,0,2.14663,43.334,213.023,389.775,6869.18,140.064,226.444,300.349,,,,,,,,
2018/DATA-20180705/p6440338.nc,644,6,338,990,410,200,300,1,0,310,0,2000,200,3,0,120,0,0.170633,0,0.013457,0.0250477,0.0256469,0.0414954,0,2802.94,427.917,SciCon|PAM,8965,24.895,6341,55,magnetometer sbe41 contopt wlseaowl,66.12,13.38,100.678,13.2,0,1.53347e+09,14.6667,151.333,1.03619,304.321,2728.14,5628.25,8549.66,8833.31,8833.31,1348,865,864,864,1768,0,2.18426,43.319,213.027,389.53,6866.75,118.233,207.205,302.457,,,,,,,,
2018/DATA-20180705/p6440339.nc,644,6,339,990,410,200,300,1,0,310,0,2000,200,3,0,120,0,0.167391,0,0.0082399,0.0266506,0.0254412,0.0407189,0,2780.46,458.647,SciCon|PAM,8674,25.41,6387,55,magnetometer sbe41 contopt wlseaowl,66.12,13.39,100.981,13.25,0,1.53348e+09,15.25,146.55,0.980805,295.882,2828.85,5649.01,8539.41,8539.41,8539.41,1320,857,853,854,1710,0,2.09898,43.251,209.277,390.021,6778.87,115.534,202.008,293.65,,,,,,,,
2018/DATA-20180705/p6440340.nc,644,6,340,990,410,200,300,1,0,310,0,2000,200,3,0,120,0,0.167707,0,0.0060918,0.0253368,0.0258207,0.0414403,0,2821.93,436.853,SciCon|PAM,9066,24.799,6321,55,magnetometer sbe41 contopt wlseaowl,66.12,13.4,101.285,13.26,0,1.53349e+09,14.85,153.15,1.40602,307.296,2739.26,5595.82,8560.18,8932.46,8932.46,1359,868,867,866,1788,0,2.21176,43.371,209.681,389.039,6837.71,110.628,219.618,305.75,,,,,,,,
2018/DATA-20180705/p6440341.nc,644,6,341,990,410,200,300,1,0,310,0,2000,200,3,0,120,0,0.182658,0,0.00721915,0.0253254,0.026776,0.0431551,0,2926.34,432.117,SciCon|PAM,9456,24.498,6542,55,magnetometer sbe41 contopt wlseaowl,66.12,13.38,101.597,13.22,0,1.5335e+09,14.85,159.65,1.53746,315.346,2952.73,5820.9,8731.36,9324.43,9324.43,1419,891,889,891,1866,0,2.28369,46.63,216.06,389.285,6882.74,171.462,287.701,312.852,,,,,,,,
2018/DATA-20180705/p6440342.nc,644,6,342,990,410,200,300,1,0,310,0,2000,200,3,0,120,0,0.165959,0,0.00552433,0.0263062,0.0259713,0.0412565,0,2838.39,451.985,SciCon|PAM,8827,25.398,6490,55,magnetometer sbe41 contopt wlseaowl,66.12,13.4,101.9,13.24,0,1.53351e+09,15.3,148.9,1.16906,293.962,2892.84,5748.77,8690.16,8690.16,8690.16,1353,870,869,869,1739,0,2.1322,43.297,206.976,389.775,6758.98,110.874,192.599,292.849,,,,,,,,
2018/DATA-20180705/p6440343.nc,644,6,343,990,410,200,300,1,0,310,0,2000,200,3,0,120,0,0.177397,0,0.00786944,0.0240352,0.0253486,0.0409689,0,2770.34,410.396,SciCon|PAM,8862,25.416,6390,55,magnetometer sbe41 contopt wlseaowl,66.12,13.4,102.204,13.26,0,1.53352e+09,14.45,149.55,0.927378,296.628,2817.87,5691,8732.08,8732.08,8732.08,1347,875,873,873,1749,0,2.15048,43.251,208.433,390.021,6822.9,155.272,287.985,294.897,,,,,,,,
2018/DATA-20180705/p6440344.nc,644,6,344,990,410,200,300,1,0,310,0,2000,200,3,0,120,0,0.166045,0,0.00805759,0.0254726,0.0256256,0.0400708,0,2800.61,439.842,SciCon|PAM,8444,25.423,6419,55,magnetometer sbe41 contopt wlseaowl,66.12,13.4,102.503,13.27,0,1.53353e+09,15.8,142.667,1.07807,287.314,2861.54,5662.44,8310.09,8310.09,8310.09,1301,832,831,832,1663,0,2.02625,39.969,204.678,389.775,6783.19,110.383,179.962,285.748,,,,,,,,
2018/DATA-20180705/p6440345.nc,644,6,345,990,410,200,300,1,0,310,0,2000,200,3,0,120,0,0.162407,0.000346242,0.0148557,0.0242703,0.0249056,0.0402318,0,2721.92,416.381,SciCon|PAM,8515,25.508,6401,55,magnetometer sbe41 contopt wlseaowl,66.12,13.4,102.801,13.25,0,1.53354e+09,14.4333,143.1,1.40555,289.195,2850.25,5701.65,8381.6,8381.6,8381.6,1311,840,839,839,1679,0,2.0391,43.367,207.02,390.021,6820.75,90.5142,140.163,287.3,,,,,,,,
2018/DATA-20180705/p6440346.nc,644,6,346,990,410,200,300,1,0,310,0,2000,200,3,0,120,0,0.176845,0,0.00896999,0.0250877,0.0249944,0.0399722,0,2731.63,434.805,SciCon|PAM,8407,25.361,6385,55,magnetometer sbe41 contopt wlseaowl,66.12,13.4,103.099,13.28,0,1.53355e+09,14.75,142.233,1.15168,284.418,2841.5,5663.12,8278.74,8278.74,8278.74,1297,828,828,828,1656,0,2.00733,39.979,203.925,390.266,6790.3,159.197,249.388,282.945,,,,,,,,
2018/DATA-20180705/p6440347.nc,644,6,347,990,410,200,300,1,0,310,0,2000,200,3,0,120,0,0.181166,0,0.0078857,0.0257801,0.024956,0.0402105,0,2727.43,443.467,SciCon|PAM,8435,25.454,6427,55,magnetometer sbe41 contopt wlseaowl,66.12,13.38,103.401,13.3,0,1.53356e+09,14.8667,142.65,0.826841,284.368,2858.67,5697.88,8300.61,8300.61,8300.61,1303,831,827,831,1662,0,2.04083,40.03,204.112,389.53,6813.8,175.877,292.327,282.753,,,,,,,,
2018/DATA-20180705/p6440348.nc,644,6,348,990,410,200,300,1,0,310,0,2000,200,3,0,120,0,0.172812,0,0.00608232,0.0252736,0.0251042,0.0398232,0,2743.62,440.742,SciCon|PAM,8417,25.384,6437,55,magnetometer sbe41 contopt wlseaowl,66.12,13.38,103.699,13.24,0,1.53357e+09,14.8667,142.133,0.58769,282.716,2871.3,5703.28,8285.47,8285.47,8285.47,1306,830,829,830,1659,0,2.02482,39.947,201.521,389.285,6785.87,137.12,229.14,281.148,,,,,,,,
2018/DATA-20180705/p6440349.nc,644,6,349,990,410,200,300,1,0,310,0,2000,200,3,0,120,0,0.183997,0,0.00698914,0.0272824,0.0256459,0.040531,0,2802.83,473.351,SciCon|PAM,8529,25.435,6518,55,magnetometer sbe41 contopt wlseaowl,66.12,13.38,104.005,13.27,0,1.53357e+09,15.3833,144.217,1.03667,287.841,2861.18,5753.7,8400.23,8400.23,8400.23,1318,841,840,841,1680,0,2.04831,43.289,205.462,390.021,6873.97,180.783,295.351,286.046,,,,,,,,
2018/DATA-20180705/p6440350.nc,644,6,350,990,410,200,300,1,0,310,0,2000,200,3,0,120,0,0.171984,0,0.00769042,0.0241696,0.0248301,0.0401878,0,2713.67,414.428,SciCon|PAM,8490,25.431,6285,55,magnetometer sbe41 contopt wlseaowl,66.12,13.38,104.305,13.2,0,1.53358e+09,14.5167,143.383,1.24374,292.359,2849.49,5584.43,8356.41,8356.41,8356.41,1301,837,836,837,1673,0,2.04839,40,204.371,389.53,6866.16,123.874,228.932,290.747,,,,,,,,
2018/DATA-20180705/p6440351.nc,644,6,351,990,410,200,300,1,0,310,0,2000,200,3,0,120,0,0.169844,0,0.0081894,0.0242755,0.0256926,0.0415682,0,2807.94,414.39,SciCon|PAM,8981,25.064,6390,55,magnetometer sbe41 contopt wlseaowl,66.12,13.37,104.61,13.22,0,1.53359e+09,14.45,151.633,1.12135,301.951,2904.7,5687.65,8669.17,8850.32,8850.32,1358,869,869,869,1771,0,2.17145,43.24,212.23,389.285,6922.14,108.176,193.079,300.658,,,,,,,,
2018/DATA-20180705/p6440352.nc,644,6,352,990,410,200,300,1,0,310,0,2000,200,3,0,120,0,0.169227,0,0.00838663,0.0259153,0.0260234,0.041539,0,2844.09,446.422,SciCon|PAM,8846,25.459,6479,55,magnetometer sbe41 contopt wlseaowl,66.12,13.37,104.918,13.23,0,1.5336e+09,15.1667,149.317,0.71673,295.593,2863.47,5739.68,8714.44,8714.44,8714.44,1348,872,871,872,1744,0,2.14156,43.266,213.576,389.285,6897.34,107.44,229.16,293.648,,,,,,,,
2018/DATA-20180705/p6440353.nc,644,6,353,990,410,200,300,1,0,310,0,2000,200,3,0,120,0,0.177379,0,0.00621527,0.0242676,0.0258009,0.0418123,0,2819.77,413.832,SciCon|PAM,9069,24.87,6425,55,magnetometer sbe41 contopt wlseaowl,66.12,13.35,105.226,13.24,0,1.53361e+09,14.5167,153.017,0.827867,305.832,2934.96,5724.03,8611.05,8936.75,8936.75,1371,870,870,870,1788,0,2.19752,43.314,211.689,390.266,6934.03,139.819,256.636,303.948,,,,,,,,
2018/DATA-20180705/p6440354.nc,644,6,354,990,410,200,300,1,0,310,0,2000,200,3,0,120,0,0.17657,0,0.00582439,0.026142,0.0262842,0.0416389,0,2872.59,448.704,SciCon|PAM,9122,24.58,6344,55,magnetometer sbe41 contopt wlseaowl,66.12,13.34,105.536,13.21,0,1.53362e+09,15.4,154,1.2431,312.678,2803.23,5606.64,8460.2,8989.33,8989.33,1365,863,861,863,1798,0,2.20679,43.324,212.046,389.039,6964.66,136.139,255.068,310.746,,,,,,,,
2018/DATA-20180705/p6440355.nc,644,6,355,990,410,200,300,1,0,310,0,2000,200,3,0,120,0,0.178675,0,0.0068909,0.0261576,0.0269191,0.0432301,0,2941.97,451.78,SciCon|PAM,9541,24.23,6501,55,magnetometer sbe41 contopt wlseaowl,66.12,13.33,105.854,13.21,0,1.53363e+09,15.25,160.8,1.30091,321.633,2821.65,5758.81,8607.06,9405.48,9405.48,1416,886,885,886,1882,0,2.31496,43.309,221.503,389.775,7126.08,121.422,237.374,320.248,,,,,,,,
2018/DATA-20180705/p6440356.nc,644,6,356,990,410,200,300,1,0,310,0,2000,200,3,0,120,0,0.183457,0,0.00847061,0.0264365,0.0265614,0.0432274,0,2902.88,456.333,SciCon|PAM,9143,24.915,6647,55,magnetometer sbe41 contopt wlseaowl,66.12,13.36,106.168,13.24,0,1.53364e+09,15.4333,155.45,0.84612,305.513,2916.07,5833.42,8687.56,9003.65,9003.65,1382,877,877,877,1802,0,2.20708,43.32,218.039,388.794,6962.76,162.386,280.594,303.866,,,,,,,,
2018/DATA-20180705/p6440357.nc,644,6,357,990,410,200,300,1,0,310,0,2000,200,3,0,120,0,0.173457,0,0.00634701,0.0253448,0.0259885,0.0416689,0,2840.28,433.406,SciCon|PAM,9111,24.693,6410,55,magnetometer sbe41 contopt wlseaowl,66.12,13.35,106.476,13.2,0,1.53365e+09,15.1167,153.85,0.725979,308.687,2867.06,5671.27,8560.71,8975.73,8975.73,1371,868,867,867,1796,0,2.18945,43.327,211.272,389.53,6973.07,116.27,218.459,306.9,,,,,,,,
2018/DATA-20180705/p6440358.nc,644,6,358,990,410,200,300,1,0,310,0,2000,200,3,0,120,0,0.174412,0,0.00655352,0.0252794,0.0265384,0.0423865,0,2900.38,431.442,SciCon|PAM,9249,24.654,6478,55,magnetometer sbe41 contopt wlseaowl,66.12,13.35,106.788,13.2,0,1.53366e+09,14.85,156.2,1.37685,311.752,2809.5,5754.51,8596.91,9115.34,9115.34,1392,877,875,876,1824,0,2.25719,43.317,214.511,389.775,6986.92,119.214,235.939,310.205,,,,,,,,
2018/DATA-20180705/p6440359.nc,644,6,359,990,410,200,300,1,0,310,0,2000,200,3,0,120,0,0.174129,0,0.00598659,0.0261498,0.0261828,0.0419939,0,2861.51,449.107,SciCon|PAM,9228,24.585,6355,55,magnetometer sbe41 contopt wlseaowl,66.12,13.34,107.099,13.21,0,1.53367e+09,15.1667,155.783,1.54268,314.309,2802.84,5612.84,8512.17,9092.5,9092.5,1375,869,863,869,1820,0,2.23777,43.399,213.132,389.775,7014.64,114.799,223.384,312.452,,,,,,,,
2018/DATA-20180705/p6440360.nc,644,6,360,990,410,200,300,1,0,310,0,2000,200,3,0,120,0,0.174192,0,0.00577224,0.0266911,0.0263697,0.0421413,0,2881.93,460.088,SciCon|PAM,9202,24.721,6454,55,magnetometer sbe41 contopt wlseaowl,66.12,13.33,107.411,13.23,0,1.53369e+09,15.4833,155.167,1.83775,310.906,2832.31,5698,8588.09,9065.96,9065.96,1380,874,873,874,1814,0,2.22636,43.35,213.033,390.021,6984.87,120.195,207.356,309.061,,,,,,,,
2018/DATA-20180705/p6440361.nc,644,6,361,990,410,200,300,1,0,310,0,2000,200,3,0,120,0,0.16864,0,0.00802647,0.0292673,0.0255103,0.0399615,0,2788.01,519.507,SciCon|PAM,8325,25.344,6517,55,magnetometer sbe41 contopt wlseaowl,66.12,13.37,107.714,13.22,0,1.5337e+09,17.65,140.7,2.02277,283.959,2775.2,5625.88,8191.7,8191.7,8191.7,1287,820,818,820,1640,0,1.99606,40.024,204.14,390.021,6817.98,113.327,213.379,282.196,,,,,,,,
2018/DATA-20180705/p6440362.nc,644,6,362,990,410,200,300,1,0,310,0,2000,200,3,0,120,0,0.170728,0,0.00514452,0.0289675,0.0252061,0.0391723,0,2754.76,513.038,SciCon|PAM,8142,25.419,6462,55,magnetometer sbe41 contopt wlseaowl,66.12,13.37,108.014,13.24,0,1.53371e+09,17.3333,137.767,1.70086,278.526,2749.78,5581.83,8013.03,8013.03,8013.03,1271,802,802,802,1603,0,1.95815,39.969,194.399,389.775,6821.93,125.592,217.688,276.548,,,,,,,,
2018/DATA-20180705/p6440363.nc,644,6,363,990,410,200,300,1,0,310,0,2000,200,3,0,120,0,0.175774,0,0.00727312,0.0236022,0.0233517,0.0375201,0,2552.1,404.202,SciCon|PAM,7644,25.411,6253,55,magnetometer sbe41 contopt wlseaowl,66.12,13.39,108.302,13.23,0,1.53371e+09,14.2833,129.517,1.44092,263.777,2751.17,5553.94,7517.34,7517.34,7517.34,1214,753,753,753,1505,0,1.82522,36.698,189.542,390.511,6764.99,151.102,266.331,262.147,,,,,,,,
2018/DATA-20180705/p6440364.nc,644,6,364,990,410,200,300,1,0,310,0,2000,200,3,0,120,0,0.174035,0,0.00566204,0.023185,0.0235066,0.0377505,0,2569.03,397.756,SciCon|PAM,7689,25.469,6440,55,magnetometer sbe41 contopt wlseaowl,66.12,13.4,108.588,13.23,0,1.53372e+09,14.0167,130.267,1.5559,256.352,2897.08,5757,7569.11,7569.11,7569.11,1240,758,757,757,1515,0,1.82931,39.975,188.873,389.775,6700.2,153.31,282.102,254.845,,,,,,,,
2018/DATA-20180705/p6440365.nc,644,6,365,990,410,200,300,1,0,310,0,2000,200,3,0,120,0,0.170005,0,0.00496438,0.0233744,0.0233057,0.0371196,0,2547.07,399.021,SciCon|PAM,7584,25.444,6337,55,magnetometer sbe41 contopt wlseaowl,66.12,13.39,108.874,13.24,0,1.53373e+09,14.0333,128.683,1.62628,257.885,2868.92,5649.22,7463.92,7463.92,7463.92,1223,748,744,747,1494,0,1.80244,40.038,184.919,390.511,6774.98,126.082,227.875,256.147,,,,,,,,
2018/DATA-20180705/p6440366.nc,644,6,366,990,410,150,200,1,0,310,0,2000,200,1,0,120,0,0.13388,0,0.00574036,0.0228017,0.0247801,0.0399818,0,2708.2,391.63,SciCon|PAM,8157,25.387,3898,55,magnetometer sbe41 contopt wlseaowl,66.12,13.44,109.132,13.4,0,1.53374e+09,13.8667,137.833,1.57464,249.107,3130.31,6340.69,8030.21,8030.21,8030.21,1339,804,802,804,1608,0,1.67736,43.319,204.387,292.393,5086,125.101,215.946,248.259,,,,,,,,
2018/DATA-20180705/p6440367.nc,644,6,367,990,410,150,200,1,0,310,0,2000,200,1,0,120,0,0.133284,0,0.00470711,0.0288605,0.0245091,0.0371972,0,2678.59,515.518,SciCon|PAM,7526,25.357,3845,55,magnetometer sbe41 contopt wlseaowl,66.12,13.44,109.388,13.23,0,1.53375e+09,17.0833,127.317,1.24192,239.979,3003.02,6034.81,7392.87,7392.87,7392.87,1256,741,739,740,1481,0,1.54721,39.98,187.882,293.374,5048.07,128.045,234.327,238.89,,,,,,,,
2018/DATA-20180705/p6440368.nc,644,6,368,990,410,150,200,1,0,310,0,2000,200,1,0,120,0,0.142347,0,0.005917,0.0288618,0.0246235,0.0381309,0,2691.1,529.229,SciCon|PAM,7606,25.495,3945,55,magnetometer sbe41 contopt wlseaowl,66.12,13.42,109.648,13.38,0,1.53376e+09,16.6667,128.733,0.902731,237.531,3069.21,6166.53,7482.48,7482.48,7482.48,1268,750,747,750,1498,0,1.57716,39.989,198.082,293.129,5062.44,173.915,316.794,236.593,,,,,,,,
2018/DATA-20180705/p6440369.nc,644,6,369,990,410,150,200,1,0,310,0,2000,200,1,0,120,0,0.150914,0,0.0057946,0.0226129,0.0233171,0.0379433,0,2548.32,389.6,SciCon|PAM,7630,25.441,3807,55,magnetometer sbe41 contopt wlseaowl,66.12,13.46,109.902,13.21,0,1.53377e+09,13.2167,128.983,1.09122,242.01,3004.23,6077.57,7502.47,7502.47,7502.47,1262,753,750,752,1502,0,1.60591,40.012,195.227,292.148,5080.03,175.141,435.85,241.205,,,,,,,,
2018/DATA-20180705/p6440370.nc,644,6,370,990,410,150,200,1,0,310,0,2000,200,1,0,120,0,0.13889,0,0.00605059,0.0232149,0.0239393,0.0382446,0,2616.32,400.374,SciCon|PAM,7792,25.381,3666,55,magnetometer sbe41 contopt wlseaowl,66.12,13.45,110.157,13.27,0,1.53377e+09,13.45,131.85,1.19841,244.339,3108.9,6116.71,7671.55,7671.55,7671.55,1285,768,765,768,1535,0,1.59474,40.017,196.514,293.129,5069.41,151.593,273.56,243.549,,,,,,,,
2018/DATA-20180705/p6440371.nc,644,6,371,990,410,150,200,1,0,310,0,2000,200,1,0,120,0,0.144528,0,0.0070586,0.0230009,0.0236562,0.0381939,0,2585.38,394.468,SciCon|PAM,7747,25.447,3739,55,magnetometer sbe41 contopt wlseaowl,66.12,13.45,110.411,13.4,0,1.53378e+09,13.2,131.033,1.76744,243.285,3050.65,6139.66,7620.86,7620.86,7620.86,1283,763,761,763,1526,0,1.61364,39.959,195.969,292.638,5055.24,177.104,339.669,242.351,,,,,,,,
2018/DATA-20180705/p6440372.nc,644,6,372,990,410,150,200,1,0,310,0,2000,200,1,0,120,0,0.124931,0,0.00461515,0.0240327,0.0237458,0.0377517,0,2595.16,417.323,SciCon|PAM,7698,25.469,3700,55,magnetometer sbe41 contopt wlseaowl,66.12,13.44,110.662,13.32,0,1.53379e+09,13.6167,130.433,1.47021,242.16,3110.36,6144.73,7571.68,7571.68,7571.68,1281,759,758,759,1516,0,1.58164,40.036,191.131,293.374,5053.14,89.7783,197.635,241.297,,,,,,,,
2018/DATA-20180705/p6440373.nc,644,6,373,990,410,150,200,1,0,310,0,2000,200,1,0,120,0,0.150038,0,0.005462,0.0229888,0.0239583,0.0383151,0,2618.4,393.278,SciCon|PAM,7794,25.4,3754,55,magnetometer sbe41 contopt wlseaowl,66.12,13.44,110.918,13.41,0,1.5338e+09,13.8,131.7,1.28327,243.494,3050.17,6147.54,7666.72,7666.72,7666.72,1286,768,766,767,1535,0,1.62243,39.976,196.646,292.638,5049.9,208.502,372.5,242.593,,,,,,,,
2018/DATA-20180705/p6440374.nc,644,6,374,990,410,150,200,1,0,310,0,2000,200,1,0,120,0,0.142141,0,0.00504313,0.0266638,0.0249279,0.0387372,0,2724.36,460.929,SciCon|PAM,7870,25.427,3787,55,magnetometer sbe41 contopt wlseaowl,66.12,13.44,111.177,13.19,0,1.53381e+09,14.4333,133.383,1.29618,244.3,3138.22,6209.82,7746.3,7746.3,7746.3,1304,775,772,775,1550,0,1.63113,39.96,195.486,293.129,5021.45,163.858,330.985,243.248,,,,,,,,
2018/DATA-20180705/p6440375.nc,644,6,375,990,410,150,200,1,0,310,0,2000,200,1,0,120,0,0.140049,0,0.00595246,0.0251327,0.0242948,0.0385009,0,2655.17,435.589,SciCon|PAM,7715,25.417,3901,55,magnetometer sbe41 contopt wlseaowl,66.12,13.45,111.456,13.38,0,1.53382e+09,14.2167,130.717,1.19292,238.01,3022.03,6243.29,7586.94,7586.94,7586.94,1287,760,758,760,1519,0,1.64444,40.036,197.936,292.638,5003.43,85.8536,1442.5,237.151,,,,,,,,
2018/DATA-20180705/p6440376.nc,644,6,376,990,410,150,200,1,0,310,0,2000,200,1,0,120,0,0.131988,0,0.00621551,0.0257793,0.0242842,0.0384194,0,2654.01,444.255,SciCon|PAM,7823,25.402,3814,55,magnetometer sbe41 contopt wlseaowl,66.12,13.43,111.713,13.36,0,1.53383e+09,14.1333,132.15,1.34446,245.206,3073.8,6135.01,7700.41,7700.41,7700.41,1288,770,769,770,1541,0,1.64097,40.017,198.014,293.619,5042.41,94.1937,286.231,244.346,,,,,,,,
2018/DATA-20180705/p6440377.nc,644,6,377,990,410,150,200,1,0,310,0,2000,200,1,0,120,0,0.153272,0,0.00858763,0.0268506,0.0239207,0.0377099,0,2614.29,461.819,SciCon|PAM,7604,25.44,3751,55,magnetometer sbe41 contopt wlseaowl,66.12,13.45,111.972,13.19,0,1.53384e+09,14.8833,128.5,1.58279,242.12,2937.06,6021.63,7477.29,7477.29,7477.29,1255,749,749,749,1497,0,1.60148,39.942,194.354,292.393,5004.36,186.67,475.408,241.047,,,,,,,,
2018/DATA-20180705/p6440378.nc,644,6,378,990,410,150,200,1,0,310,0,2000,200,1,0,120,0,0.144042,0,0.00663929,0.0247477,0.0244327,0.0394952,0,2670.24,429.67,SciCon|PAM,8158,25.466,3777,55,magnetometer sbe41 contopt wlseaowl,66.12,13.46,112.234,13.42,0,1.53384e+09,13.85,137.7,1.8715,257.399,3027.41,6083.99,8028.22,8028.22,8028.22,1313,804,804,804,1607,0,1.70859,43.339,204.708,291.902,5075.06,175.141,358.015,256.762,,,,,,,,
2018/DATA-20180705/p6440379.nc,644,6,379,990,410,150,200,1,0,310,0,2000,200,1,0,120,0,0.125274,0,0.00564709,0.0258995,0.0248849,0.0401952,0,2719.66,441.392,SciCon|PAM,8133,25.451,3901,55,magnetometer sbe41 contopt wlseaowl,66.12,13.43,112.494,13.39,0,1.53385e+09,14.2667,138.183,1.6197,247.127,3224.81,6374.55,7999.89,7999.89,7999.89,1340,802,799,801,1603,0,1.677,43.264,202.351,294.355,5020.31,94.439,194.896,246.238,,,,,,,,
2018/DATA-20180705/p6440380.nc,644,6,380,990,410,150,200,1,0,310,0,2000,200,1,0,120,0,0.124129,0,0.00594128,0.0264062,0.0243228,0.0384114,0,2658.23,456.42,SciCon|PAM,7832,25.394,3766,55,magnetometer sbe41 contopt wlseaowl,66.12,13.47,112.749,13.42,0,1.53386e+09,14.4333,132.467,1.40413,241.891,3128.84,6239.87,7699.78,7699.78,7699.78,1299,772,772,771,1542,0,1.61983,39.981,198.575,292.883,5004.62,85.8536,208.972,241.103,,,,,,,,
2018/DATA-20180705/p6440381.nc,644,6,381,990,410,150,200,1,0,310,0,2000,200,1,0,120,0,0.123137,0,0.00618942,0.0259053,0.0246063,0.038966,0,2689.21,447.004,SciCon|PAM,7962,25.473,3781,55,magnetometer sbe41 contopt wlseaowl,66.12,13.42,113.006,13.33,0,1.53387e+09,14.2667,134.633,1.47805,250.431,3045.75,6160.05,7837.32,7837.32,7837.32,1303,784,781,784,1568,0,1.64158,39.92,201.899,293.129,5014.02,86.3442,177.361,249.539,,,,,,,,
2018/DATA-20180705/p6440382.nc,644,6,382,990,410,150,200,1,0,310,0,2000,200,1,0,120,0,0.128148,0,0.00660146,0.0259375,0.0248588,0.0397006,0,2716.81,442.528,SciCon|PAM,8148,25.408,3796,55,magnetometer sbe41 contopt wlseaowl,66.12,13.41,113.266,13.34,0,1.53388e+09,14.1833,137.85,1.50232,252.641,3090.33,6243.81,8023,8023,8023,1327,803,803,803,1606,0,1.68244,43.305,206.312,293.129,4995,110.138,227.73,251.949,,,,,,,,
2018/DATA-20180705/p6440383.nc,644,6,383,990,410,150,200,1,0,310,0,2000,200,1,0,120,0,0.126815,0,0.00674091,0.0254574,0.025242,0.0405548,0,2758.69,435.613,SciCon|PAM,8566,25.444,3788,55,magnetometer sbe41 contopt wlseaowl,66.12,13.43,113.531,13.35,0,1.53389e+09,14.0667,144.65,1.38726,265.868,3107.54,6244.11,8440.44,8440.44,8440.44,1370,845,844,844,1689,0,1.77718,43.313,212.155,292.393,5078.12,88.7972,215.301,265.094,,,,,,,,
2018/DATA-20180705/p6440384.nc,644,6,384,990,410,150,200,1,0,310,0,2000,200,1,0,120,0,0.149526,0,0.00584993,0.0293505,0.0255348,0.0409417,0,2790.69,504.942,SciCon|PAM,8589,25.388,3876,55,magnetometer sbe41 contopt wlseaowl,66.12,13.4,113.817,13.21,0,1.5339e+09,15.3,144.95,1.28956,272.895,3014.44,6035.8,8455.36,8455.36,8455.36,1355,846,845,846,1692,0,1.80268,43.316,207.193,293.129,5108.64,166.311,1016.97,272.005,,,,,,,,
2018/DATA-20180705/p6440385.nc,644,6,385,990,410,150,200,1,0,310,0,2000,200,1,0,120,0,0.131416,0,0.00620498,0.026818,0.0270403,0.0411728,0,2955.22,473.185,SciCon|PAM,8865,25.394,4018,55,magnetometer sbe41 contopt wlseaowl,66.12,13.43,114.09,13.39,0,1.53391e+09,14.7667,149.45,1.42474,277.005,3060.16,6288.06,8729.09,8729.09,8729.09,1385,875,872,874,1748,0,1.85233,43.278,212.436,292.638,5114.96,87.3254,254.209,276.361,,,,,,,,
2018/DATA-20180705/p6440386.nc,644,6,386,990,410,150,200,1,0,310,0,2000,200,1,0,120,0,0.124498,0,0.00608604,0.0267816,0.0294438,0.0417059,0,3217.9,459.746,SciCon|PAM,9060,25.389,1036,55,magnetometer sbe41 contopt wlseaowl,66.12,13.43,114.363,13.34,0,1.53392e+09,16.1333,153.85,1.7054,271.033,3159.27,6326.04,8721.59,8721.59,8721.59,1407,895,892,894,1786,0,1.8293,43.365,214.537,292.883,5072.24,85.6083,156.619,270.147,,,,,,,,
2018/DATA-20180705/p6440387.nc,644,6,387,990,410,150,200,1,0,310,0,2000,200,1,0,120,0,0.12897,0,0.00621704,0.0377268,0.0305533,0.0417844,0,3339.16,631.851,SciCon|PAM,8912,25.5,1241,55,magnetometer sbe41 contopt wlseaowl,66.12,13.47,114.65,13.42,0,1.53393e+09,20.6333,151.533,1.77523,266.833,3140.95,6259.92,8571.31,8571.31,8571.31,1386,878,874,878,1756,0,1.81763,43.292,215.041,291.657,5040.85,109.647,229.075,265.905,,,,,,,,
2018/DATA-20180705/p6440388.nc,644,6,388,990,410,150,200,1,0,310,0,2000,200,1,0,120,0,0.160517,0,0.0057297,0.0361866,0.0272856,0.0419476,0,2982.03,606.543,SciCon|PAM,8870,25.435,4051,55,magnetometer sbe41 contopt wlseaowl,66.12,13.44,114.957,13.16,0,1.53394e+09,18.4167,150,1.87997,281.751,3068.49,6095.39,8730.7,8730.7,8730.7,1386,874,871,873,1748,0,1.87045,43.288,213.059,291.657,5101.73,168.273,1456.71,281.014,,,,,,,,
2018/DATA-20180705/p6440389.nc,644,6,389,990,410,150,200,1,0,310,0,2000,200,1,0,120,0,0.130123,0,0.00991831,0.0395641,0.0298034,0.0450502,0,3257.2,720.234,SciCon|PAM,9723,25.099,4405,55,magnetometer sbe41 contopt wlseaowl,66.12,13.26,115.256,13.37,0,1.53395e+09,22.2,165,1.88731,302.082,3079.41,6225.98,9389.13,9586.66,9586.66,1480,943,942,943,1919,0,2.0359,46.66,233.255,291.902,5181.8,96.8919,198.379,301.853,,,,,,,,
2018/DATA-20180705/p6440390.nc,644,6,390,990,410,150,200,1,0,310,0,2000,200,1,0,120,0,0.165302,0,0.00756056,0.0298606,0.0294839,0.0468976,0,3222.28,510.419,SciCon|PAM,10672,23.791,3826,55,magnetometer sbe41 contopt wlseaowl,66.12,13.38,115.557,13.38,0,1.53396e+09,16.2167,179.8,2.36791,333.763,3044.04,6124.99,9317.12,10528.7,10528.7,1558,971,971,971,2107,0,2.23962,49.951,242.179,292.393,5364.08,240.881,421.811,333.447,,,,,,,,
2018/DATA-20180705/p6440391.nc,644,6,391,990,410,150,200,1,0,310,0,2000,200,1,0,120,0,0.147116,0,0.00597477,0.0304867,0.0297731,0.0469878,0,3253.89,518.98,SciCon|PAM,10644,24.091,4045,55,magnetometer sbe41 contopt wlseaowl,66.12,13.39,115.876,13.15,0,1.53397e+09,16.2333,179.483,2.18831,326.47,3089.63,6303.94,9493.56,10489.7,10489.7,1580,981,981,981,2100,0,2.25642,49.995,239.614,293.129,5312.47,121.667,1271.2,326.046,,,,,,,,
2018/DATA-20180705/p6440392.nc,644,6,392,990,410,150,200,1,0,310,0,2000,200,1,0,120,0,0.159166,0,0.00735393,0.0314246,0.0300637,0.0476159,0,3285.65,529.477,SciCon|PAM,10774,23.899,4032,55,magnetometer sbe41 contopt wlseaowl,66.12,13.42,116.207,13.26,0,1.53398e+09,16.2833,181.65,1.99339,331.494,3159.96,6369.09,9496.56,10622.5,10622.5,1595,987,983,985,2126,0,2.28795,49.913,245.017,291.657,5366.13,108.421,1714.76,331.051,,,,,,,,
2018/DATA-20180705/p6440393.nc,644,6,393,990,410,150,200,1,0,310,0,2000,200,1,0,120,0,0.131182,0,0.00685498,0.031188,0.029477,0.0465273,0,3221.53,528.528,SciCon|PAM,10606,23.746,3889,55,magnetometer sbe41 contopt wlseaowl,66.12,13.4,116.503,13.35,0,1.534e+09,16.3667,178.917,1.74296,332.797,3063.38,6105.91,9266.58,10456.3,10456.3,1554,965,964,964,2092,0,2.21716,49.965,238.274,291.412,5311.97,85.1177,173.029,332.555,,,,,,,,
2018/DATA-20180705/p6440394.nc,644,6,394,990,410,150,200,1,0,310,0,2000,200,1,0,120,0,0.17836,0,0.00814857,0.0302666,0.0293017,0.0467992,0,3202.37,517.743,SciCon|PAM,10681,23.517,3849,55,magnetometer sbe41 contopt wlseaowl,66.12,13.38,116.807,13.19,0,1.53401e+09,16.2833,179.817,2.29052,338.816,2935.99,5953.31,9151.87,10528.8,10528.8,1544,960,959,959,2108,0,2.27159,49.898,238.803,292.638,5381.19,254.617,581.328,338.349,,,,,,,,
2018/DATA-20180705/p6440395.nc,644,6,395,990,410,150,200,1,0,310,0,2000,200,1,0,120,0,0.152774,0,0.00644701,0.0291424,0.030267,0.0480687,0,3307.87,521.709,SciCon|PAM,11046,23.451,4050,55,magnetometer sbe41 contopt wlseaowl,66.12,13.38,117.109,13.35,0,1.53402e+09,17.1667,185.533,2.11851,340.458,3098.43,6188.63,9438.1,10899.3,10899.3,1608,990,986,990,2181,0,2.31812,49.879,242.599,292.148,5357.79,173.67,352.002,340.251,,,,,,,,
2018/DATA-20180705/p6440396.nc,644,6,396,990,410,150,200,1,0,310,0,2000,200,1,0,120,0,0.15628,0,0.00702488,0.029947,0.0295808,0.0472533,0,3232.87,506.506,SciCon|PAM,10727,23.629,3839,55,magnetometer sbe41 contopt wlseaowl,66.12,13.28,117.408,13.24,0,1.53403e+09,15.8833,180.167,1.77527,334.199,3046.7,6105.19,9310.84,10572.6,10572.6,1570,972,972,972,2116,0,2.25122,49.877,241.004,292.393,5354.78,193.293,372.68,333.65,,,,,,,,
2018/DATA-20180705/p6440397.nc,644,6,397,990,410,150,200,1,0,310,0,2000,200,1,0,120,0,0.15307,0,0.00682318,0.0293994,0.0298948,0.0480242,0,3267.19,502.356,SciCon|PAM,10940,23.74,4054,55,magnetometer sbe41 contopt wlseaowl,66.12,13.38,117.733,13.2,0,1.53404e+09,15.8,184.133,1.32165,336.527,3168.43,6339.09,9497.69,10785.6,10785.6,1607,992,991,992,2159,0,2.29018,49.979,243.852,292.393,5356.38,96.4013,1467.89,336.056,,,,,,,,
2018/DATA-20180705/p6440398.nc,644,6,398,990,410,150,200,1,0,310,0,2000,200,1,0,120,0,0.152125,0,0.00683363,0.0295455,0.0301568,0.0485272,0,3295.83,502.232,SciCon|PAM,10991,23.587,4020,55,magnetometer sbe41 contopt wlseaowl,66.12,13.38,118.036,13.35,0,1.53406e+09,15.9833,185.1,2.23838,340.378,3130.92,6376.66,9439.73,10836.5,10836.5,1621,990,989,990,2169,0,2.32463,53.22,247.861,291.166,5362.31,168.028,358.429,340.204,,,,,,,,
2018/DATA-20180705/p6440399.nc,644,6,399,990,410,150,200,1,0,310,0,2000,200,1,0,120,0,0.162497,0,0.00762548,0.0286484,0.0299873,0.0483049,0,3277.3,484.167,SciCon|PAM,11062,23.133,3826,55,magnetometer sbe41 contopt wlseaowl,66.12,13.35,118.353,13.35,0,1.53407e+09,15.9,185.883,1.74729,352.067,3017.52,6166.01,9110.07,10905.2,10905.2,1601,971,969,971,2183,0,2.32272,49.902,249.289,291.412,5393.31,171.462,1113.11,351.8,,,,,,,,
2018/DATA-20180705/p6440400.nc,644,6,400,990,410,150,200,1,0,310,0,2000,200,1,0,120,0,0.138049,0,0.00959199,0.0282362,0.03084,0.0498325,0,3370.49,477.258,SciCon|PAM,11633,23.021,3933,55,magnetometer sbe41 contopt wlseaowl,66.12,13.35,118.659,13.33,0,1.53408e+09,15.4167,195.6,1.87774,357.15,3177.2,6408.9,9524.71,11479.6,11479.6,1687,1015,1014,1015,2298,0,2.44596,53.242,255.174,292.393,5446.91,96.4013,225.256,357.003,,,,,,,,
2018/DATA-20180705/p6440401.nc,644,6,401,990,410,150,200,1,0,310,0,2000,200,1,0,120,0,0.144372,0,0.00527346,0.0292318,0.0303261,0.048489,0,3314.32,493.792,SciCon|PAM,11284,23.345,3921,55,magnetometer sbe41 contopt wlseaowl,66.12,13.35,118.961,13.34,0,1.53409e+09,15.7833,189.35,2.77123,347.789,3192.73,6269.27,9448.3,11122.8,11122.8,1647,1000,999,1000,2227,0,2.3424,53.249,240.473,292.148,5398.01,132.705,259.975,347.549,,,,,,,,
2018/DATA-20180705/p6440402.nc,644,6,402,990,410,150,200,1,0,310,0,2000,200,1,0,120,0,0.144012,0,0.0053156,0.0296528,0.0306354,0.0490866,0,3348.13,501.152,SciCon|PAM,11612,22.736,3759,55,magnetometer sbe41 contopt wlseaowl,66.12,13.35,119.266,13.2,0,1.5341e+09,15.8667,195.067,2.62051,366.154,3067.38,6085.21,9237.04,11457.4,11457.4,1662,997,997,997,2293,0,2.41931,53.211,244.917,292.393,5474.11,123.629,251.333,365.809,,,,,,,,
2018/DATA-20180705/p6440403.nc,644,6,403,990,410,150,200,1,0,310,0,2000,200,1,0,120,0,0.167512,0,0.00602637,0.0293867,0.0305023,0.0492052,0,3333.59,503.654,SciCon|PAM,11555,22.753,3771,55,magnetometer sbe41 contopt wlseaowl,66.12,13.33,119.59,13.07,0,1.53412e+09,15.95,194.15,1.84654,365.995,2961.37,6045.22,9221.12,11397.6,11397.6,1646,994,992,993,2282,0,2.4307,53.187,248.099,292.148,5471.84,178.575,1212.77,365.548,,,,,,,,
2018/DATA-20180705/p6440404.nc,644,6,404,990,410,150,200,1,0,310,0,2000,200,1,0,120,0,0.138914,0,0.00579731,0.02963,0.0297214,0.047708,0,3248.24,503.245,SciCon|PAM,11118,22.956,3728,55,magnetometer sbe41 contopt wlseaowl,66.12,13.35,119.889,13.29,0,1.53413e+09,16,186.733,2.3038,354.844,2993.68,5966.52,9079.04,10960.1,10960.1,1598,969,966,969,2194,0,2.34367,50.012,238.737,292.393,5413.61,105.968,221.953,354.753,,,,,,,,
2018/DATA-20180705/p6440405.nc,644,6,405,990,410,150,200,1,0,310,0,2000,200,1,0,120,0,0.131787,0,0.00630072,0.029139,0.0300294,0.0477185,0,3281.91,502.125,SciCon|PAM,10951,23.877,3931,55,magnetometer sbe41 contopt wlseaowl,66.12,13.37,120.186,13.3,0,1.53414e+09,16.0167,184.117,3.0355,331.584,3024.64,6336.94,9641.96,10797.7,10797.7,1614,1002,1001,1001,2161,0,2.27186,49.955,242.697,292.638,5294.75,90.2689,195.604,330.448,,,,,,,,
2018/DATA-20180705/p6440406.nc,644,6,406,990,410,150,200,1,0,310,0,2000,200,1,0,120,0,0.139097,0,0.00585377,0.0277701,0.0281745,0.0447229,0,3079.18,472.154,SciCon|PAM,10105,23.927,3771,55,magnetometer sbe41 contopt wlseaowl,66.12,13.4,120.473,13.32,0,1.53415e+09,15.3667,169.9,1.92014,329.455,3107.7,6002.26,8894.4,9955.23,9955.23,1505,925,909,925,1992,0,2.10829,46.575,225.458,292.638,5262.43,130.007,275.171,328.949,,,,,,,,
2018/DATA-20180705/p6440407.nc,644,6,407,990,410,150,200,1,0,310,0,2000,200,1,0,120,0,0.136654,0,0.00582991,0.0284205,0.0291082,0.0466274,0,3181.22,490.199,SciCon|PAM,10503,24.426,4000,55,magnetometer sbe41 contopt wlseaowl,66.12,13.39,120.765,13.34,0,1.53417e+09,15.6,176.717,1.66471,317.496,3113.83,6410.77,9647.7,10353.3,10353.3,1578,987,986,987,2072,0,2.18129,49.948,235.684,293.129,5257.79,120.44,229.542,317.151,,,,,,,,
2018/DATA-20180705/p6440408.nc,644,6,408,990,410,150,200,1,0,310,0,2000,200,1,0,120,0,0.125755,0,0.00614527,0.0298311,0.0287218,0.0450732,0,3138.99,515.908,SciCon|PAM,10018,24.916,3938,55,magnetometer sbe41 contopt wlseaowl,66.12,13.4,121.053,13.24,0,1.53418e+09,16.1167,168.483,1.98877,306.68,3077.76,6310.67,9510.55,9866.49,9866.49,1521,963,963,963,1976,0,2.10607,49.865,230.669,292.883,5199.43,78.4947,162.077,306.203,,,,,,,,
2018/DATA-20180705/p6440409.nc,644,6,409,990,410,150,200,1,0,310,0,2000,200,1,0,120,0,0.145044,0,0.00551479,0.0267541,0.0257586,0.0411161,0,2815.14,453.334,SciCon|PAM,8726,25.411,3742,55,magnetometer sbe41 contopt wlseaowl,66.12,13.4,121.347,13.15,0,1.53419e+09,14.9167,146.967,1.86366,278.857,2925.62,6012.84,8582.69,8582.69,8582.69,1365,859,855,859,1717,0,1.84772,43.304,211.001,293.374,5066.91,92.9672,1467.64,278.598,,,,,,,,
2018/DATA-20180705/p6440410.nc,644,6,410,990,410,150,200,1,0,310,0,2000,200,1,0,120,0,0.124932,0,0.00628592,0.02521,0.0266206,0.0425587,0,2909.35,429.886,SciCon|PAM,9210,25.35,3844,55,magnetometer sbe41 contopt wlseaowl,66.12,13.43,121.619,13.22,0,1.5342e+09,14.3,155.3,0.726742,283.345,3112.01,6334.15,9076.25,9076.25,9076.25,1440,908,905,908,1816,0,1.93351,46.684,219.798,292.883,5082.68,84.1365,184.37,282.45,,,,,,,,
2018/DATA-20180705/p6440411.nc,644,6,411,990,410,150,200,1,0,310,0,2000,200,1,0,120,0,0.157324,0,0.00614747,0.0255532,0.0261835,0.0422256,0,2861.59,434.738,SciCon|PAM,9011,25.432,3893,55,magnetometer sbe41 contopt wlseaowl,66.12,13.43,121.909,13.11,0,1.53421e+09,14.5,152,1.338,283.086,3044.5,6180.99,8873.38,8873.38,8873.38,1400,889,888,888,1775,0,1.91271,43.312,218.856,292.638,5102.31,200.897,1150.07,281.852,,,,,,,,
2018/DATA-20180705/p6440412.nc,644,6,412,990,410,150,200,1,0,310,0,2000,200,1,0,120,0,0.144532,0,0.00831289,0.0259756,0.0254613,0.0413248,0,2782.66,447.735,SciCon|PAM,8671,25.446,3696,55,magnetometer sbe41 contopt wlseaowl,66.12,13.38,122.18,13.26,0,1.53422e+09,14.55,146.25,1.44698,274.438,3080.7,6104.32,8531.81,8531.81,8531.81,1358,854,853,854,1708,0,1.81149,43.252,216.532,293.374,5096.83,174.651,330.909,273.55,,,,,,,,
2018/DATA-20180705/p6440413.nc,644,6,413,990,410,150,200,1,0,310,0,2000,200,1,0,120,0,0.140896,0,0.00562756,0.0267412,0.0265484,0.0421811,0,2901.46,461.946,SciCon|PAM,8884,25.41,4074,55,magnetometer sbe41 contopt wlseaowl,66.12,13.4,122.473,13.14,0,1.53423e+09,14.8,149.8,0.949867,268.018,3118.88,6461.21,8747.04,8747.04,8747.04,1421,876,876,876,1751,0,1.8714,43.28,213.858,291.412,5030.75,84.6271,1359.69,267.306,,,,,,,,
2018/DATA-20180705/p6440414.nc,644,6,414,990,410,150,200,1,0,310,0,2000,200,1,0,120,0,0.137756,0,0.00782754,0.0258163,0.025715,0.0405884,0,2810.38,445.394,SciCon|PAM,8661,25.427,3803,55,magnetometer sbe41 contopt wlseaowl,66.12,13.45,122.741,13.29,0,1.53424e+09,14.5,146.05,0.561118,270.407,3128.5,6187.44,8527.34,8527.34,8527.34,1375,854,853,854,1706,0,1.7978,43.324,209.074,293.374,5055.52,146.932,283.009,269.847,,,,,,,,
2018/DATA-20180705/p6440415.nc,644,6,415,990,410,150,200,1,0,310,0,2000,200,1,0,120,0,0.134817,0,0.00612269,0.0260687,0.0259755,0.041391,0,2838.85,450.372,SciCon|PAM,8773,25.368,3873,55,magnetometer sbe41 contopt wlseaowl,66.12,13.45,123.009,13.28,0,1.53425e+09,14.55,147.95,1.01046,274.348,3119.12,6173.84,8641.5,8641.5,8641.5,1384,865,860,864,1729,0,1.82714,43.291,211.217,292.148,5073.85,131.724,265.025,273.743,,,,,,,,
2018/DATA-20180705/p6440416.nc,644,6,416,990,410,150,200,1,0,310,0,2000,200,1,0,120,0,0.125783,0,0.00571966,0.0245012,0.0259738,0.0420472,0,2838.67,417.901,SciCon|PAM,9017,25.394,3873,55,magnetometer sbe41 contopt wlseaowl,66.12,13.39,123.277,13.35,0,1.53426e+09,13.9667,151.983,1.51766,278.08,3120.16,6271.44,8883.5,8883.5,8883.5,1416,889,888,889,1777,0,1.88536,43.328,214.81,292.638,5095,87.5707,181.505,277.298,,,,,,,,
2018/DATA-20180705/p6440417.nc,644,6,417,990,410,150,200,1,0,310,0,2000,200,1,0,120,0,0.126253,0,0.00729013,0.0266867,0.0264994,0.0423815,0,2896.11,461.07,SciCon|PAM,8996,25.437,3866,55,magnetometer sbe41 contopt wlseaowl,66.12,13.45,123.547,13.31,0,1.53427e+09,14.8333,151.717,1.29368,275.154,3179.67,6345.68,8860.03,8860.03,8860.03,1417,887,887,887,1773,0,1.86639,43.297,220.137,292.883,5109.1,88.5519,173.444,274.35,,,,,,,,
2018/DATA-20180705/p6440418.nc,644,6,418,990,410,150,200,1,0,310,0,2000,200,1,0,120,0,0.162715,0,0.00672698,0.0246761,0.0262824,0.0428521,0,2872.39,418.97,SciCon|PAM,9159,25.4,3905,55,magnetometer sbe41 contopt wlseaowl,66.12,13.43,123.845,13.13,0,1.53428e+09,14.05,154.467,0.911994,280.956,3101.27,6296.89,9024.66,9024.66,9024.66,1427,904,903,903,1806,0,1.94623,46.596,220.403,292.638,5145.07,168.764,1509.8,280.305,,,,,,,,
2018/DATA-20180705/p6440419.nc,644,6,419,990,410,150,200,1,0,310,0,2000,200,1,0,120,0,0.136603,0,0.00600028,0.0260049,0.0272,0.0437681,0,2972.68,442.28,SciCon|PAM,9551,25.447,3971,55,magnetometer sbe41 contopt wlseaowl,66.12,13.41,124.124,13.23,0,1.53429e+09,14.5167,160.967,1.09784,296.012,3074.19,6286.13,9410.43,9410.43,9410.43,1476,943,940,942,1884,0,1.99371,46.652,219.186,292.148,5182.43,125.346,240.944,295.095,,,,,,,,
2018/DATA-20180705/p6440420.nc,644,6,420,990,410,150,200,1,0,310,0,2000,200,1,0,120,0,0.144294,0,0.00739343,0.0272102,0.0280343,0.0453929,0,3063.86,466.285,SciCon|PAM,10031,24.828,3812,55,magnetometer sbe41 contopt wlseaowl,66.12,13.4,124.411,13.35,0,1.5343e+09,14.95,168.967,2.05727,308.59,3151.98,6260.18,9473.22,9886.23,9886.23,1511,960,957,960,1979,0,2.10933,46.601,235.747,293.129,5266.27,149.385,299.779,308.046,,,,,,,,
2018/DATA-20180705/p6440421.nc,644,6,421,990,410,150,200,1,0,310,0,2000,200,1,0,120,0,0.129462,0,0.00679339,0.0276438,0.0289575,0.0467038,0,3164.75,467.911,SciCon|PAM,10437,24.641,4111,55,magnetometer sbe41 contopt wlseaowl,66.12,13.38,124.702,13.35,0,1.53431e+09,15.2333,175.3,1.9915,311.754,3300.64,6520.72,9772.32,10285,10285,1575,993,985,993,2059,0,2.18851,49.922,241.309,292.393,5271.54,81.6836,176.04,311.253,,,,,,,,
2018/DATA-20180705/p6440422.nc,644,6,422,990,410,150,200,1,0,310,0,2000,200,1,0,120,0,0.133154,0,0.00629317,0.0285412,0.0282432,0.0450277,0,3086.69,492.673,SciCon|PAM,10074,24.479,3803,55,magnetometer sbe41 contopt wlseaowl,66.12,13.38,124.988,13.31,0,1.53432e+09,15.65,169.4,0.944367,314.66,3002.11,6188.73,9308.68,9921.84,9921.84,1511,950,949,950,1986,0,2.10564,46.635,230.261,293.619,5276.25,98.1184,205.356,314.11,,,,,,,,
2018/DATA-20180705/p6440423.nc,644,6,423,990,410,150,200,1,0,310,0,2000,200,1,0,120,0,0.146015,0,0.00674514,0.0278074,0.028396,0.0456117,0,3103.39,479.202,SciCon|PAM,10219,24.444,3781,55,magnetometer sbe41 contopt wlseaowl,66.12,13.39,125.278,13.27,0,1.53433e+09,15.3,172,1.29393,315.406,2997.72,6193.35,9425.87,10073.8,10073.8,1521,962,961,962,2016,0,2.15631,49.93,234.817,293.129,5280.22,151.593,348.915,315.101,,,,,,,,
2018/DATA-20180705/p6440424.nc,644,6,424,990,410,150,200,1,0,310,0,2000,200,1,0,120,0,0.143205,0,0.00739821,0.0280258,0.0292843,0.0469354,0,3200.47,494.807,SciCon|PAM,10523,24.237,3998,55,magnetometer sbe41 contopt wlseaowl,66.12,13.4,125.571,13.33,0,1.53434e+09,15.7167,177.233,2.21585,324.012,3057.53,6286.97,9481.67,10376.2,10376.2,1559,978,978,978,2076,0,2.22151,49.903,243.671,292.883,5308,139.083,285.664,323.45,,,,,,,,
2018/DATA-20180705/p6440425.nc,644,6,425,990,410,150,200,1,0,310,0,2000,200,1,0,120,0,0.130769,0,0.00664388,0.028167,0.0297539,0.0479205,0,3251.79,475.481,SciCon|PAM,10820,24.046,3897,55,magnetometer sbe41 contopt wlseaowl,66.12,13.34,125.866,13.23,0,1.53435e+09,15.4,181.833,2.00004,328.43,3152.4,6439.61,9618.66,10667.9,10667.9,1607,995,994,995,2136,0,2.26291,49.966,248.382,291.412,5293.28,86.5895,175.179,327.9,,,,,,,,
2018/DATA-20180705/p6440426.nc,644,6,426,990,410,150,200,1,0,310,0,2000,200,1,0,120,0,0.15079,0,0.00681541,0.0277891,0.0292289,0.0474854,0,3194.41,469.766,SciCon|PAM,10771,23.655,3879,55,magnetometer sbe41 contopt wlseaowl,66.12,13.38,126.162,13.23,0,1.53437e+09,15.2833,181.083,1.00875,336.608,2993.32,6254.1,9325.95,10616.9,10616.9,1583,972,970,972,2124,0,2.28388,49.974,245.07,292.883,5359.26,166.556,343.112,336.103,,,,,,,,
2018/DATA-20180705/p6440427.nc,644,6,427,990,410,150,200,1,0,310,0,2000,200,1,0,120,0,0.147978,0,0.00871976,0.0278847,0.0303455,0.0491572,0,3316.45,471.71,SciCon|PAM,11313,23.591,4019,55,magnetometer sbe41 contopt wlseaowl,66.12,13.36,126.464,13.3,0,1.53438e+09,15.35,190.283,1.45671,342.567,3114.35,6413.54,9660.18,11162.3,11162.3,1654,1016,1016,1016,2234,0,2.39062,53.291,252.256,292.638,5385.7,150.366,297.473,342.249,,,,,,,,
2018/DATA-20180705/p6440428.nc,644,6,428,990,410,150,200,1,0,310,0,2000,200,1,0,120,0,0.142816,0,0.00760924,0.0295302,0.030451,0.0488725,0,3327.97,503.284,SciCon|PAM,11087,23.632,3970,55,magnetometer sbe41 contopt wlseaowl,66.12,13.35,126.765,13.29,0,1.53439e+09,16.0667,186.367,2.15865,339.155,3160.63,6343.25,9525.45,10934.4,10934.4,1620,999,998,999,2188,0,2.33093,53.305,255.199,292.393,5343.91,133.196,254.956,339.005,,,,,,,,
2018/DATA-20180705/p6440429.nc,644,6,429,990,410,150,200,1,0,310,0,2000,200,1,0,120,0,0.138476,0,0.00686509,0.0286655,0.0281301,0.0455527,0,3074.33,484.773,SciCon|PAM,10040,24.768,3986,55,magnetometer sbe41 contopt wlseaowl,66.12,13.38,127.052,13.34,0,1.5344e+09,15.6333,168.867,1.34486,308.191,3131.46,6240.71,9489.38,9884.13,9884.13,1508,961,959,961,1979,0,2.0986,46.602,235.781,292.638,5213.31,130.497,256.025,307.305,,,,,,,,
2018/DATA-20180705/p6440430.nc,644,6,430,990,410,150,200,1,0,310,0,2000,200,1,0,120,0,0.143521,0,0.00652228,0.03314,0.0283357,0.0436382,0,3096.8,591.15,SciCon|PAM,9422,25.427,4034,55,magnetometer sbe41 contopt wlseaowl,66.12,13.35,127.359,13.09,0,1.53441e+09,18.4333,158.717,0.668878,294.568,2954.12,6139.96,9272.37,9272.37,9272.37,1451,929,927,928,1858,0,1.99528,46.591,217.743,293.129,5144.89,81.6836,1344.28,294.099,,,,,,,,
2018/DATA-20180705/p6440431.nc,644,6,431,990,410,150,200,1,0,310,0,2000,200,1,0,120,0,0.128411,0,0.00672954,0.0269179,0.0272815,0.0438789,0,2981.58,457.132,SciCon|PAM,9580,25.37,3906,55,magnetometer sbe41 contopt wlseaowl,66.12,13.41,127.638,13.3,0,1.53442e+09,14.9833,161.467,1.14525,295.255,3111.39,6296.17,9432.27,9432.27,9432.27,1471,945,944,944,1889,0,2.00512,46.683,227.917,292.393,5138.59,94.6843,214.106,294.35,,,,,,,,
2018/DATA-20180705/p6440432.nc,644,6,432,990,410,150,200,1,0,310,0,2000,200,1,0,120,0,0.135677,0,0.00755176,0.0266726,0.0268935,0.0433738,0,2939.18,452.513,SciCon|PAM,9444,25.415,3870,55,magnetometer sbe41 contopt wlseaowl,66.12,13.43,127.915,13.19,0,1.53443e+09,14.8333,159.1,1.65288,294.548,3160.02,6227.75,9300.66,9300.66,9300.66,1449,931,929,931,1861,0,1.95787,46.593,224.432,290.921,5095.86,132.215,269.543,293.856,,,,,,,,
2018/DATA-20180705/p6440433.nc,644,6,433,990,410,150,200,1,0,310,0,2000,200,1,0,120,0,0.163059,0,0.00777501,0.0270542,0.0277136,0.0452073,0,3028.81,467.972,SciCon|PAM,9948,24.778,3822,55,magnetometer sbe41 contopt wlseaowl,66.12,13.37,128.224,13.04,0,1.53444e+09,15.1,167.467,1.38386,308.708,2984.77,6158.63,9391.23,9803.35,9803.35,1486,951,951,951,1962,0,2.10806,46.67,236.752,292.883,5197.01,164.348,1450.89,308.197,,,,,,,,
2018/DATA-20180705/p6440434.nc,644,6,434,990,410,150,200,1,0,310,0,2000,200,1,0,120,0,0.144347,0,0.00862719,0.0263654,0.0277769,0.0450635,0,3035.73,447.821,SciCon|PAM,9872,24.846,3697,55,magnetometer sbe41 contopt wlseaowl,66.12,13.19,128.507,13.29,0,1.53446e+09,14.8333,166.217,0.484965,306.648,3016.04,6251.06,9376.09,9730.19,9730.19,1492,947,947,947,1946,0,2.05196,46.576,234.381,293.374,5183.84,162.386,317.224,306.448,,,,,,,,
2018/DATA-20180705/p6440435.nc,644,6,435,990,410,150,200,1,0,310,0,2000,200,1,0,120,0,0.138468,0,0.00529764,0.0268527,0.0283268,0.0454993,0,3095.82,457.006,SciCon|PAM,10084,24.923,3827,55,magnetometer sbe41 contopt wlseaowl,66.12,13.38,128.792,13.26,0,1.53447e+09,14.9833,169.8,0.72415,306.917,3104.07,6358.41,9570.7,9940.91,9940.91,1532,969,967,969,1990,0,2.08827,49.887,227.131,292.883,5190.11,135.158,267.899,306.247,,,,,,,,
2018/DATA-20180705/p6440436.nc,644,6,436,990,410,150,200,1,0,310,0,2000,200,1,0,120,0,0.135221,0,0.00937623,0.0267017,0.0283297,0.0461688,0,3096.14,452.712,SciCon|PAM,10324,24.494,3856,55,magnetometer sbe41 contopt wlseaowl,66.12,13.38,129.08,13.29,0,1.53448e+09,14.9,174.033,1.60135,316.787,3178.58,6290.09,9496.93,10175.6,10175.6,1544,971,970,971,2036,0,2.16082,49.877,237.828,292.638,5245.5,84.6271,258.695,316.152,,,,,,,,
2018/DATA-20180705/p6440437.nc,644,6,437,990,410,150,200,1,0,310,0,2000,200,1,0,120,0,0.149081,0,0.00728591,0.0291853,0.0283763,0.0449022,0,3101.24,497.653,SciCon|PAM,9993,24.575,3801,55,magnetometer sbe41 contopt wlseaowl,66.12,13.38,129.368,13.14,0,1.53449e+09,15.9,168.317,1.08013,313.255,2931.38,6097.68,9274.77,9846.83,9846.83,1498,945,944,945,1970,0,2.089,46.581,230.459,292.883,5228.15,177.84,342.952,312.9,,,,,,,,
2018/DATA-20180705/p6440438.nc,644,6,438,990,410,150,200,1,0,310,0,2000,200,1,0,120,0,0.164956,0,0.00708581,0.0274554,0.0279739,0.0457889,0,3057.26,465.033,SciCon|PAM,10098,24.444,3885,55,magnetometer sbe41 contopt wlseaowl,66.12,13.38,129.68,13.04,0,1.5345e+09,15.15,169.933,0.60087,315.106,2976.83,6109.84,9338.93,9951.79,9951.79,1500,953,952,952,1992,0,2.14045,46.586,234.935,293.129,5241.79,164.348,1503.11,314.701,,,,,,,,
2018/DATA-20180705/p6440439.nc,644,6,439,990,410,150,200,1,0,310,0,2000,200,1,0,120,0,0.14927,0,0.00718456,0.0284565,0.0287521,0.0462776,0,3142.31,480.42,SciCon|PAM,10250,24.445,3909,55,magnetometer sbe41 contopt wlseaowl,66.12,13.39,129.993,13.07,0,1.53451e+09,15.4667,172.683,0.940398,316.409,3055.04,6270.81,9433.29,10100.4,10100.4,1536,963,959,963,2022,0,2.15757,49.911,234.548,292.883,5271.24,87.5707,1425.12,315.55,,,,,,,,
2018/DATA-20180705/p6440440.nc,644,6,440,990,410,150,200,1,0,310,0,2000,200,1,0,120,0,0.138635,0,0.007416,0.0294026,0.0297915,0.047503,0,3255.9,503.935,SciCon|PAM,10718,24.097,4022,55,magnetometer sbe41 contopt wlseaowl,66.12,13.36,130.289,13.32,0,1.53452e+09,15.8167,180.367,1.69449,326.05,3134.12,6321.75,9589.81,10571.9,10571.9,1589,990,990,990,2115,0,2.2562,49.904,241.336,292.883,5313.04,119.704,251.052,325.5,,,,,,,,
2018/DATA-20180705/p6440441.nc,644,6,441,990,410,150,200,1,0,310,0,2000,200,1,0,120,0,0.197662,0,0.00680244,0.0298203,0.0301271,0.0481362,0,3292.58,503.034,SciCon|PAM,10967,23.42,3967,55,magnetometer sbe41 contopt wlseaowl,66.12,13.38,130.616,13.04,0,1.53453e+09,15.95,184.383,1.10326,343.232,2935.71,6144.66,9291.64,10816.7,10816.7,1593,981,977,980,2164,0,2.34724,49.935,241.195,291.902,5392.31,286.26,1691.6,342.856,,,,,,,,
2018/DATA-20180705/p6440442.nc,644,6,442,990,410,150,200,1,0,310,0,2000,200,1,0,120,0,0.136128,0,0.00714616,0.0306528,0.030092,0.0482266,0,3288.74,524.165,SciCon|PAM,10828,23.825,3980,55,magnetometer sbe41 contopt wlseaowl,66.12,13.35,130.914,13.26,0,1.53455e+09,16.25,182.35,0.601248,332.159,3109.81,6335.57,9504.52,10672.5,10672.5,1593,987,983,987,2136,0,2.25914,49.946,249.507,291.412,5312.06,107.685,232.801,331.653,,,,,,,,
2018/DATA-20180705/p6440443.nc,644,6,443,990,410,150,200,1,0,310,0,2000,200,1,0,120,0,0.152796,0,0.00572985,0.0303037,0.029182,0.0465516,0,3189.29,529.267,SciCon|PAM,10272,24.331,3960,55,magnetometer sbe41 contopt wlseaowl,66.12,13.39,131.233,13.04,0,1.53456e+09,16.5167,174,1.0114,318.458,2859.96,6146.98,9383.33,10119.7,10119.7,1531,962,961,962,2025,0,2.19462,49.962,230.754,291.166,5242.58,97.8731,1614.68,317.96,,,,,,,,
2018/DATA-20180705/p6440444.nc,644,6,444,990,410,150,200,1,0,310,0,2000,200,1,0,120,0,0.137493,0,0.00698472,0.0280359,0.0286909,0.0462231,0,3135.62,476.163,SciCon|PAM,10289,24.591,4072,55,magnetometer sbe41 contopt wlseaowl,66.12,13.37,131.523,13.24,0,1.53457e+09,15.4333,173.35,1.39219,313.404,3154.63,6355.92,9560.85,10143.3,10143.3,1541,974,972,974,2030,0,2.16262,49.928,238.501,292.148,5242.82,119.704,271.486,313.001,,,,,,,,
2018/DATA-20180705/p6440445.nc,644,6,445,990,410,150,200,1,0,310,0,2000,200,1,0,120,0,0.144084,0,0.00633199,0.0308274,0.028996,0.0451197,0,3168.96,520.397,SciCon|PAM,9931,24.86,4094,55,magnetometer sbe41 contopt wlseaowl,66.12,13.37,131.832,13.06,0,1.53458e+09,16.7167,167.517,0.522234,305.533,3097.77,6329.65,9457.53,9782.08,9782.08,1508,955,955,955,1958,0,2.07938,46.591,229.225,292.883,5217.7,78.74,1272.74,304.906,,,,,,,,
2018/DATA-20180705/p6440446.nc,644,6,446,990,410,150,200,1,0,310,0,2000,200,1,0,120,0,0.145903,0,0.00604997,0.0296389,0.0288951,0.0455816,0,3157.93,511.185,SciCon|PAM,10141,24.829,3890,55,magnetometer sbe41 contopt wlseaowl,66.12,13.34,132.144,13.04,0,1.53459e+09,15.9,171.067,0.412342,308.816,3182.44,6369.7,9575.38,9998.22,9998.22,1531,969,967,969,2001,0,2.10735,49.983,235.084,291.657,5213.95,105.232,1328.78,308.208,,,,,,,,
2018/DATA-20180705/p6440447.nc,644,6,447,990,410,150,200,1,0,310,0,2000,200,1,0,120,0,0.151091,0,0.00703289,0.0296929,0.0286967,0.0457328,0,3136.25,508.36,SciCon|PAM,10250,24.394,3963,55,magnetometer sbe41 contopt wlseaowl,66.12,13.35,132.459,13.23,0,1.5346e+09,16,172.4,0.682354,318.199,3054.47,6186.6,9359.09,10096.4,10096.4,1531,960,958,960,2023,0,2.16727,49.959,232.019,292.148,5241.5,94.6843,1511.9,317.804,,,,,,,,
2018/DATA-20180705/p6440448.nc,644,6,448,990,410,150,200,1,0,310,0,2000,200,1,0,120,0,0.160822,0,0.00633522,0.0310528,0.0287654,0.0452196,0,3143.76,534.694,SciCon|PAM,10076,24.533,3909,55,magnetometer sbe41 contopt wlseaowl,66.12,13.35,132.753,13.21,0,1.53461e+09,16.4167,169.35,1.0186,313.921,3002.51,6150.44,9346.14,9924.88,9924.88,1509,952,952,952,1987,0,2.10015,46.675,229.074,292.393,5231.64,227.88,471.592,313.206,,,,,,,,
2018/DATA-20180705/p6440449.nc,644,6,449,990,410,150,200,1,0,310,0,2000,200,1,0,120,0,0.162106,0,0.00825547,0.0277326,0.0277107,0.0450754,0,3028.5,469.348,SciCon|PAM,9915,24.51,3944,55,magnetometer sbe41 contopt wlseaowl,66.12,13.37,133.06,13.04,0,1.53463e+09,15.3,167.083,1.64377,313.911,3037.25,6211.88,9191.81,9770.35,9770.35,1489,936,934,935,1955,0,2.10895,46.608,231.585,292.883,5206.07,159.688,1465.45,313.4,,,,,,,,
2018/DATA-20180705/p6440450.nc,644,6,450,990,410,150,200,1,0,310,0,2000,200,1,0,120,0,0.146082,0,0.00701339,0.0278066,0.02842,0.04544,0,3106.02,470.879,SciCon|PAM,10107,24.994,3956,55,magnetometer sbe41 contopt wlseaowl,66.12,13.34,133.348,13.23,0,1.53464e+09,15.3667,170.3,1.93721,304.279,3075.92,6389.15,9684.86,9963.7,9963.7,1534,976,975,976,1994,0,2.08427,49.961,231.093,292.638,5165.38,171.707,330.778,303.799,,,,,,,,
2018/DATA-20180705/p6440451.nc,644,6,451,990,410,150,200,1,0,310,0,2000,200,1,0,120,0,0.16438,0,0.00580128,0.0323871,0.0280119,0.0439674,0,3061.41,550.48,SciCon|PAM,9470,25.429,4173,55,magnetometer sbe41 contopt wlseaowl,66.12,13.43,133.658,13,0,1.53465e+09,16.7167,159.467,1.70522,292.209,3079,6349.88,9320.43,9320.43,9320.43,1464,934,933,933,1866,0,2.03855,46.58,220.733,291.657,5086.07,188.633,1567.25,291.552,,,,,,,,
2018/DATA-20180705/p6440452.nc,644,6,452,990,410,150,200,1,0,310,0,2000,200,1,0,120,0,0.170308,0,0.0051138,0.031475,0.0273941,0.0423302,0,2993.89,569.132,SciCon|PAM,8966,25.402,4054,55,magnetometer sbe41 contopt wlseaowl,66.12,13.16,133.959,13,0,1.53466e+09,17.8833,151.217,1.5356,276.506,3025.61,6218.52,8825.41,8825.41,8825.41,1404,884,881,883,1766,0,1.90115,43.324,210.345,293.129,5024.4,226.163,1555.76,275.849,,,,,,,,
2018/DATA-20180705/p6440453.nc,644,6,453,990,410,150,200,1,0,310,0,2000,200,1,0,120,0,0.133328,0,0.00463455,0.0293821,0.0259555,0.0401228,0,2836.67,504.561,SciCon|PAM,8303,25.383,3927,55,magnetometer sbe41 contopt wlseaowl,66.12,13.18,134.223,13.22,0,1.53467e+09,15.6833,140.417,14.6148,256.452,3058.25,6205.15,8162.89,8162.89,8162.89,1343,817,815,817,1634,0,1.70836,43.374,199.263,292.883,4938.81,140.555,309.499,255.4,,,,,,,,
2018/DATA-20180705/p6440454.nc,644,6,454,990,410,150,200,1,0,310,0,2000,200,1,0,120,0,0.141728,0,0.00603967,0.0286687,0.0252931,0.0399539,0,2764.28,492.355,SciCon|PAM,8224,25.402,3910,55,magnetometer sbe41 contopt wlseaowl,66.12,13.44,134.488,13.14,0,1.53468e+09,15.2,139.3,1.52952,258.602,2863.41,6075.47,8088.63,8088.63,8088.63,1316,810,809,810,1620,0,1.70559,43.289,205.157,292.393,4981.17,168.764,373.573,257.85,,,,,,,,
2018/DATA-20180705/p6440455.nc,644,6,455,990,410,150,200,1,0,310,0,2000,200,1,0,120,0,0.13863,0,0.00743024,0.0266706,0.0253152,0.0404436,0,2766.69,455.002,SciCon|PAM,8332,25.425,3884,55,magnetometer sbe41 contopt wlseaowl,66.12,13.44,134.771,13.04,0,1.53469e+09,14.6167,141,1.70966,257.179,3137.17,6233.4,8201.07,8201.07,8201.07,1340,821,820,821,1641,0,1.71188,43.279,208.267,291.657,4964.25,83.6459,1329.17,256.952,,,,,,,,
2018/DATA-20180705/p6440456.nc,644,6,456,990,410,150,200,1,0,310,0,2000,200,1,0,120,0,0.131606,0,0.00578437,0.0287988,0.026571,0.0409765,0,2903.93,498.144,SciCon|PAM,8516,25.48,4014,55,magnetometer sbe41 contopt wlseaowl,66.12,13.45,135.038,13.21,0,1.5347e+09,16.2833,144.5,1.27017,257.348,3036.84,6334.71,8382.47,8382.47,8382.47,1370,841,839,839,1678,0,1.75625,43.299,210.021,291.902,4989.04,127.554,264.526,256.847,,,,,,,,
2018/DATA-20180705/p6440457.nc,644,6,457,990,410,150,200,1,0,310,0,2000,200,1,0,120,0,0.15065,0,0.00571464,0.0273114,0.0251275,0.0398,0,2746.17,463.12,SciCon|PAM,8101,25.344,3984,55,magnetometer sbe41 contopt wlseaowl,66.12,13.32,135.301,13.17,0,1.53471e+09,14.8333,137.15,1.38577,248.729,3080.86,6264.29,7970.87,7970.87,7970.87,1323,798,796,797,1595,0,1.69039,43.331,202.784,293.129,4946.48,222.483,457.883,248.349,,,,,,,,
2018/DATA-20180705/p6440458.nc,644,6,458,990,410,150,200,1,0,310,0,2000,200,1,0,120,0,0.141173,0,0.00545729,0.0244524,0.024575,0.0392531,0,2685.79,418.41,SciCon|PAM,8007,25.449,3888,55,magnetometer sbe41 contopt wlseaowl,66.12,13.31,135.581,13.04,0,1.53471e+09,14.1167,135.5,1.67378,249.177,3030.89,6189.62,7875,7875,7875,1313,789,787,789,1577,0,1.66377,43.331,196.943,293.129,4965.62,92.2313,1470.13,247.833,,,,,,,,
2018/DATA-20180705/p6440459.nc,644,6,459,990,410,150,200,1,0,310,0,2000,200,1,0,120,0,0.13657,0,0.00520234,0.0272322,0.0252556,0.0389774,0,2760.18,460.681,SciCon|PAM,7951,25.491,3791,55,magnetometer sbe41 contopt wlseaowl,66.12,13.32,135.858,13.06,0,1.53472e+09,15,134.683,1.78634,245.465,2950.63,6244.86,7824.34,7824.34,7824.34,1317,785,783,784,1566,0,1.64306,43.288,194.858,293.374,4930.68,80.4571,1299.13,244.594,,,,,,,,
2018/DATA-20180705/p6440460.nc,644,6,460,990,410,150,200,1,0,310,0,2000,200,1,0,120,0,0.137713,0,0.00516075,0.0256084,0.0281342,0.0393458,0,3074.78,442.22,SciCon|PAM,8210,25.452,1018,55,magnetometer sbe41 contopt wlseaowl,66.12,13.3,136.141,13,0,1.53473e+09,16.2833,139.467,1.64399,245.027,3042.52,6320.68,7872.66,7872.66,7872.66,1324,809,808,809,1617,0,1.66931,43.267,199.417,292.393,4927.95,83.6459,1352.91,244.047,,,,,,,,
2018/DATA-20180705/p6440461.nc,644,6,461,990,410,150,200,1,0,310,0,2000,200,1,0,120,0,0.128534,0,0.00767194,0.0354531,0.0251665,0.0392783,0,2750.44,602.246,SciCon|PAM,7737,25.407,4032,55,magnetometer sbe41 contopt wlseaowl,66.12,13.43,136.405,13.23,0,1.53474e+09,17.8,130.767,1.37103,237.472,2979.87,6236.48,7600.22,7600.22,7600.22,1278,761,761,761,1523,0,1.58187,40.068,206.232,293.374,4917.56,121.667,268.176,236.848,,,,,,,,
2018/DATA-20180705/p6440462.nc,644,6,462,990,410,150,200,1,0,310,0,2000,200,1,0,120,0,0.136649,0,0.0059841,0.0343524,0.0243265,0.0380985,0,2658.63,576.6,SciCon|PAM,7558,25.484,3728,55,magnetometer sbe41 contopt wlseaowl,66.12,13.32,136.687,13.04,0,1.53475e+09,17.5167,127.883,0.805319,245.017,2782.83,5845.26,7429.72,7429.72,7429.72,1234,744,744,744,1487,0,1.56856,39.966,192.975,294.11,4944.59,80.2118,1312.33,244.102,,,,,,,,
2018/DATA-20180705/p6440463.nc,644,6,463,990,410,150,200,1,0,310,0,2000,200,1,0,120,0,0.15643,0,0.00569906,0.0278703,0.0259196,0.0402697,0,2832.74,531.43,SciCon|PAM,8180,25.39,4174,55,magnetometer sbe41 contopt wlseaowl,66.12,13.31,136.973,13.15,0,1.53476e+09,17.9,138.2,0.854194,246.849,3025.09,6368.02,8056.98,8056.98,8056.98,1340,807,805,805,1613,0,1.71455,43.312,205.67,292.883,4961.63,167.292,1486.3,246.5,,,,,,,,
2018/DATA-20180705/p6440464.nc,644,6,464,990,410,150,200,1,0,310,0,2000,200,1,0,120,0,0.12959,0,0.00669933,0.0255489,0.0245712,0.0393014,0,2685.38,434.97,SciCon|PAM,8040,25.442,3833,55,magnetometer sbe41 contopt wlseaowl,66.12,13.09,137.23,13.17,0,1.53477e+09,14.3,135.7,0.910537,246.689,3115.52,6262.01,7904.51,7904.51,7904.51,1319,792,791,791,1583,0,1.64011,43.38,202.581,292.883,4967.83,119.704,258.85,245.55,,,,,,,,
2018/DATA-20180705/p6440465.nc,644,6,465,990,410,150,200,1,0,310,0,2000,200,1,0,120,0,0.16247,0,0.0074926,0.025265,0.0253119,0.0408857,0,2766.33,433.925,SciCon|PAM,8357,25.436,3957,55,magnetometer sbe41 contopt wlseaowl,66.12,13.32,137.523,13.02,0,1.53478e+09,14.3167,141.183,1.17746,253.766,3132.59,6367.3,8230.83,8230.83,8230.83,1352,824,824,824,1647,0,1.75398,43.291,210.376,293.129,4985.07,174.896,1822.12,253.051,,,,,,,,
2018/DATA-20180705/p6440466.nc,644,6,466,990,410,150,200,1,0,310,0,2000,200,1,0,120,0,0.166779,0,0.00852355,0.0271694,0.023989,0.0384865,0,2621.75,469.488,SciCon|PAM,7773,25.455,3889,55,magnetometer sbe41 contopt wlseaowl,66.12,13.28,137.806,13.06,0,1.53479e+09,14.85,131.45,1.37345,248.76,2672.48,6019.75,7640.46,7640.46,7640.46,1265,766,764,765,1530,0,1.70185,39.971,199.327,292.883,4968.25,214.879,1657.99,247.643,,,,,,,,
2018/DATA-20180705/p6440467.nc,644,6,467,990,410,150,200,1,0,310,0,2000,200,1,0,120,0,0.129374,0,0.00890066,0.0246406,0.0248419,0.0407516,0,2714.97,430.148,SciCon|PAM,8212,25.411,3951,55,magnetometer sbe41 contopt wlseaowl,66.12,13.33,138.064,13.17,0,1.5348e+09,14.0667,139.933,1.38584,247.684,3111.33,6334.4,8084.18,8084.18,8084.18,1338,810,809,809,1619,0,1.68575,43.314,209.883,293.129,4947.19,122.157,248.18,247.151,,,,,,,,
2018/DATA-20180705/p6440468.nc,644,6,468,990,410,150,200,1,0,310,0,2000,200,1,0,120,0,0.126812,0,0.00640633,0.026298,0.0248209,0.0394193,0,2712.67,453.274,SciCon|PAM,8088,25.418,3931,55,magnetometer sbe41 contopt wlseaowl,66.12,13.3,138.322,13.16,0,1.53481e+09,14.6167,136.633,1.24489,246.012,3088.32,6328.15,7953.34,7953.34,7953.34,1328,796,796,796,1592,0,1.65505,43.284,203.884,292.883,4954.66,106.704,232.094,245.242,,,,,,,,
2018/DATA-20180705/p6440469.nc,644,6,469,990,410,150,200,1,0,310,0,2000,200,1,0,120,0,0.128108,0,0.00738345,0.0249524,0.0252467,0.0405081,0,2759.2,425.601,SciCon|PAM,8311,25.432,4020,55,magnetometer sbe41 contopt wlseaowl,66.12,13.31,138.581,13.11,0,1.53481e+09,14.1167,140.333,1.44466,248.63,3178.4,6491.57,8183.52,8183.52,8183.52,1362,819,817,819,1638,0,1.70173,43.364,209.943,293.619,4953.11,114.308,240.729,247.851,,,,,,,,
2018/DATA-20180705/p6440470.nc,644,6,470,990,410,150,200,1,0,310,0,2000,200,1,0,120,0,0.136598,0,0.00827135,0.0250542,0.0252652,0.0412131,0,2761.22,425.583,SciCon|PAM,8471,25.409,3976,55,magnetometer sbe41 contopt wlseaowl,66.12,13.31,138.844,13.2,0,1.53482e+09,14.15,142.967,1.51348,254.413,3123.65,6416.58,8338.48,8338.48,8338.48,1371,836,835,835,1669,0,1.74357,43.295,214.018,292.883,4969.23,113.327,343.154,253.641,,,,,,,,
2018/DATA-20180705/p6440471.nc,644,6,471,990,410,150,200,1,0,310,0,2000,200,1,0,120,0,0.123031,0,0.00645483,0.0251101,0.025578,0.0408046,0,2795.41,428.523,SciCon|PAM,8563,25.434,3835,55,magnetometer sbe41 contopt wlseaowl,66.12,13.31,139.106,13.21,0,1.53483e+09,14.3,145.1,1.36555,261.051,3115.87,6322.66,8429.68,8429.68,8429.68,1379,844,844,844,1687,0,1.73701,43.322,210.184,292.883,4998.47,84.8724,171.509,260.244,,,,,,,,
2018/DATA-20180705/p6440472.nc,644,6,472,990,410,150,200,1,0,310,0,2000,200,1,0,120,0,0.125694,0,0.00888685,0.0281941,0.0269093,0.0420729,0,2940.91,513.424,SciCon|PAM,8923,25.369,4040,55,magnetometer sbe41 contopt wlseaowl,66.12,13.3,139.377,13.18,0,1.53484e+09,16.7333,150.55,1.47126,272.417,3151.39,6396.15,8787.77,8787.77,8787.77,1419,880,880,880,1759,0,1.82638,46.657,217.424,293.129,5033.15,92.9672,193.803,271.498,,,,,,,,
2018/DATA-20180705/p6440473.nc,644,6,473,990,410,150,200,1,0,310,0,2000,200,1,0,120,0,0.146234,0,0.00819219,0.0271303,0.0273043,0.0435847,0,2984.08,467.68,SciCon|PAM,9329,25.47,3990,55,magnetometer sbe41 contopt wlseaowl,66.12,13.31,139.679,12.94,0,1.53485e+09,15.0167,157.267,1.75145,281.264,3324.89,6466.48,9190.38,9190.38,9190.38,1458,921,920,920,1840,0,1.96306,46.585,223.778,293.129,5054.24,96.156,1531.23,280.596,,,,,,,,
2018/DATA-20180705/p6440474.nc,644,6,474,990,410,150,200,1,0,310,0,2000,200,1,0,120,0,0.129606,0,0.00677767,0.0269397,0.0263291,0.0418857,0,2877.5,472.032,SciCon|PAM,8805,25.391,3870,55,magnetometer sbe41 contopt wlseaowl,66.12,13.3,139.947,13.17,0,1.53486e+09,15.3333,148.483,1.9883,267.63,3060.44,6273.35,8658.32,8658.32,8658.32,1392,867,865,867,1734,0,1.80959,43.295,216.108,293.374,4999.15,115.044,231.159,266.9,,,,,,,,
2018/DATA-20180705/p6440475.nc,644,6,475,990,410,150,200,1,0,310,0,2000,200,1,0,120,0,0.131448,0,0.00756695,0.0272774,0.0273365,0.0435296,0,2987.59,469.499,SciCon|PAM,9294,25.419,3972,55,magnetometer sbe41 contopt wlseaowl,66.12,13.42,140.223,13.12,0,1.53487e+09,15.0333,156.617,2.18386,276.447,3196.53,6534.45,9158.57,9158.57,9158.57,1464,917,914,916,1833,0,1.91029,46.647,223.811,292.393,4997.59,101.062,280.802,275.75,,,,,,,,
2018/DATA-20180705/p6440476.nc,644,6,476,990,410,150,200,1,0,310,0,2000,200,1,0,120,0,0.14417,0,0.00718367,0.0264564,0.028229,0.0458247,0,3085.14,454.204,SciCon|PAM,10134,25.219,4046,55,magnetometer sbe41 contopt wlseaowl,66.12,13.3,140.53,12.94,0,1.53488e+09,14.7833,170.6,2.32902,301.196,3153.54,6388.18,9845.48,9994.48,9994.48,1529,987,985,986,2000,0,2.10823,49.957,235.909,292.638,5125.22,93.9484,1340.65,300.899,,,,,,,,
2018/DATA-20180705/p6440477.nc,644,6,477,990,410,150,200,1,0,310,0,2000,200,1,0,120,0,0.152908,0,0.0085445,0.028781,0.029969,0.0485191,0,3275.3,488.62,SciCon|PAM,11008,23.788,4090,55,magnetometer sbe41 contopt wlseaowl,66.12,13.29,140.831,13.1,0,1.53489e+09,15.6833,185,2.70295,334.419,3072.88,6372.7,9600.16,10856.5,10856.5,1617,1001,1001,1001,2173,0,2.31689,53.246,249.563,292.638,5315.73,137.856,406.929,334.151,,,,,,,,
2018/DATA-20180705/p6440478.nc,644,6,478,990,410,150,200,1,0,310,0,2000,200,1,0,120,0,0.153436,0,0.00922485,0.0298316,0.0298678,0.0479959,0,3264.24,507.731,SciCon|PAM,10770,23.989,4083,55,magnetometer sbe41 contopt wlseaowl,66.12,13.15,141.155,12.94,0,1.53491e+09,16.2333,181.1,2.69642,327.853,2979.54,6339.22,9561.63,10614.5,10614.5,1586,990,987,990,2124,0,2.2522,49.909,247.503,291.902,5234.46,100.571,1589.46,327.795,,,,,,,,
2018/DATA-20180705/p6440479.nc,644,6,479,990,410,150,200,1,0,310,0,2000,200,1,0,120,0,0.155759,0,0.00784779,0.0295124,0.0310136,0.0501962,0,3389.46,503.285,SciCon|PAM,11402,23.708,4187,55,magnetometer sbe41 contopt wlseaowl,66.12,13.25,141.463,13.17,0,1.53492e+09,16.05,191.55,2.31474,336.031,3195.31,6578.58,9909.35,11245.3,11245.3,1668,1035,1035,1035,2251,0,2.37825,53.253,261.359,292.883,5321.53,191.331,407.051,335.95,,,,,,,,
2018/DATA-20180705/p6440480.nc,644,6,480,990,410,150,200,1,0,310,0,2000,200,1,0,120,0,0.145694,0,0.00812835,0.0299732,0.0306397,0.0497038,0,3348.61,505.535,SciCon|PAM,11301,23.731,4177,55,magnetometer sbe41 contopt wlseaowl,66.12,13.28,141.769,13.14,0,1.53493e+09,16.2167,189.817,2.16747,337.324,3056.33,6454.57,9789.62,11137.3,11137.3,1651,1023,1023,1023,2230,0,2.34837,53.168,257.995,292.393,5299.74,101.307,339.428,336.9,,,,,,,,
2018/DATA-20180705/p6440481.nc,644,6,481,990,410,150,200,1,0,310,0,2000,200,1,0,120,0,0.146184,0,0.0089164,0.0310815,0.0297351,0.0476518,0,3249.74,524.918,SciCon|PAM,10817,23.743,3896,55,magnetometer sbe41 contopt wlseaowl,66.12,13.13,142.068,13.09,0,1.53494e+09,16.4667,181.817,2.41249,334.597,3042.92,6238.73,9413.58,10663.6,10663.6,1585,981,981,981,2134,0,2.23329,49.892,242.906,292.148,5278.55,153.555,330.128,334.251,,,,,,,,
2018/DATA-20180705/p6440482.nc,644,6,482,990,410,150,200,1,0,310,0,2000,200,1,0,120,0,0.140525,0,0.00805817,0.0288505,0.0306091,0.0494581,0,3345.25,492.046,SciCon|PAM,11328,23.476,3808,55,magnetometer sbe41 contopt wlseaowl,66.12,13.28,142.371,13.07,0,1.53496e+09,15.75,190.317,2.68738,342.417,3142.81,6262.81,9613.63,11176.4,11176.4,1638,1012,1010,1012,2237,0,2.33608,53.202,255.886,292.148,5349.68,121.176,263.636,342.451,,,,,,,,
2018/DATA-20180705/p6440483.nc,644,6,483,990,410,150,200,1,0,310,0,2000,200,1,0,120,0,0.172345,0,0.0087018,0.0375653,0.032818,0.0510712,0,3586.67,662.845,SciCon|PAM,11747,23.065,4337,55,magnetometer sbe41 contopt wlseaowl,66.12,13.3,142.695,13.1,0,1.53497e+09,20.0833,197.15,2.76845,356.951,3056.02,6298.65,9581.29,11583.8,11583.8,1683,1024,1023,1023,2319,0,2.46551,53.167,260.037,292.148,5444.96,215.615,523.405,356.757,,,,,,,,
2018/DATA-20180705/p6440484.nc,644,6,484,990,410,150,200,1,0,310,0,2000,200,1,0,120,0,0.19592,0,0.00704257,0.0333032,0.0309735,0.0500282,0,3385.08,556.833,SciCon|PAM,11417,23.134,4087,55,magnetometer sbe41 contopt wlseaowl,66.12,13.27,143.057,13.12,0,1.53498e+09,17.3167,192.15,1.39798,353.29,3015.37,6211.98,9418.62,11255.8,11255.8,1639,1003,1002,1003,2253,0,2.43928,53.381,252.814,291.902,5391.42,197.954,2914.19,352.45,,,,,,,,
2018/DATA-20180705/p6440485.nc,644,6,485,990,410,150,200,1,0,310,0,2000,200,1,0,120,0,0.148498,0,0.00607436,0.0321167,0.029753,0.0473545,0,3251.69,538.01,SciCon|PAM,11007,23.064,4082,55,magnetometer sbe41 contopt wlseaowl,66.12,13.24,143.383,13.12,0,1.53499e+09,16.9,185.867,2.07034,352.137,2686.88,5736,9042.41,10846.8,10846.8,1563,963,952,963,2171,0,2.44871,49.954,235.715,374.812,6924.89,0,0,316.108,,,,,,,,
2018/DATA-20180705/p6440486.nc,644,6,486,990,410,150,200,1,0,310,0,2000,200,1,0,120,0,0.17686,0,0.00795533,0.0332151,0.0320445,0.0511905,0,3502.13,563.564,SciCon|PAM,11828,22.948,4041,55,magnetometer sbe41 contopt wlseaowl,66.12,13.29,143.722,12.99,0,1.53501e+09,17.3,199.3,2.36799,360.006,3104.75,6345.41,9628.98,11672.2,11672.2,1693,1031,1030,1030,2336,0,2.47171,53.233,261.116,291.902,5465.62,187.651,1458.13,359.9,,,,,,,,
2018/DATA-20180705/p6440487.nc,644,6,487,990,410,150,200,1,0,310,0,2000,200,1,0,120,0,0.163166,0,0.00817257,0.0339939,0.0320624,0.0506805,0,3504.08,576.334,SciCon|PAM,11670,23.109,4062,55,magnetometer sbe41 contopt wlseaowl,66.12,13.26,144.065,12.87,0,1.53502e+09,17.4333,195.983,2.19422,354.356,3094.2,6402.95,9622.05,11507,11507,1684,1024,1022,1024,2304,0,2.41185,53.24,255.392,292.148,5421.41,140.8,1714.97,354.008,,,,,,,,
2018/DATA-20180705/p6440488.nc,644,6,488,990,410,150,200,1,0,310,0,2000,200,1,0,120,0,0.151799,0,0.00544875,0.0315475,0.0313156,0.0497344,0,3422.47,530.794,SciCon|PAM,11570,23.11,4216,55,magnetometer sbe41 contopt wlseaowl,66.12,13.29,144.395,12.77,0,1.53503e+09,16.6667,194.717,2.53029,352.476,2876.19,6288.09,9546.03,11408.5,11408.5,1672,1015,1012,1015,2283,0,2.47753,53.258,246.85,290.676,5381.11,82.1742,1425.11,352.26,,,,,,,,
2018/DATA-20180705/p6440489.nc,644,6,489,990,410,150,200,1,0,310,0,2000,200,1,0,120,0,0.141584,0,0.00682129,0.0308299,0.0299826,0.0480277,0,3276.79,518.71,SciCon|PAM,10959,23.942,3935,55,magnetometer sbe41 contopt wlseaowl,66.12,13.28,144.696,13.11,0,1.53504e+09,16.3667,183.867,2.39658,330.151,3048.65,6277.89,9662.15,10799.9,10799.9,1606,1003,1000,1003,2162,0,2.256,53.146,243.587,292.393,5296.43,130.252,279.564,329.767,,,,,,,,
2018/DATA-20180705/p6440490.nc,644,6,490,990,410,150,200,1,0,310,0,2000,200,1,0,120,0,0.171955,0,0.00650172,0.029937,0.0304766,0.0494741,0,3330.78,506.883,SciCon|PAM,11093,23.855,4111,55,magnetometer sbe41 contopt wlseaowl,66.12,13.24,145.023,12.85,0,1.53506e+09,16.1,186.483,1.91034,332.987,3217.31,6564.12,9722.9,10941.2,10941.2,1637,1012,1012,1012,2189,0,2.31585,53.295,253.163,293.129,5303.84,184.463,1497.45,331.994,,,,,,,,
2018/DATA-20180705/p6440491.nc,644,6,491,990,410,150,200,1,0,310,0,2000,200,1,0,120,0,0.153634,0,0.00657036,0.0296429,0.0304018,0.0488218,0,3322.6,500.588,SciCon|PAM,10984,23.917,4059,55,magnetometer sbe41 contopt wlseaowl,66.12,13.26,145.348,12.85,0,1.53507e+09,16.1667,184.583,2.04592,330.112,3209.98,6527.86,9705.46,10825.2,10825.2,1625,1006,1006,1006,2167,0,2.26242,53.228,247.066,292.148,5274.97,100.326,1530.07,329.448,,,,,,,,
2018/DATA-20180705/p6440492.nc,644,6,492,990,410,150,200,1,0,310,0,2000,200,1,0,120,0,0.155543,0,0.00677484,0.0304266,0.0293313,0.046942,0,3205.61,520.763,SciCon|PAM,10406,24.62,3984,55,magnetometer sbe41 contopt wlseaowl,66.12,13.33,145.671,12.84,0,1.53508e+09,16.3833,174.75,2.52279,312.024,3171.82,6450.67,9721.02,10248.5,10248.5,1565,989,987,989,2052,0,2.14781,49.985,237.872,291.657,5187.33,108.176,1710.09,311.911,,,,,,,,
2018/DATA-20180705/p6440493.nc,644,6,493,990,410,150,200,1,0,310,0,2000,200,1,0,120,0,0.15057,0,0.00556968,0.0288135,0.0268858,0.0429042,0,2938.34,492.202,SciCon|PAM,9203,25.384,3920,55,magnetometer sbe41 contopt wlseaowl,66.12,13.24,145.976,12.89,0,1.53509e+09,15.8667,155.467,2.20653,284.818,3087.08,6209.04,9049.18,9049.18,9049.18,1425,906,905,906,1812,0,1.90201,46.635,216.328,292.393,5075.74,103.515,1644.44,284.147,,,,,,,,
2018/DATA-20180705/p6440494.nc,644,6,494,990,410,150,200,1,0,310,0,2000,200,1,0,120,0,0.163169,0,0.00645709,0.0295514,0.0269177,0.0435494,0,2941.83,500.529,SciCon|PAM,9218,25.438,3927,55,magnetometer sbe41 contopt wlseaowl,66.12,13.23,146.282,12.87,0,1.5351e+09,15.5833,155.45,0.892368,281.424,3120.97,6315.74,9080.39,9080.39,9080.39,1433,908,908,908,1817,0,1.90807,46.623,220.34,293.374,5081.51,183.481,1579.82,280.45,,,,,,,,
2018/DATA-20180705/p6440495.nc,644,6,495,990,410,150,200,1,0,310,0,2000,200,1,0,120,0,0.140599,0,0.00551009,0.028235,0.0279858,0.043979,0,3058.56,484.016,SciCon|PAM,9498,25.416,4178,55,magnetometer sbe41 contopt wlseaowl,66.12,13.33,146.583,12.84,0,1.53511e+09,15.45,159.983,1.33559,281.524,3168.06,6491.94,9355.17,9355.17,9355.17,1488,937,936,937,1873,0,1.96568,46.637,220.105,292.393,5056.09,79.4759,1272.54,281.404,,,,,,,,
2018/DATA-20180705/p6440496.nc,644,6,496,990,410,150,200,1,0,310,0,2000,200,1,0,120,0,0.126525,0,0.00819015,0.0314907,0.0288077,0.0444496,0,3148.38,577.082,SciCon|PAM,9583,25.388,4149,55,magnetometer sbe41 contopt wlseaowl,66.12,13.19,146.867,13.03,0,1.53512e+09,18.1,161.467,0.924458,281.046,3108.29,6413.33,9440.19,9440.19,9440.19,1479,945,940,945,1889,0,1.984,46.614,231.149,293.129,5052.72,94.1937,202.457,281.249,,,,,,,,
2018/DATA-20180705/p6440497.nc,644,6,497,990,410,150,200,1,0,310,0,2000,200,1,0,120,0,0.158881,0,0.00853357,0.0289733,0.0266586,0.0423649,0,2913.51,496.852,SciCon|PAM,8955,25.338,3902,55,magnetometer sbe41 contopt wlseaowl,66.12,13.07,147.167,13.09,0,1.53513e+09,15.8667,150.817,0.715904,279.066,2686.23,6060.42,8805.59,8805.59,8805.59,1383,882,880,881,1763,0,1.93077,43.302,216.652,293.374,5046.1,161.405,1562.81,278.1,,,,,,,,
2018/DATA-20180705/p6440498.nc,644,6,498,990,410,150,200,1,0,310,0,2000,200,1,0,120,0,0.136922,0,0.00744717,0.0270712,0.0268532,0.0427935,0,2934.78,486.083,SciCon|PAM,9034,25.43,4072,55,magnetometer sbe41 contopt wlseaowl,66.12,13.24,147.441,13.07,0,1.53514e+09,16.4333,152.367,1.01799,275.403,3156.54,6344.82,8895.63,8895.63,8895.63,1415,890,889,890,1780,0,1.84647,46.693,222.983,292.148,5007.88,135.894,324.719,274.442,,,,,,,,
2018/DATA-20180705/p6440499.nc,644,6,499,990,410,150,200,1,0,310,0,2000,200,1,0,120,0,0.127454,0,0.00786605,0.0275939,0.0265279,0.0419367,0,2899.23,474.049,SciCon|PAM,8830,25.352,3911,55,magnetometer sbe41 contopt wlseaowl,66.12,13.32,147.71,13.1,0,1.53515e+09,15.4333,148.75,1.17369,267.839,3069.37,6319.51,8685.14,8685.14,8685.14,1401,870,868,869,1739,0,1.79813,43.265,214.238,292.883,4997.53,104.251,220.877,267.097,,,,,,,,
2018/DATA-20180705/p6440500.nc,644,6,500,990,410,150,200,1,0,310,0,2000,200,1,0,120,0,0.127276,0,0.00599002,0.0248819,0.0267839,0.043227,0,2927.2,420.728,SciCon|PAM,9236,25.488,3853,55,magnetometer sbe41 contopt wlseaowl,66.12,13.25,147.982,13.1,0,1.53516e+09,14.2667,155.733,1.16994,274.169,3219.47,6462.73,9096.85,9096.85,9096.85,1453,911,909,911,1820,0,1.85788,46.566,222.043,292.883,5049.19,99.3449,193.97,273.85,,,,,,,,
2018/DATA-20180705/p6440501.nc,644,6,501,990,410,150,200,1,0,310,0,2000,200,1,0,120,0,0.132491,0,0.00713474,0.0279436,0.0265275,0.042146,0,2899.18,479.946,SciCon|PAM,8786,25.391,4046,55,magnetometer sbe41 contopt wlseaowl,66.12,13.07,148.253,13.13,0,1.53517e+09,15.3667,148.1,0.58896,261.838,3170.09,6484.54,8640.4,8640.4,8640.4,1408,866,864,866,1730,0,1.78045,46.594,218.203,293.865,5040.67,121.667,257.002,261.103,,,,,,,,
2018/DATA-20180705/p6440502.nc,644,6,502,990,410,150,200,1,0,310,0,2000,200,1,0,120,0,0.141901,0,0.00709319,0.0260262,0.0262315,0.0421323,0,2866.83,449.808,SciCon|PAM,8781,25.429,4022,55,magnetometer sbe41 contopt wlseaowl,66.12,13.36,148.545,13.09,0,1.53518e+09,14.6833,148.15,0.528421,260.773,3275.37,6492.98,8644.24,8644.24,8644.24,1403,865,864,865,1730,0,1.7939,43.32,219.606,292.638,5034.36,85.6083,1366.08,260.149,,,,,,,,
2018/DATA-20180705/p6440503.nc,644,6,503,990,410,150,200,1,0,310,0,2000,200,1,0,120,0,0.124982,0,0.00600521,0.0262358,0.025805,0.0413165,0,2820.22,452.5,SciCon|PAM,8607,25.422,3871,55,magnetometer sbe41 contopt wlseaowl,66.12,13.22,148.81,13.1,0,1.53519e+09,14.75,145.217,1.09195,261.758,3154.26,6338.46,8463.9,8463.9,8463.9,1378,848,846,848,1695,0,1.75856,43.267,215.227,292.638,5012.46,84.3818,205.522,260.595,,,,,,,,
2018/DATA-20180705/p6440504.nc,644,6,504,990,410,150,200,1,0,310,0,2000,200,1,0,120,0,0.127957,0,0.00674261,0.0255015,0.0262486,0.0425079,0,2868.7,432.395,SciCon|PAM,8847,25.455,4048,55,magnetometer sbe41 contopt wlseaowl,66.12,13.24,149.079,13.04,0,1.5352e+09,14.4,149.333,1.08461,267.133,3219.68,6450.44,8708.32,8708.32,8708.32,1410,872,871,872,1743,0,1.81302,46.605,221.467,293.619,5063.07,100.326,210.712,266.195,,,,,,,,
2018/DATA-20180705/p6440505.nc,644,6,505,990,410,150,200,1,0,310,0,2000,200,1,0,120,0,0.140316,0,0.00680712,0.0268449,0.0260026,0.0414636,0,2841.82,462.097,SciCon|PAM,8706,25.399,3911,55,magnetometer sbe41 contopt wlseaowl,66.12,13.22,149.37,12.83,0,1.53521e+09,14.8833,146.883,0.534422,265.759,3090.44,6276.07,8568.7,8568.7,8568.7,1379,858,855,858,1715,0,1.79215,43.332,214.005,292.393,5065.69,78.4947,1293.65,265.1,,,,,,,,
2018/DATA-20180705/p6440506.nc,644,6,506,990,410,150,200,1,0,310,0,2000,200,1,0,120,0,0.141364,0,0.0081907,0.0250252,0.0260553,0.0421492,0,2847.58,425.082,SciCon|PAM,8771,25.332,3891,55,magnetometer sbe41 contopt wlseaowl,66.12,13.21,149.66,12.8,0,1.53522e+09,14.4167,147.8,0.350063,263.798,3184.52,6414.76,8630.06,8630.06,8630.06,1395,865,864,864,1728,0,1.78524,43.264,221.031,293.129,5043.82,84.3818,1340.39,263.151,,,,,,,,
2018/DATA-20180705/p6440507.nc,644,6,507,990,410,150,200,1,0,310,0,2000,200,1,0,120,0,0.12802,0,0.0061263,0.027407,0.0271398,0.0425661,0,2966.1,496.54,SciCon|PAM,8935,25.458,4192,55,magnetometer sbe41 contopt wlseaowl,66.12,13,149.932,13.04,0,1.53523e+09,16.6333,151.267,0.947087,264.814,3190.83,6549.51,8794.95,8794.95,8794.95,1431,880,877,880,1761,0,1.82068,46.661,219.038,292.883,5051.03,100.081,218.687,264.097,,,,,,,,
2018/DATA-20180705/p6440508.nc,644,6,508,990,410,150,200,1,0,310,0,2000,200,1,0,120,0,0.126614,0,0.00663541,0.0253084,0.0265076,0.0425918,0,2897,430.721,SciCon|PAM,8974,25.386,3985,55,magnetometer sbe41 contopt wlseaowl,66.12,13.27,150.202,13.05,0,1.53524e+09,14.6,151.4,0.898624,269.471,3118.64,6444.77,8836.48,8836.48,8836.48,1425,884,881,884,1768,0,1.83674,46.615,219.722,293.129,5071.69,79.7212,206.19,268.84,,,,,,,,
2018/DATA-20180705/p6440509.nc,644,6,509,990,410,150,200,1,0,310,0,2000,200,1,0,120,0,0.127182,0,0.00786852,0.0262908,0.0278627,0.0450148,0,3045.11,451.51,SciCon|PAM,9606,25.45,4026,55,magnetometer sbe41 contopt wlseaowl,66.12,13.24,150.483,13.11,0,1.53525e+09,14.8,162.083,0.89218,278.359,3328.45,6684.62,9462.69,9462.69,9462.69,1502,948,947,948,1894,0,1.95423,49.925,235.546,292.393,5110.52,88.7972,188.859,277.753,,,,,,,,
2018/DATA-20180705/p6440510.nc,644,6,510,990,410,150,200,1,0,310,0,2000,200,1,0,120,0,0.135323,0,0.00748636,0.0272136,0.0265503,0.0426036,0,2901.67,455.311,SciCon|PAM,8856,25.365,4045,55,magnetometer sbe41 contopt wlseaowl,66.12,13.05,150.756,13.05,0,1.53526e+09,15.2,149.333,0.310387,263.768,3151.15,6447.66,8712.3,8712.3,8712.3,1406,872,872,872,1743,0,1.81257,46.585,222.985,292.638,5051.71,132.46,291.107,262.996,,,,,,,,
2018/DATA-20180705/p6440511.nc,644,6,511,990,410,150,200,1,0,310,0,2000,200,1,0,120,0,0.140453,0,0.00677997,0.0274628,0.0267307,0.04206,0,2921.39,472.408,SciCon|PAM,8709,25.4,3930,55,magnetometer sbe41 contopt wlseaowl,66.12,13.35,151.048,12.77,0,1.53527e+09,15.7,146.917,0.546552,259.708,3070.47,6450,8565.36,8565.36,8565.36,1397,858,858,858,1715,0,1.7691,43.214,217.195,292.883,5004.1,102.043,1324.27,258.85,,,,,,,,
2018/DATA-20180705/p6440512.nc,644,6,512,990,410,150,200,1,0,310,0,2000,200,1,0,120,0,0.161046,0,0.00834468,0.0361879,0.028846,0.0434638,0,3152.56,676.546,SciCon|PAM,8959,25.478,4447,55,magnetometer sbe41 contopt wlseaowl,66.12,13.21,151.357,13.07,0,1.53528e+09,21.25,151.133,1.05268,266.326,3069.07,6474.61,8822.36,8822.36,8822.36,1423,883,882,883,1765,0,1.88594,46.638,223.82,292.638,5022.31,173.915,1522.22,265.849,,,,,,,,
2018/DATA-20180705/p6440513.nc,644,6,513,990,410,150,200,1,0,310,0,2000,200,1,0,120,0,0.131938,0,0.00672267,0.0273313,0.0272512,0.0434584,0,2978.27,469.202,SciCon|PAM,9294,25.394,3971,55,magnetometer sbe41 contopt wlseaowl,66.12,13.21,151.635,13,0,1.53529e+09,15.0667,156.6,1.00508,279.742,3162,6438.12,9155.73,9155.73,9155.73,1455,916,914,916,1832,0,1.92821,46.626,224.174,292.883,5086.92,113.081,240.387,279.094,,,,,,,,
2018/DATA-20180705/p6440514.nc,644,6,514,990,410,150,200,1,0,310,0,2000,200,1,0,120,0,0.130921,0,0.00820627,0.0278444,0.0270504,0.0432625,0,2956.33,479.163,SciCon|PAM,9154,25.404,3903,55,magnetometer sbe41 contopt wlseaowl,66.12,13.21,151.911,13.01,0,1.5353e+09,15.45,154.35,0.496361,279.224,3065.76,6331.86,9011.79,9011.79,9011.79,1425,903,901,902,1804,0,1.89155,46.594,224.835,293.129,5065.62,110.628,234.511,278.749,,,,,,,,
2018/DATA-20180705/p6440515.nc,644,6,515,990,410,150,200,1,0,310,0,2000,200,1,0,120,0,0.12801,0,0.00733765,0.0271713,0.0271503,0.04348,0,2967.25,468.438,SciCon|PAM,9302,25.487,3882,55,magnetometer sbe41 contopt wlseaowl,66.12,13.19,152.188,13.02,0,1.53531e+09,15.1167,156.65,0.583613,279.612,3119.13,6420.26,9163.25,9163.25,9163.25,1446,917,915,917,1834,0,1.91115,46.652,228.22,293.374,5074.85,94.1937,212.478,278.947,,,,,,,,
2018/DATA-20180705/p6440516.nc,644,6,516,990,410,150,200,1,0,310,0,2000,200,1,0,120,0,0.135211,0,0.00504459,0.0274086,0.027244,0.0434002,0,2977.49,471.82,SciCon|PAM,9255,25.481,3997,55,magnetometer sbe41 contopt wlseaowl,66.12,13.04,152.464,13,0,1.53532e+09,15.2167,156.05,1.06569,275.452,3144.78,6464.94,9110.34,9110.34,9110.34,1460,913,912,913,1824,0,1.9137,46.648,215.105,293.129,5045.88,99.0996,298.869,275.399,,,,,,,,
2018/DATA-20180705/p6440517.nc,644,6,517,990,410,150,200,1,0,310,0,2000,200,1,0,120,0,0.147631,0,0.00793054,0.0274298,0.0287587,0.046806,0,3143.02,473.495,SciCon|PAM,10198,25.077,3926,55,magnetometer sbe41 contopt wlseaowl,66.12,13.03,152.778,12.71,0,1.53533e+09,15.2,171.8,1.28869,303.097,3172,6555.5,9811.41,10055.6,10055.6,1546,991,986,990,2012,0,2.11226,49.944,241.275,292.638,5156.75,90.0236,1415.34,302.398,,,,,,,,
2018/DATA-20180705/p6440518.nc,644,6,518,990,410,150,200,1,0,310,0,2000,200,1,0,120,0,0.12888,0,0.00678055,0.0289237,0.0283564,0.0453806,0,3099.06,493.932,SciCon|PAM,9837,25.404,4061,55,magnetometer sbe41 contopt wlseaowl,66.12,13.21,153.064,12.82,0,1.53534e+09,15.8667,165.3,0.860103,296.271,3105.32,6395.84,9682.56,9682.56,9682.56,1502,970,967,969,1938,0,2.02737,46.573,232.516,293.619,5144.32,92.7219,186.011,295.383,,,,,,,,
2018/DATA-20180705/p6440519.nc,644,6,519,990,410,150,200,1,0,310,0,2000,200,1,0,120,0,0.130587,0,0.00741823,0.0270876,0.0281343,0.0454346,0,3074.79,462.904,SciCon|PAM,9823,25.39,3964,55,magnetometer sbe41 contopt wlseaowl,66.12,13.22,153.348,13,0,1.53536e+09,15.3167,165.233,0.779868,295.863,3217.88,6417.34,9677.43,9677.43,9677.43,1499,968,965,968,1936,0,2.03398,46.694,234.537,292.638,5134.67,100.817,213.817,295.045,,,,,,,,
2018/DATA-20180705/p6440520.nc,644,6,520,990,410,150,200,1,0,310,0,2000,200,1,0,120,0,0.125656,0,0.00669918,0.0301241,0.0288304,0.0454632,0,3150.86,548.983,SciCon|PAM,9768,25.391,4119,55,magnetometer sbe41 contopt wlseaowl,66.12,13.33,153.634,13.02,0,1.53537e+09,17.7833,164.517,1.32722,289.056,3094.88,6505.59,9620,9620,9620,1505,963,962,963,1926,0,2.00092,46.628,233.351,291.166,5087.67,84.1365,177.514,288.155,,,,,,,,
2018/DATA-20180705/p6440521.nc,644,6,521,990,410,150,200,1,0,310,0,2000,200,1,0,120,0,0.144925,0,0.00862428,0.0284188,0.0283465,0.0454097,0,3097.98,488.191,SciCon|PAM,9791,25.368,3954,55,magnetometer sbe41 contopt wlseaowl,66.12,13.21,153.943,13.04,0,1.53538e+09,15.5833,164.867,1.35557,293.823,3169.24,6408.74,9645.69,9645.69,9645.69,1497,965,964,965,1930,0,2.04254,46.6,233.193,293.129,5141.83,84.1365,1353.14,293.204,,,,,,,,
2018/DATA-20180705/p6440522.nc,644,6,522,990,410,150,200,1,0,310,0,2000,200,1,0,120,0,0.141804,0,0.00817066,0.029402,0.0277667,0.0444723,0,3034.61,501.301,SciCon|PAM,9547,25.384,3996,55,magnetometer sbe41 contopt wlseaowl,66.12,13.21,154.248,12.73,0,1.53539e+09,15.8667,160.767,0.892715,292.131,3134.92,6291.04,9398.16,9398.16,9398.16,1466,941,938,941,1881,0,1.98505,46.619,228.539,292.638,5132.02,79.9665,1229.6,291.599,,,,,,,,
2018/2018_2/p6440523.nc,644,6,523,990,410,150,200,1,0,310,0,2000,200,1,0,120,0,0.137053,0,0.00781796,0.0301998,0.0287022,0.0450175,0,3136.85,550.283,SciCon|PAM,9720,25.412,4147,55,magnetometer sbe41 contopt wlseaowl,66.12,13.21,154.536,12.98,0,1.5354e+09,17.6833,163.75,0.601824,293.066,3181.64,6440.22,9574.71,9574.71,9574.71,1497,958,957,958,1916,0,2.0186,46.664,229.18,293.129,5142.3,129.516,280.875,292.048,,,,,,,,
2018/2018_2/p6440524.nc,644,6,524,990,410,150,200,1,0,310,0,2000,200,1,0,120,0,0.146757,0,0.00700815,0.0277092,0.0274882,0.0446965,0,3004.18,472.055,SciCon|PAM,9532,25.44,4010,55,magnetometer sbe41 contopt wlseaowl,66.12,13.03,154.843,12.97,0,1.53541e+09,15.2833,160.383,1.24507,287.235,3071.17,6361.82,9383.38,9383.38,9383.38,1465,940,940,939,1878,0,1.98363,46.61,230.385,292.883,5101.82,93.2125,1484.36,286.36,,,,,,,,
2018/2018_2/p6440525.nc,644,6,525,990,410,150,200,1,0,310,0,2000,200,1,0,120,0,0.145445,0,0.00760896,0.0276535,0.027997,0.0452873,0,3059.78,474.781,SciCon|PAM,9668,25.397,4069,55,magnetometer sbe41 contopt wlseaowl,66.12,12.97,155.152,12.68,0,1.53542e+09,15.3333,162.967,1.53714,289.305,3117.87,6528.27,9525.24,9525.24,9525.24,1490,954,950,953,1907,0,2.01494,46.606,235.006,292.638,5138.87,86.5895,1389.55,288.646,,,,,,,,
2018/2018_2/p6440526.nc,644,6,526,990,410,150,200,1,0,310,0,2000,200,1,0,120,0,0.127135,0,0.00847552,0.0267262,0.0269106,0.0434666,0,2941.05,451.287,SciCon|PAM,9183,25.351,3985,55,magnetometer sbe41 contopt wlseaowl,66.12,13.21,155.427,12.95,0,1.53543e+09,15.0333,154.633,0.989982,276.108,3126.35,6405.79,9035.3,9035.3,9035.3,1436,905,903,905,1808,0,1.90098,46.584,226.197,293.619,5068.03,89.7783,204.75,275.445,,,,,,,,
2018/DATA-20180705/p6440527.nc,644,6,527,990,410,150,200,1,0,310,0,2000,200,1,0,120,0,0.132022,0,0.00796085,0.0333157,0.0284825,0.0454284,0,3112.85,566.545,SciCon|PAM,9725,25.4,4140,55,magnetometer sbe41 contopt wlseaowl,66.12,13.01,155.718,13.02,0,1.53544e+09,16.7833,163.75,1.74109,293.086,3130.54,6439.01,9580.54,9580.54,9580.54,1500,960,959,958,1918,0,2.00958,46.621,229.646,293.374,5163.34,104.741,213.601,292.203,,,,,,,,
2018/DATA-20180705/p6440528.nc,644,6,528,990,410,150,200,1,0,310,0,2000,200,1,0,120,0,0.145914,0,0.00931902,0.0285091,0.0284826,0.0460018,0,3112.85,482.326,SciCon|PAM,10127,24.897,3886,55,magnetometer sbe41 contopt wlseaowl,66.12,13.28,156.029,12.69,0,1.53545e+09,15.5,170.533,1.87226,305.505,3064.66,6395.94,9664.01,9980,9980,1531,975,973,975,1997,0,2.10782,49.957,234.491,291.166,5137.07,85.8536,1361.08,304.957,,,,,,,,
2018/DATA-20180705/p6440529.nc,644,6,529,990,410,150,200,1,0,310,0,2000,200,1,0,120,0,0.133873,0,0.00703231,0.0298268,0.0308632,0.0501808,0,3373.03,505.356,SciCon|PAM,11540,23.508,4057,55,magnetometer sbe41 contopt wlseaowl,66.12,13.2,156.334,12.94,0,1.53546e+09,15.9667,193.867,2.12174,342.528,3174.06,6526.86,9865.54,11387.2,11387.2,1689,1036,1035,1036,2279,0,2.40179,53.185,253.26,291.902,5361.9,86.8348,193.781,342.009,,,,,,,,
2018/DATA-20180705/p6440530.nc,644,6,530,990,410,150,200,1,0,310,0,2000,200,1,0,120,0,0.146712,0,0.00690903,0.0318246,0.0301327,0.0478643,0,3293.2,536.307,SciCon|PAM,10774,24.288,4066,55,magnetometer sbe41 contopt wlseaowl,66.12,13.21,156.655,12.65,0,1.53548e+09,16.7833,180.85,2.30532,318.838,3120.2,6414.5,9845.01,10613.7,10613.7,1604,1008,1008,1008,2123,0,2.27415,49.996,238.355,292.883,5250.08,78.74,1299.81,318.15,,,,,,,,
2018/DATA-20180705/p6440531.nc,644,6,531,990,410,150,200,1,0,310,0,2000,200,1,0,120,0,0.150458,0,0.00873023,0.0308107,0.0293228,0.0471139,0,3204.67,521.709,SciCon|PAM,10455,24.459,4001,55,magnetometer sbe41 contopt wlseaowl,66.12,13.2,156.976,12.86,0,1.53549e+09,16.3667,175.783,2.4493,316.31,3068.38,6358.4,9627.56,10299.6,10299.6,1561,983,983,983,2062,0,2.22692,49.93,241.44,290.676,5196.83,91.2501,1503.67,316.054,,,,,,,,
2018/DATA-20180705/p6440532.nc,644,6,532,990,410,150,200,1,0,310,0,2000,200,1,0,120,0,0.149253,0,0.0123418,0.0317349,0.0304767,0.0489827,0,3330.79,539.706,SciCon|PAM,11017,23.99,4155,55,magnetometer sbe41 contopt wlseaowl,66.12,13.19,157.302,12.63,0,1.5355e+09,16.75,185.15,2.30507,330.08,3076.67,6494.85,9746.56,10860.6,10860.6,1624,1012,1010,1012,2175,0,2.32701,53.257,253.417,292.883,5314.08,80.4571,1307.63,329.897,,,,,,,,
2018/DATA-20180705/p6440533.nc,644,6,533,990,410,150,200,1,0,310,0,2000,200,1,0,120,0,0.148507,0,0.00953352,0.0309746,0.0298706,0.0480699,0,3264.54,523.824,SciCon|PAM,10839,23.794,3940,55,magnetometer sbe41 contopt wlseaowl,66.12,13.19,157.623,12.63,0,1.53551e+09,16.45,181.967,1.10593,332.01,3085.54,6369.95,9489.43,10685.3,10685.3,1601,987,985,987,2138,0,2.25052,49.976,247.431,292.638,5313.87,79.4759,1272.26,331.596,,,,,,,,
2018/DATA-20180705/p6440534.nc,644,6,534,990,410,150,200,1,0,310,0,2000,200,1,0,120,0,0.135734,0,0.0103615,0.0314017,0.030806,0.0492496,0,3366.78,533.575,SciCon|PAM,11355,23.258,3887,55,magnetometer sbe41 contopt wlseaowl,66.12,13.16,157.927,12.88,0,1.53552e+09,17,190.517,1.48423,346.834,3077.76,6249.28,9485.06,11196.6,11196.6,1638,1004,1003,1004,2242,0,2.35099,53.263,252.692,292.883,5388.06,91.986,198.562,346.75,,,,,,,,
2018/DATA-20180705/p6440535.nc,644,6,535,990,410,150,200,1,0,310,0,2000,200,1,0,120,0,0.144841,0,0.00740479,0.0315534,0.0313751,0.0507979,0,3428.97,536.435,SciCon|PAM,11558,23.584,4112,55,magnetometer sbe41 contopt wlseaowl,66.12,13.19,158.254,12.65,0,1.53554e+09,16.65,194.217,1.79071,338.377,3204.74,6495.12,9950.03,11399.3,11399.3,1677,1043,1043,1043,2281,0,2.41766,53.18,262.565,291.902,5346.56,98.8543,1082.75,338.36,,,,,,,,
2018/DATA-20180705/p6440536.nc,644,6,536,990,410,150,200,1,0,310,0,2000,200,1,0,120,0,0.148719,0,0.00841512,0.0308546,0.0319478,0.0522264,0,3491.56,518.684,SciCon|PAM,12086,23.238,4147,55,magnetometer sbe41 contopt wlseaowl,66.12,13.18,158.57,12.71,0,1.53555e+09,16.4667,202.7,1.18922,347.321,3239.82,6627.21,10090.6,11920.2,11920.2,1743,961,956,957,2068,0,1659.83,56.595,268.482,292.148,5395.79,146.196,301.94,346.598,,,,,,,,
2018/DATA-20180705/p6440537.nc,644,6,537,990,410,150,200,1,0,310,0,2000,200,1,0,120,0,0.168421,0,0.00629005,0.0298502,0.0295748,0.0483407,0,3232.22,504.794,SciCon|PAM,11105,22.952,4067,55,magnetometer sbe41 contopt wlseaowl,66.12,13.22,158.897,12.93,0,1.53556e+09,16.0667,186.733,1.3025,353.768,2771.19,5840.96,9063.92,10954.7,10954.7,1575,967,958,967,2192,0,2.50776,49.928,243.663,370.888,6824.44,90.2689,193.246,316.522,,,,,,,,
2018/DATA-20180705/p6440538.nc,644,6,538,990,410,150,200,1,0,310,0,2000,200,1,0,120,0,0.170627,0,0.00921183,0.0303857,0.0304835,0.0495811,0,3331.53,509.305,SciCon|PAM,11292,23.135,3875,55,magnetometer sbe41 contopt wlseaowl,66.12,13.24,159.225,12.82,0,1.53557e+09,16.65,189.6,1.9244,352.514,3066.6,6162.53,9287.95,11136.4,11136.4,1621,988,988,988,2229,0,2.35978,53.307,253.615,292.393,5372.18,169.254,1414.42,352.097,,,,,,,,
2018/DATA-20180705/p6440539.nc,644,6,539,990,410,150,200,1,0,310,0,2000,200,1,0,120,0,0.17172,0,0.0090666,0.0300754,0.0313197,0.0512022,0,3422.92,508.302,SciCon|PAM,11795,22.95,3947,55,magnetometer sbe41 contopt wlseaowl,66.12,12.95,159.559,12.63,0,1.53559e+09,16.25,198,1.58009,358.264,2982.32,6290.26,9575.45,11634.2,11634.2,1685,1025,1025,1025,2329,0,2.49628,53.272,258.872,293.374,5358.35,162.141,1498.8,357.597,,,,,,,,
2018/DATA-20180705/p6440540.nc,644,6,540,990,410,150,200,1,0,310,0,2000,200,1,0,120,0,0.150643,0,0.00837577,0.0328145,0.0325862,0.0513574,0,3561.33,555.28,SciCon|PAM,5850,22.906,4054,55,magnetometer sbe41 contopt wlseaowl,66.12,12.88,159.855,12.63,0,1.5356e+09,17.1,204.583,0.958386,357.966,3160.63,6471.37,9849.22,11964.1,11964.1,1743,507,507,507,1138,0,1.40964,56.524,224.2,292.393,5384.44,78.2494,1250.54,357.706,,,,,,,,
2018/DATA-20180705/p6440541.nc,644,6,541,990,410,150,200,1,0,310,0,2000,200,1,0,120,0,0.17624,0,0.01067,0.0232482,0.0307448,0.0519972,0,3360.09,396.223,SciCon|PAM,12243,22.754,3951,55,magnetometer sbe41 contopt wlseaowl,66.12,13.15,160.188,12.59,0,1.53561e+09,13,206.967,1.85401,368.291,3192.5,6332.06,9717.77,12140.4,12140.4,1732,1051,1051,1051,2429,0,2.58217,56.618,265.601,292.883,5431.72,177.594,1550.99,367.55,,,,,,,,
2018/DATA-20180705/p6440542.nc,644,6,542,990,410,150,200,1,0,310,0,2000,200,1,0,120,0,0.177428,0,0.0116366,0.0398359,0.0340715,0.0540194,0,3723.67,696.609,SciCon|PAM,12524,22.657,4373,55,magnetometer sbe41 contopt wlseaowl,66.12,13.16,160.551,12.61,0,1.53563e+09,20.85,210.633,1.75949,371.266,3163.88,6541.54,9918.38,12358.1,12358.1,1772,1072,1070,1071,2473,0,2.62602,56.599,277.951,292.148,5437.75,161.405,1831.76,370.908,,,,,,,,
2018/DATA-20180705/p6440543.nc,644,6,543,990,410,150,200,1,0,310,0,2000,200,1,0,120,0,0.160199,0,0.011096,0.0332268,0.0329883,0.0535062,0,3605.28,558.528,SciCon|PAM,12523,22.245,4070,55,magnetometer sbe41 contopt wlseaowl,66.12,13.22,160.898,12.58,0,1.53564e+09,17.5167,210.517,0.897337,382.864,3071.76,6394.56,9573.47,12354,12354,1760,1049,1048,1049,2472,0,2.63321,56.586,274.664,292.148,5492.35,94.9296,1523.4,382.398,,,,,,,,
2018/DATA-20180705/p6440544.nc,644,6,544,990,410,150,200,1,0,310,0,2000,200,1,0,120,0,0.150823,0,0.0134182,0.0341353,0.0331264,0.0535585,0,3620.37,570.178,SciCon|PAM,12600,22.156,4053,55,magnetometer sbe41 contopt wlseaowl,66.12,13.16,161.245,12.84,0,1.53565e+09,17.7833,211.25,1.97943,382.685,2941.98,6153.73,9560.6,12429.3,12429.3,1744,1051,1048,1051,2488,0,2.7477,56.5,276.473,292.638,5499.86,81.6836,1399.6,382.352,,,,,,,,
2018/DATA-20180705/p6440545.nc,644,6,545,990,410,150,200,1,0,310,0,2000,200,1,0,120,0,0.178145,0,0.0109927,0.0339848,0.0330793,0.0538045,0,3615.22,576.719,SciCon|PAM,12687,22.035,3974,55,magnetometer sbe41 contopt wlseaowl,66.12,13.16,161.596,12.83,0,1.53567e+09,17.6833,212.717,2.15105,387.161,3115.52,6277.59,9506.04,12514.3,12514.3,1766,1049,1046,1049,2504,0,2.65085,56.553,275.168,292.393,5543.57,171.952,1598.63,386.657,,,,,,,,
2018/DATA-20180705/p6440546.nc,644,6,546,990,410,150,200,1,0,310,0,2000,200,1,0,120,0,0.156782,0,0.0107271,0.0324137,0.0330457,0.053819,0,3611.55,551.812,SciCon|PAM,12584,22.199,3963,55,magnetometer sbe41 contopt wlseaowl,66.12,13.19,161.94,12.62,0,1.53568e+09,17.4,211.033,1.40581,384.167,3050.14,6346.59,9516.28,12409.8,12409.8,1766,1047,1044,1045,2486,0,2.62695,56.634,274.49,291.902,5519.12,84.8724,1360.73,383.803,,,,,,,,
2018/2018_2/p6440547.nc,644,6,547,990,410,150,200,1,0,310,0,2000,200,1,0,120,0,0.150804,0,0.00917739,0.0329391,0.0338213,0.054697,0,3696.32,559.656,SciCon|PAM,12984,22.017,4091,55,magnetometer sbe41 contopt wlseaowl,66.12,13.14,162.283,12.61,0,1.53569e+09,17.5167,217.667,2.16391,390.941,3230.09,6508.58,9711.26,12816.2,12816.2,1820,1072,1071,1072,2564,0,2.71436,59.927,278.981,292.393,5569.14,88.7972,1062.04,390.8,,,,,,,,
2018/2018_2/p6440548.nc,644,6,548,990,410,150,200,1,0,310,0,2000,200,1,0,120,0,0.157192,0,0.0103577,0.0351847,0.0338148,0.053959,0,3695.61,596.163,SciCon|PAM,12669,22.158,4117,55,magnetometer sbe41 contopt wlseaowl,66.12,13.14,162.632,12.58,0,1.53571e+09,18.1,212.383,2.57,385.202,3165.15,6346.41,9591.13,12494.3,12494.3,1772,1055,1053,1054,2501,0,2.66633,56.596,276.365,292.148,5519.97,83.8912,1372.88,384.452,,,,,,,,
2018/2018_2/p6440549.nc,644,6,549,990,410,150,200,1,0,310,0,2000,200,1,0,120,0,0.151131,0,0.0104485,0.0316335,0.0341091,0.0555529,0,3727.77,532.632,SciCon|PAM,13014,22.495,4378,55,magnetometer sbe41 contopt wlseaowl,66.12,13.14,162.96,12.76,0,1.53572e+09,17.1167,218.217,2.02736,377.005,3368.74,6821.7,10186.2,12844.7,12844.7,1848,1106,1106,1106,2570,0,2.72447,59.799,286.341,292.393,5493.74,140.064,312.955,376.357,,,,,,,,
2018/2018_2/p6440550.nc,644,6,550,990,410,200,200,1,0,310,0,2000,200,1,0,120,0,0.206212,0,0.00975751,0.0327256,0.0301983,0.0493718,0,3300.36,548.31,SciCon|PAM,11197,22.576,3734,55,magnetometer sbe41 contopt wlseaowl,66.12,13.14,163.339,12.83,0,1.53574e+09,17.45,187.783,1.5024,366.033,2704.8,5748.73,8851.25,11023.2,11023.2,1569,956,955,956,2206,0,2.74487,49.992,255.046,389.775,7187.85,118.969,1955.47,364.248,,,,,,,,
2018/2018_2/p6440551.nc,644,6,551,990,410,200,200,1,0,310,0,2000,200,1,0,120,0,0.177799,0,0.0067136,0.0302884,0.0303413,0.0481522,0,3315.99,517.295,SciCon|PAM,5604,22.705,3615,55,magnetometer sbe41 contopt wlseaowl,66.12,13.09,163.641,12.67,0,1.53575e+09,16.4333,188.5,2.12915,359.915,2809.11,5913.89,9039.04,11057.1,11057.1,1603,481,481,481,1089,0,1.51074,49.895,212.412,389.285,7117.53,112.346,217.222,358.194,,,,,,,,
2018/2018_2/p6440552.nc,644,6,552,990,410,200,200,1,0,310,0,2000,200,1,0,120,0,0.192473,0,0.0085037,0.0200116,0.0282299,0.0477075,0,3085.23,345.656,SciCon|PAM,5525,23.156,3460,55,magnetometer sbe41 contopt wlseaowl,66.12,13.13,163.956,12.63,0,1.53576e+09,12.2,187.15,1.81955,353.18,2930.84,5979.32,9167.54,10975.2,10975.2,1584,486,486,486,1084,0,1.49936,49.946,212.599,389.285,7057.13,140.064,1457.36,351.185,,,,,,,,
2018/2018_2/p6440553.nc,644,6,553,990,410,200,200,1,0,310,0,2000,200,1,0,120,0,0.193374,0,0.00769921,0.0208633,0.0263016,0.0444374,0,2874.49,365.467,SciCon|PAM,4920,23.93,3523,55,magnetometer sbe41 contopt wlseaowl,66.12,13.21,164.265,12.62,0,1.53577e+09,12.6,166.6,1.4161,326.457,2820.74,5798.87,8789.64,9745.99,9745.99,1444,450,449,450,963,0,1.32478,46.671,198.285,389.53,6864.86,109.157,1733.91,324.15,,,,,,,,
2018/2018_2/p6440554.nc,644,6,554,990,410,200,200,1,0,310,0,2000,200,1,0,120,0,0.169404,0,0.00710831,0.0209727,0.0264313,0.0438037,0,2888.66,367.061,SciCon|PAM,4814,24.417,3596,55,magnetometer sbe41 contopt wlseaowl,66.12,13.12,164.54,12.75,0,1.53578e+09,12.4333,165.517,1.37515,314.139,2950.52,5981.73,9105.66,9685.48,9685.48,1467,452,452,452,943,0,1.30699,46.636,194.193,390.021,6795.73,108.666,247.259,311.946,,,,,,,,
2018/2018_2/p6440555.nc,644,6,555,990,410,200,200,1,0,310,0,2000,200,1,0,120,0,0.196286,0,0.00629565,0.0204725,0.0261928,0.0431835,0,2862.61,358.232,SciCon|PAM,4849,24.805,3628,55,magnetometer sbe41 contopt wlseaowl,66.12,13.25,164.849,12.61,0,1.53579e+09,12.2167,163.233,2.15422,306.199,2824.18,6071.4,9207.03,9545.9,9545.9,1467,463,463,463,950,0,1.28004,46.603,188.858,390.021,6746.92,128.29,1971.6,303.842,,,,,,,,
2018/2018_2/p6440556.nc,644,6,556,990,410,200,200,1,0,310,0,2000,200,1,0,120,0,0.192937,0,0.00724286,0.0199252,0.0256243,0.043162,0,2800.47,351.44,SciCon|PAM,4678,24.603,3502,55,magnetometer sbe41 contopt wlseaowl,66.12,13.12,165.153,12.73,0,1.5358e+09,12.15,162.35,2.55134,311.154,2748.11,5810.73,8999.39,9488.73,9488.73,1423,442,440,442,916,0,1.2652,46.636,190.818,390.021,6757.05,118.723,1813.23,309.042,,,,,,,,
2018/2018_2/p6440557.nc,644,6,557,990,410,200,200,1,0,310,0,2000,200,1,0,120,0,0.197383,0,0.00815557,0.0199275,0.0274174,0.0461849,0,2996.43,351.702,SciCon|PAM,5008,24.297,3840,55,magnetometer sbe41 contopt wlseaowl,66.12,13.21,165.468,12.58,0,1.53581e+09,12.2333,173.067,2.23104,321.412,2993.75,6321.15,9325.96,10130,10130,1525,468,466,467,983,0,1.35368,49.977,206.684,389.775,6821.06,125.346,1917.62,319.39,,,,,,,,
2018/2018_2/p6440558.nc,644,6,558,990,410,200,200,1,0,310,0,2000,200,1,0,120,0,0.19278,0,0.00743723,0.0196603,0.0262911,0.0445375,0,2873.35,337.02,SciCon|PAM,4930,23.8,3550,55,magnetometer sbe41 contopt wlseaowl,66.12,13.11,165.776,12.66,0,1.53583e+09,11.9833,169.5,1.77765,329.54,2605.26,5796.7,8835.33,9909.22,9909.22,1467,445,443,445,966,0,1.30095,46.615,196.229,389.285,6842.81,109.157,1781.2,327.093,,,,,,,,
2018/2018_2/p6440559.nc,644,6,559,990,410,200,200,1,0,310,0,2000,200,1,0,120,0,0.202019,0,0.00798743,0.0201656,0.0277035,0.0462027,0,3027.71,344.343,SciCon|PAM,4955,23.798,3709,55,magnetometer sbe41 contopt wlseaowl,66.12,13.2,166.087,12.6,0,1.53584e+09,12.8,176.467,2.05065,332.127,2752.1,6029.52,9249.75,10341.5,10341.5,1527,451,451,451,970,0,1.28787,49.972,202.152,388.058,6831.71,154.536,1784.82,330.192,,,,,,,,
2018/2018_2/p6440560.nc,644,6,560,990,410,200,200,1,0,310,0,2000,200,1,0,120,0,0.245729,0,0.00766958,0.0217603,0.027231,0.0458457,0,2976.06,381.161,SciCon|PAM,5026,23.481,3583,55,magnetometer sbe41 contopt wlseaowl,66.12,13.12,166.436,12.62,0,1.53585e+09,12.85,173.567,2.59158,336.425,2760.03,5855.08,8906.94,10163.5,10163.5,1494,451,451,451,986,0,1.35026,49.897,199.369,389.285,6872.92,252.9,3546.68,334.394,,,,,,,,
2018/2018_2/p6440561.nc,644,6,561,990,410,200,200,1,0,310,0,2000,200,1,0,120,0,0.193096,0,0.00734132,0.0207732,0.0274606,0.0461095,0,3001.16,362.716,SciCon|PAM,5188,23.576,3636,55,magnetometer sbe41 contopt wlseaowl,66.12,13.23,166.749,12.56,0,1.53586e+09,12.35,175.733,1.79298,336.942,2946.39,6121.66,9045.37,10301.5,10301.5,1535,467,467,467,1018,0,1.40799,49.975,202.731,388.794,6869.59,110.138,1740.22,334.898,,,,,,,,
2018/2018_2/p6440562.nc,644,6,562,990,410,200,200,1,0,310,0,2000,200,1,0,120,0,0.204348,0,0.00793129,0.0204947,0.0271507,0.0459282,0,2967.29,353.609,SciCon|PAM,5167,23.625,3458,55,magnetometer sbe41 contopt wlseaowl,66.12,13.12,167.069,12.59,0,1.53587e+09,12.3,176.183,1.56718,335.28,2773.46,5859.95,9067.08,10326.2,10326.2,1510,467,467,467,1013,0,1.42023,49.908,202.443,390.021,6891.49,137.611,2124.17,333.346,,,,,,,,
2018/2018_2/p6440563.nc,644,6,563,990,410,200,200,1,0,310,0,2000,200,1,0,120,0,0.176181,0,0.00698776,0.0202672,0.0279137,0.0464197,0,3050.68,352.138,SciCon|PAM,5590,23.783,3420,55,magnetometer sbe41 contopt wlseaowl,66.12,13.21,167.354,12.73,0,1.53588e+09,12.2333,179.083,2.24369,335.598,3057.05,6217.1,9223.23,10475.3,10475.3,1564,507,505,506,1097,0,1.32744,49.902,206.019,389.775,6876.68,131.479,224.523,333.544,,,,,,,,
2018/2018_2/p6440564.nc,644,6,564,990,410,200,200,1,0,310,0,2000,200,1,0,120,0,0.195867,0,0.00759451,0.0211057,0.0274769,0.0456901,0,3002.94,370.754,SciCon|PAM,5196,23.608,3578,55,magnetometer sbe41,66.12,13.12,167.669,12.7,0,1.53589e+09,12.6333,176.7,2.1816,335.399,2843.08,5946.34,9102.3,10337.2,10337.2,1524,355,0,0,0,0,3553.69,49.936,199.975,390.266,6896.19,114.553,1794.75,333.498,,,,,,,,
2018/2018_2/p6440565.nc,644,6,565,990,410,200,200,1,0,310,0,2000,200,1,0,120,0,0.193055,0,0.00747506,0.0228383,0.0276874,0.0450756,0,3025.95,388.137,SciCon|PAM,5414,23.764,3382,55,magnetometer sbe41 contopt wlseaowl,66.12,13.12,167.983,12.56,0,1.53591e+09,13.4833,176.333,2.20176,335.19,2871.34,5915.94,9112.07,10346.7,10346.7,1532,491,491,491,1061,0,1.34457,49.919,195.62,389.775,6891.58,107.194,1678.32,333.34,,,,,,,,
2018/2018_2/p6440566.nc,644,6,566,990,410,200,200,1,0,310,0,2000,200,1,0,120,0,0.197097,0,0.00757444,0.020963,0.0272571,0.0455553,0,2978.91,366.897,SciCon|PAM,5014,23.832,3528,55,magnetometer sbe41 contopt wlseaowl,66.12,13.12,168.299,12.62,0,1.53592e+09,12.5,177.5,1.90643,335.19,2506.48,5788.35,9181.07,10402.2,10402.2,1515,455,453,455,981,0,1.34702,49.959,199.628,390.021,6905.96,116.025,1903.27,333.592,,,,,,,,
2018/2018_2/p6440567.nc,644,6,567,990,410,200,200,1,0,310,0,2000,200,1,0,120,0,0.197754,0,0.00667527,0.020535,0.0272913,0.0452893,0,2982.65,355.656,SciCon|PAM,5145,23.964,3574,55,magnetometer sbe41 contopt wlseaowl,66.12,13.12,168.613,12.62,0,1.53593e+09,12.35,174.183,2.20056,329.966,2887.92,6075.53,9130.91,10207.6,10207.6,1531,469,469,469,1009,0,1.41267,49.999,195.926,389.53,6815.45,126.573,1917.44,327.691,,,,,,,,
2018/DATA-20180705/p6440568.nc,644,6,568,990,410,200,200,1,0,310,0,2000,200,1,0,120,0,0.226035,0,0.00595533,0.0195278,0.0255743,0.0428798,0,2795,337.775,SciCon|PAM,4942,24.075,3276,55,magnetometer sbe41 contopt wlseaowl,66.12,13.09,168.924,12.56,0,1.53594e+09,12,165.017,2.12954,325.906,2658.59,5646.63,8685.32,9628.9,9628.9,1435,454,453,454,967,0,1.28952,46.664,183.015,389.53,6760.09,259.523,2201.94,323.934,,,,,,,,
2018/DATA-20180705/p6440569.nc,644,6,569,990,410,200,200,1,0,310,0,2000,200,1,0,120,0,0.227339,0,0.00706008,0.0214332,0.0270248,0.0444601,0,2953.53,369.359,SciCon|PAM,5000,23.949,3353,55,magnetometer sbe41 contopt wlseaowl,66.12,13.25,169.243,12.57,0,1.53595e+09,13.35,168.1,1.03558,327.13,2853.4,5751.37,8850.75,9820.62,9820.62,1453,458,458,458,980,0,1.34188,46.622,191.865,389.53,6729.73,263.693,2305.48,324.854,,,,,,,,
2018/DATA-20180705/p6440570.nc,644,6,570,990,410,200,200,1,0,310,0,2000,200,1,0,120,0,0.206607,0,0.00711007,0.0211495,0.0263072,0.0440833,0,2875.1,363.187,SciCon|PAM,5099,23.996,3333,55,magnetometer sbe41 contopt wlseaowl,66.12,13.26,169.562,12.7,0,1.53596e+09,12.5667,167.917,0.846709,328.115,2728.77,5741.69,8800.21,9820.73,9820.73,1456,468,466,468,1000,0,1.2987,46.615,190.944,389.285,6722.84,160.424,2364.9,326.348,,,,,,,,
2018/DATA-20180705/p6440571.nc,644,6,571,990,410,150,200,1,0,310,0,2000,200,1,0,120,0,0.16988,0,0.00761559,0.0221196,0.0280744,0.0509478,0,3068.24,379.578,SciCon|PAM,10086,24.168,3579,55,magnetometer sbe41 contopt wlseaowl,66.12,13.29,169.891,12.74,0,1.53597e+09,12.75,170.75,1.39146,322.941,2763.82,5848.34,9094.13,9985.26,9985.26,1435,937,937,937,2000,0,2.25304,46.63,434.796,292.393,5098.51,171.217,2434.37,322.447,,,,,,,,
2018/DATA-20180705/p6440572.nc,644,6,572,990,410,150,200,1,0,310,0,2000,200,1,0,120,0,0.165218,0,0.00791912,0.028352,0.0280724,0.0487718,0,3068.02,479.612,SciCon|PAM,9585,24.326,3624,55,magnetometer sbe41 contopt wlseaowl,66.12,13.1,170.207,12.56,0,1.53598e+09,16.0333,161.333,1.59719,314.603,2682.74,5502.9,8818.48,9431.04,9431.04,1358,900,896,900,1888,0,2.19551,43.312,416.757,378.246,6572.33,106.704,251.694,293.023,,,,,,,,
2018/DATA-20180705/p6440573.nc,644,6,573,990,410,150,200,1,0,310,0,2000,200,1,0,120,0,0.146925,0,0.00828266,0.028213,0.0318198,0.0558056,0,3477.58,482.957,SciCon|PAM,10923,24.582,4037,55,magnetometer sbe41 contopt wlseaowl,66.12,13.14,170.539,12.54,0,1.53599e+09,15.7833,183.717,1.54054,315.011,3143.75,6730.14,10127.2,10777.2,10777.2,1581,1035,1033,1035,2158,0,2.28173,49.997,485.958,292.393,5077.79,92.9672,1467.85,314.146,,,,,,,,
2018/2018_2/p6440574.nc,644,6,574,990,410,150,200,1,0,310,0,2000,200,1,0,120,0,0.172461,0,0.00727925,0.0310918,0.0288365,0.0498616,0,3151.53,533.745,SciCon|PAM,9500,25.061,3671,55,magnetometer sbe41 contopt wlseaowl,66.12,13.31,170.878,12.91,0,1.53601e+09,17.1667,160.017,1.31547,301.14,2728.71,5892.25,9205.4,9337.41,9337.41,1370,923,920,922,1868,0,2.09275,43.317,426.699,292.393,5016.74,166.801,2632.93,300.35,,,,,,,,
2018/2018_2/p6440575.nc,644,6,575,990,410,150,200,1,0,310,0,2000,200,1,0,120,0,0.187962,0,0.00600101,0.0267782,0.027372,0.0479808,0,2991.48,454.987,SciCon|PAM,9112,25.229,3547,55,magnetometer sbe41 contopt wlseaowl,66.12,13.12,171.22,12.85,0,1.53602e+09,15.5833,153.433,1.86997,299.677,2828.56,5592.04,8965.17,8965.17,8965.17,1308,890,889,890,1794,0,2.06463,43.343,406.769,379.964,6477.53,124.365,1819.41,268.451,,,,,,,,
2018/2018_2/p6440576.nc,644,6,576,990,410,150,200,1,0,310,0,2000,200,1,0,120,0,0.178854,0,0.00569648,0.0268679,0.0267348,0.0466068,0,2921.84,463.408,SciCon|PAM,8816,25.373,3577,55,magnetometer sbe41 contopt wlseaowl,66.12,13.27,171.552,12.78,0,1.53603e+09,15.4333,148.517,2.15575,285.795,2636.27,5542.35,8665.22,8665.22,8665.22,1283,868,868,868,1736,0,2.03716,40.008,394.806,372.605,6313.17,111.855,1702.23,264.888,,,,,,,,
2018/2018_2/p6440577.nc,644,6,577,990,410,150,200,1,0,310,0,2000,200,1,0,120,0,0.145685,0,0.00661981,0.0271007,0.0270081,0.0469645,0,2951.7,466.889,SciCon|PAM,8854,25.497,3636,55,magnetometer sbe41 contopt wlseaowl,66.12,13.09,171.862,12.93,0,1.53604e+09,15.3833,149.117,1.83045,284.531,2730.94,5772.69,8709.89,8709.89,8709.89,1305,873,869,872,1744,0,2.03512,43.247,401.426,401.304,6819.82,0,0,254.151,,,,,,,,
2018/2018_2/p6440578.nc,644,6,578,990,410,150,200,1,0,310,0,2000,200,1,0,120,0,0.178155,0,0.00620909,0.0257757,0.0261634,0.0459812,0,2859.39,438.846,SciCon|PAM,8560,25.412,3513,55,magnetometer sbe41 contopt wlseaowl,66.12,13.14,172.189,12.79,0,1.53605e+09,14.9667,144.467,0.961047,276.321,2602.48,5753.78,8419.89,8419.89,8419.89,1272,843,841,843,1685,0,1.91186,40,392.875,293.129,4919.49,192.803,3051.77,275.335,,,,,,,,
2018/DATA-20180705/p6440579.nc,644,6,579,990,410,150,200,1,0,310,0,2000,200,1,0,120,0,0.161306,0,0.00654845,0.0267617,0.0262755,0.0457563,0,2871.64,459.928,SciCon|PAM,8406,25.434,3538,55,magnetometer sbe41 contopt wlseaowl,66.12,13.12,172.502,12.57,0,1.53606e+09,15.2167,141.9,1.11292,269.533,2746.71,5882.86,8263.53,8263.53,8263.53,1265,827,824,827,1654,0,1.84898,39.964,393.968,293.374,4904.96,178.575,2339.25,268.447,,,,,,,,
2018/2018_2/p6440580.nc,644,6,580,990,410,150,200,1,0,310,0,2000,200,1,0,120,0,0.176792,0,0.00616935,0.0255067,0.0259213,0.0458682,0,2832.93,434.469,SciCon|PAM,8294,25.438,3617,55,magnetometer sbe41 contopt wlseaowl,66.12,13.15,172.825,12.83,0,1.53606e+09,14.7667,139.983,1.88201,263.651,2702.63,5910.75,8150.82,8150.82,8150.82,1257,816,815,816,1632,0,1.842,40.058,390.111,379.473,6307.41,105.723,1571.59,232.66,,,,,,,,
2018/2018_2/p6440581.nc,644,6,581,990,410,150,200,1,0,310,0,2000,200,1,0,120,0,0.151333,0,0.00615539,0.0254116,0.0260399,0.0455772,0,2845.9,433.236,SciCon|PAM,8267,25.435,3561,55,magnetometer sbe41 contopt wlseaowl,66.12,13.35,173.117,12.87,0,1.53607e+09,14.8167,139.483,2.27367,261.701,2859.33,6027.26,8127.3,8127.3,8127.3,1265,814,812,813,1627,0,1.8259,39.996,391.939,292.638,4835.54,171.707,1522.31,260.848,,,,,,,,
2018/2018_2/p6440582.nc,644,6,582,990,410,150,200,1,0,310,0,2000,200,1,0,120,0,0.170395,0,0.00675286,0.030459,0.0267045,0.0458559,0,2918.52,542.244,SciCon|PAM,8166,25.432,3738,55,magnetometer sbe41 contopt wlseaowl,66.12,13.09,173.436,12.52,0,1.53608e+09,17.8167,137.983,1.93741,258.814,2749.4,6001.91,8026.43,8026.43,8026.43,1250,804,799,803,1607,0,1.78248,40.019,391.962,293.129,4824.72,167.047,2627.99,257.645,,,,,,,,
2018/2018_2/p6440583.nc,644,6,583,990,410,150,200,1,0,310,0,2000,200,1,0,120,0,0.146024,0,0.00806834,0.0246412,0.0262084,0.0465118,0,2864.3,418.875,SciCon|PAM,8322,25.352,3514,55,magnetometer sbe41 contopt wlseaowl,66.12,13.09,173.734,12.5,0,1.53609e+09,14.5167,140.483,1.54624,257.918,2963.46,6238.69,8187.9,8187.9,8187.9,1286,820,818,820,1639,0,1.72512,40.04,399.809,292.148,4830.73,112.591,1765.8,256.582,,,,,,,,
2018/2018_2/p6440584.nc,644,6,584,990,410,150,200,1,0,310,0,2000,200,1,0,120,0,0.133964,0,0.00807087,0.0257223,0.0251851,0.0435776,0,2752.47,445.571,SciCon|PAM,7778,25.441,3557,55,magnetometer sbe41 contopt wlseaowl,66.12,13.13,174.017,12.83,0,1.5361e+09,15.0167,131.5,1.61939,248.065,2803.97,5914.69,7641.38,7641.38,7641.38,1211,765,765,765,1529,0,1.71753,40,377.28,381.926,6254.26,6.86829,10.9296,223.222,,,,,,,,
2018/2018_2/p6440585.nc,644,6,585,990,410,150,200,1,0,310,0,2000,200,1,0,120,0,0.154587,0,0.00580761,0.0247241,0.024381,0.0425754,0,2664.59,427.281,SciCon|PAM,7459,25.373,3594,55,magnetometer sbe41 contopt wlseaowl,66.12,13.34,174.298,12.87,0,1.53611e+09,14.45,126.167,2.08546,243.725,2775.76,5843.77,7321.2,7321.2,7321.2,1173,733,733,732,1466,0,1.6939,36.744,364.206,377.265,6177.13,114.063,221.438,222.824,,,,,,,,
2018/2018_2/p6440586.nc,644,6,586,990,410,150,200,1,0,310,0,2000,200,1,0,120,0,0.167404,0,0.00545249,0.0228763,0.024669,0.0435872,0,2696.07,390.171,SciCon|PAM,7603,25.454,3495,55,magnetometer sbe41 contopt wlseaowl,66.12,13.12,174.599,12.54,0,1.53612e+09,13.7333,128.733,2.53402,237.902,2694.36,6062.24,7471.59,7471.59,7471.59,1204,749,748,749,1496,0,1.65973,36.68,370.513,292.883,4724.13,169.99,2674.39,237.197,,,,,,,,
2018/2018_2/p6440587.nc,644,6,587,990,410,150,200,1,0,310,0,2000,200,1,0,120,0,0.167586,0,0.00839262,0.0253014,0.0243267,0.0427555,0,2658.65,438.627,SciCon|PAM,7389,25.421,3433,55,magnetometer sbe41 contopt wlseaowl,66.12,13.09,174.902,12.84,0,1.53613e+09,14.65,124.85,2.07586,234.717,2771.61,6001.77,7254.56,7254.56,7254.56,1176,727,726,727,1453,0,1.59824,36.7,366.768,292.393,4712.87,174.16,2722.58,233.806,,,,,,,,
2018/2018_2/p6440588.nc,644,6,588,990,410,150,200,1,0,310,0,2000,200,1,0,120,0,0.151415,0,0.00759783,0.0249136,0.0241526,0.0421739,0,2639.63,432.502,SciCon|PAM,7249,25.416,3662,55,magnetometer sbe41 contopt wlseaowl,66.12,13.09,175.179,12.81,0,1.53614e+09,14.55,122.75,1.91291,228.615,2718.84,6057.6,7118.3,7118.3,7118.3,1168,713,710,713,1426,0,1.653,36.699,362.504,378.982,6077.82,105.723,244.495,207.725,,,,,,,,
2018/DATA-20180705/p6440589.nc,644,6,589,990,410,150,200,1,0,310,0,2000,200,1,0,120,0,0.161341,0,0.00505579,0.0239526,0.0223812,0.0390085,0,2446.03,408.907,SciCon|PAM,6670,25.396,3497,55,magnetometer sbe41 contopt wlseaowl,66.12,13.42,175.468,12.74,0,1.53614e+09,14.1,113.1,1.70076,228.485,2567.11,5503.65,6540.46,6540.46,6540.46,1072,655,652,655,1311,0,1.58111,33.342,331.082,377.265,6055.78,87.0801,1354.51,213.21,,,,,,,,
2018/DATA-20180705/p6440590.nc,644,6,590,990,410,150,200,1,0,310,0,2000,200,1,0,120,0,0.163104,0,0.00650997,0.0222661,0.0222608,0.0397547,0,2432.88,381.194,SciCon|PAM,6581,25.38,3475,55,magnetometer sbe41 contopt wlseaowl,66.12,13.09,175.756,12.75,0,1.53615e+09,13.4333,111.567,2.15887,216.311,2747.51,5799.65,6455.14,6455.14,6455.14,1078,647,645,647,1293,0,1.47648,33.358,340.678,375.303,5922.03,101.307,1504.87,194.507,,,,,,,,
2018/DATA-20180705/p6440591.nc,644,6,591,990,410,150,200,1,0,310,0,2000,200,1,0,120,0,0.183189,0,0.00771531,0.0228369,0.0225368,0.0403353,0,2463.04,392.386,SciCon|PAM,6793,25.463,3481,55,magnetometer sbe41 contopt wlseaowl,66.12,13.43,176.061,12.45,0,1.53616e+09,13.65,114.967,2.58457,225.708,2327.4,5698.17,6672.54,6672.54,6672.54,1087,669,665,668,1336,0,1.56098,33.363,342.382,293.374,4654.52,225.427,3479.97,224.8,,,,,,,,
2018/DATA-20180705/p6440592.nc,644,6,592,990,410,150,200,1,0,310,0,2000,200,1,0,120,0,0.129099,0,0.0053176,0.0230258,0.0244611,0.0424001,0,2673.34,400.871,SciCon|PAM,7390,25.504,3418,55,magnetometer sbe41 contopt wlseaowl,66.12,13.33,176.335,12.88,0,1.53617e+09,14.2833,125.4,3.05567,234.636,2887.09,5974.37,7261.76,7261.76,7261.76,1182,727,725,726,1455,0,1.68429,36.674,364.624,381.681,6155.11,0,0,219.96,,,,,,,,
2018/DATA-20180705/p6440593.nc,644,6,593,990,410,150,200,1,0,310,0,2000,200,1,0,120,0,0.166005,0,0.00604823,0.0249012,0.0235369,0.0407608,0,2572.34,428.343,SciCon|PAM,6992,25.429,3434,55,magnetometer sbe41 contopt wlseaowl,66.12,13.1,176.634,12.72,0,1.53618e+09,15,118.533,1.9245,233.332,2631.09,5652.94,6860.33,6860.33,6860.33,1107,687,686,687,1373,0,1.61899,36.704,348.744,383.398,6178.9,92.7219,1395.85,217.3,,,,,,,,
2018/DATA-20180705/p6440594.nc,644,6,594,990,410,150,200,1,0,310,0,2000,200,1,0,120,0,0.174119,0,0.00568529,0.0223677,0.0237936,0.0419604,0,2600.39,383.601,SciCon|PAM,7321,25.45,3212,55,magnetometer sbe41 contopt wlseaowl,66.12,13.09,176.941,12.76,0,1.53618e+09,13.5333,124.033,1.25458,240.339,2569.37,5725.77,7192.18,7192.18,7192.18,1153,721,719,720,1440,0,1.70316,36.757,356.402,385.115,6287.29,106.949,1626.35,219.785,,,,,,,,
2018/DATA-20180705/p6440595.nc,644,6,595,990,410,150,200,1,0,310,0,2000,200,1,0,120,0,0.167863,0,0.00649234,0.0232256,0.0236583,0.0423312,0,2585.61,399.669,SciCon|PAM,7406,25.4,3261,55,magnetometer sbe41 contopt wlseaowl,66.12,13.06,177.244,12.76,0,1.53619e+09,13.95,125.15,0.979579,241.793,2545.21,5740.57,7277.65,7277.65,7277.65,1156,729,729,729,1456,0,1.68696,36.669,361.395,392.228,6372.21,81.193,1261.15,214.232,,,,,,,,
2018/DATA-20180705/p6440596.nc,644,6,596,990,410,150,200,1,0,310,0,2000,200,1,0,120,0,0.171882,0,0.00743252,0.0252394,0.0240525,0.0421822,0,2628.69,438.586,SciCon|PAM,7344,25.326,3340,55,magnetometer sbe41 contopt wlseaowl,66.12,13.09,177.552,12.8,0,1.5362e+09,14.7,124.3,1.27311,240.578,2549.06,5719.75,7216.13,7216.13,7216.13,1148,722,720,722,1444,0,1.68628,36.66,360.224,374.322,6098.85,110.628,1702.92,218.539,,,,,,,,
2018/DATA-20180705/p6440597.nc,644,6,597,990,410,150,200,1,0,310,0,2000,200,1,0,120,0,0.169777,0,0.0056146,0.0238082,0.023235,0.0412577,0,2539.34,406.117,SciCon|PAM,7262,25.346,3189,55,magnetometer sbe41 contopt wlseaowl,66.12,13.09,177.856,12.69,0,1.53621e+09,14.1333,122.867,1.68267,249.437,2476.22,5385.81,7130.79,7130.79,7130.79,1112,715,713,715,1428,0,1.73319,36.657,349.474,388.058,6368.1,87.5707,1363.83,232.128,,,,,,,,
2018/DATA-20180705/p6440598.nc,644,6,598,990,410,150,200,1,0,310,0,2000,200,1,0,120,0,0.167413,0,0.00820096,0.02424,0.0252962,0.0448347,0,2764.62,419.918,SciCon|PAM,8147,25.433,3264,55,magnetometer sbe41 contopt wlseaowl,66.12,13.06,178.168,12.76,0,1.53622e+09,14.25,137.7,1.6844,263.958,2763.38,5816.74,8011.25,8011.25,8011.25,1234,803,801,803,1605,0,1.83962,40.001,387.121,378.001,6270.07,82.91,1285.92,239.954,,,,,,,,
2018/DATA-20180705/p6440599.nc,644,6,599,990,410,100,200,1,0,310,0,2000,200,1,0,120,0,0.137251,0,0.00728935,0.0244744,0.0261058,0.0453358,0,2853.09,418.475,SciCon|PAM,8369,25.415,3346,55,magnetometer sbe41 contopt wlseaowl,66.12,13.09,178.454,12.77,0,1.53623e+09,14.4833,141.117,1.14006,267.112,2667.84,5789.81,8228.45,8228.45,8228.45,1260,824,822,823,1647,0,1.68453,39.999,389.518,312.998,5233.09,57.6446,917.423,227.236,,,,,,,,
2018/DATA-20180705/p6440600.nc,644,6,600,990,410,100,200,1,0,310,0,2000,200,1,0,120,0,0.144198,0,0.00661148,0.0261134,0.0263342,0.0456804,0,2878.05,447.331,SciCon|PAM,8345,25.388,3369,55,magnetometer sbe41 contopt wlseaowl,66.12,12.87,178.745,12.8,0,1.53623e+09,15,141.017,1.0978,261.499,2645.68,5924.11,8205.46,8205.46,8205.46,1265,822,820,822,1642,0,1.6236,40.052,393.064,260.259,4305.45,120.686,1971.4,233.302,,,,,,,,
2018/DATA-20180705/p6440601.nc,644,6,601,990,410,100,200,1,0,310,0,2000,200,1,0,120,0,0.145509,0,0.00782383,0.0270056,0.0267747,0.046235,0,2926.2,462.616,SciCon|PAM,8435,25.321,3360,55,magnetometer sbe41 contopt wlseaowl,66.12,13.12,179.039,12.75,0,1.53624e+09,15.3167,142.517,1.67843,266.435,2723.27,5960.05,8294.52,8294.52,8294.52,1276,830,829,830,1660,0,1.65764,39.98,395.056,253.391,4272.82,127.063,2047.79,249.274,,,,,,,,
2018/DATA-20180705/p6440602.nc,644,6,602,990,410,100,200,1,0,310,0,2000,200,1,0,120,0,0.139825,0,0.00633947,0.0310771,0.0280291,0.0471145,0,3063.29,554.379,SciCon|PAM,8645,25.446,3568,55,magnetometer sbe41 contopt wlseaowl,66.12,13.38,179.336,12.8,0,1.53625e+09,18.3,145.867,2.14499,270.715,2660.99,5859,8506.39,8506.39,8506.39,1290,851,849,851,1702,0,1.7111,39.929,400.736,249.711,4233.92,112.591,1872.18,256.066,,,,,,,,
2018/DATA-20180705/p6440603.nc,644,6,603,990,410,100,200,1,0,310,0,2000,200,1,0,120,0,0.144295,0,0.00640804,0.0259096,0.0279111,0.0486249,0,3050.4,442.024,SciCon|PAM,9147,25.453,3291,55,magnetometer sbe41 contopt wlseaowl,66.12,13.1,179.637,12.81,0,1.53626e+09,15.05,155.4,1.62993,278.706,2708.86,6054.32,9002.66,9002.66,9002.66,1351,901,898,901,1801,0,1.7602,43.272,416.267,248.73,4256.13,121.667,2023.53,259.085,,,,,,,,
2018/DATA-20180705/p6440604.nc,644,6,604,990,410,100,200,1,0,310,0,2000,200,1,0,120,0,0.140727,0,0.00627958,0.0406735,0.0316231,0.0506916,0,3456.07,727.092,SciCon|PAM,9517,25.406,3836,55,magnetometer sbe41 contopt wlseaowl,66.12,13.38,179.958,12.82,0,1.53627e+09,21.4833,164.183,0.714516,284.746,2834.89,6189.02,9360.83,9360.83,9360.83,1402,938,934,938,1875,0,1.86326,46.6,433.788,246.768,4272.44,109.893,1846.48,267.564,,,,,,,,
2018/DATA-20180705/p6440605.nc,644,6,605,990,410,100,200,1,0,310,0,2000,200,1,0,120,0,0.147568,0,0.00624523,0.0299261,0.029843,0.0500442,0,3261.53,507.062,SciCon|PAM,9461,25.317,3558,55,magnetometer sbe41 contopt wlseaowl,66.12,13.08,180.274,12.81,0,1.53629e+09,16.9833,159.433,1.19288,288.229,2711.72,6109.55,9299.38,9299.38,9299.38,1391,931,929,931,1862,0,1.8788,43.321,429.419,250.202,4314.18,123.384,2078.49,263.949,,,,,,,,
2018/DATA-20180705/p6440606.nc,644,6,606,990,410,100,200,1,0,310,0,2000,200,1,0,120,0,0.146598,0,0.00814754,0.0268165,0.0290158,0.0506595,0,3171.13,455.918,SciCon|PAM,9653,25.356,3459,55,magnetometer sbe41 contopt wlseaowl,66.12,13.31,180.584,12.8,0,1.5363e+09,15.5833,162.617,1.99697,294.578,2701.66,6042.72,9498.39,9498.39,9498.39,1399,951,951,951,1902,0,1.89589,46.623,432.824,250.693,4356.9,117.742,1975.27,272.049,,,,,,,,
2018/DATA-20180705/p6440607.nc,644,6,607,990,410,100,200,1,0,310,0,2000,200,1,0,120,0,0.154438,0,0.00714464,0.0269457,0.0287976,0.0495604,0,3147.27,456.929,SciCon|PAM,9362,24.939,3431,55,magnetometer sbe41 contopt wlseaowl,66.12,13.08,180.897,12.49,0,1.53631e+09,16.1,157.6,1.37651,304.896,2643.94,5901.62,8922.82,9207.37,9207.37,1358,902,898,901,1844,0,1.99521,43.314,424.642,248.485,4401.37,135.894,2258.08,304.536,,,,,,,,
2018/DATA-20180705/p6440608.nc,644,6,608,990,410,100,200,1,0,310,0,2000,200,1,0,120,0,0.174223,0,0.00610118,0.0283426,0.0297187,0.0511449,0,3247.94,488.254,SciCon|PAM,10008,24.609,3443,55,magnetometer sbe41 contopt wlseaowl,66.12,13.31,181.229,12.53,0,1.53632e+09,16.1167,168.433,0.912759,312.996,2419.17,5736.5,9305.39,9857.27,9857.27,1416,947,944,947,1973,0,2.07999,46.627,431.096,247.013,4409.93,173.424,2897.85,296.535,,,,,,,,
2018/DATA-20180705/p6440609.nc,644,6,609,990,410,200,200,1,0,310,0,2000,200,1,0,120,0,0.187121,0,0.00856653,0.0330205,0.0286676,0.0493222,0,3133.07,565.177,SciCon|PAM,9320,24.691,3216,55,magnetometer sbe41 contopt wlseaowl,66.12,13.06,181.585,12.65,0,1.53633e+09,17.5333,156.917,0.913619,308.588,2634.66,5711.91,8768.04,9164.26,9164.26,1336,889,887,889,1834,0,2.13343,43.288,416.046,390.021,6693.37,107.93,1771.22,306.404,,,,,,,,
2018/DATA-20180705/p6440610.nc,644,6,610,990,410,200,200,1,0,310,0,2000,200,1,0,120,0,0.192836,0,0.00711536,0.0273577,0.0278904,0.0492133,0,3048.13,468.931,SciCon|PAM,9262,24.958,3221,55,magnetometer sbe41 contopt wlseaowl,66.12,13.19,181.941,12.45,0,1.53634e+09,15.8,156,0.278108,303.225,2621.56,5705.21,8890.93,9111.2,9111.2,1330,894,894,894,1824,0,2.21895,43.327,416.672,390.021,6700.04,120.195,1993.11,301.496,,,,,,,,
2018/DATA-20180705/p6440611.nc,644,6,611,990,410,200,200,1,0,310,0,2000,200,1,0,120,0,0.241073,0,0.00673583,0.0271872,0.0266946,0.0473304,0,2917.44,462.018,SciCon|PAM,8811,24.826,3123,55,magnetometer sbe41 contopt wlseaowl,66.12,13.09,182.331,12.77,0,1.53635e+09,15.6333,148.5,0.51599,304.359,2486.97,5389.28,8394.24,8661.48,8661.48,1258,845,842,845,1733,0,2.2428,39.949,393.713,390.511,6742.67,247.258,3963.98,301.886,,,,,,,,
2018/DATA-20180705/p6440612.nc,644,6,612,990,410,200,200,1,0,310,0,2000,200,1,0,120,0,0.21811,0,0.00675413,0.0281989,0.0269495,0.0461715,0,2945.3,483.19,SciCon|PAM,4953,24.928,3220,55,magnetometer sbe41 contopt wlseaowl,66.12,13.05,182.659,12.72,0,1.53636e+09,15.9167,154,1.03098,299.354,2636.45,5802.66,8981.17,8981.17,8981.17,1340,478,477,478,963,0,1.1782,43.333,315.074,389.775,6705.41,231.069,2305.25,297.306,,,,,,,,
2018/DATA-20180705/p6440613.nc,644,6,613,990,410,200,200,1,0,310,0,2000,200,1,0,120,0,0.18408,0,0.00622576,0.0207747,0.0255538,0.0463309,0,2792.77,362.427,SciCon|PAM,8746,25.46,2987,55,magnetometer sbe41 contopt wlseaowl,66.12,13.08,182.997,12.76,0,1.53637e+09,12.75,148.233,1.96186,295.663,2585.43,5476.29,8643.44,8643.44,8643.44,1270,865,865,865,1729,0,2.14195,39.958,392.716,502.366,8570.03,0,0,261.084,,,,,,,,
2018/DATA-20180705/p6440614.nc,644,6,614,990,410,200,200,1,0,310,0,2000,200,1,0,120,0,0.185716,0,0.00589822,0.0279791,0.0262098,0.045973,0,2864.46,478.083,SciCon|PAM,8475,25.378,3154,55,magnetometer sbe41 contopt wlseaowl,66.12,13.08,183.342,12.72,0,1.53638e+09,15.8167,142.883,1.24642,288.588,2591.42,5490.08,8329.7,8329.7,8329.7,1235,834,833,834,1666,0,2.07414,39.948,386.373,390.266,6647,119.214,1999.6,286.494,,,,,,,,
2018/DATA-20180705/p6440615.nc,644,6,615,990,410,200,200,1,0,310,0,2000,200,1,0,120,0,0.19318,0,0.00646791,0.0271098,0.0256064,0.0453151,0,2798.52,465.398,SciCon|PAM,8269,25.379,3119,55,magnetometer sbe41 contopt wlseaowl,66.12,13.06,183.685,12.67,0,1.53639e+09,15.4833,139.783,0.225612,282.508,2547.38,5540.19,8129.94,8129.94,8129.94,1222,814,814,814,1627,0,1.93572,39.993,380.664,390.021,6613.7,130.497,2143.83,280.4,,,,,,,,
2018/DATA-20180705/p6440616.nc,644,6,616,990,410,200,200,1,0,310,0,2000,200,1,0,120,0,0.187012,0,0.0055744,0.0266354,0.0259803,0.045626,0,2839.38,457.527,SciCon|PAM,8379,25.362,3097,55,magnetometer sbe41 contopt wlseaowl,66.12,13.07,184.028,12.79,0,1.5364e+09,15.3833,141.917,0.516971,282.348,2657.08,5540.95,8236.28,8236.28,8236.28,1237,825,825,825,1649,0,1.95137,40.016,382.477,390.266,6612.51,124.61,2072.82,280.344,,,,,,,,
2018/DATA-20180705/p6440617.nc,644,6,617,990,410,200,200,1,0,310,0,2000,200,1,0,120,0,0.205807,0,0.00599052,0.0316881,0.0266115,0.0453498,0,2908.36,554.751,SciCon|PAM,8125,25.3,3322,55,magnetometer sbe41 contopt wlseaowl,66.12,13.07,184.376,12.72,0,1.53641e+09,18.7,137.2,1.81989,279.094,2559.87,5428.15,7984.75,7984.75,7984.75,1201,799,799,799,1598,0,2.01877,39.997,378.259,504.083,8527.85,109.402,224.066,248.819,,,,,,,,
2018/DATA-20180705/p6440618.nc,644,6,618,990,410,200,200,1,0,310,0,2000,200,1,0,120,0,0.183742,0,0.00551107,0.0263109,0.0256115,0.0447397,0,2799.07,449.322,SciCon|PAM,8041,25.379,3045,55,magnetometer sbe41 contopt wlseaowl,66.12,13.31,184.709,12.38,0,1.53642e+09,15.2,136.283,1.51117,270.058,2664.82,5643.52,7903.92,7903.92,7903.92,1214,791,791,791,1581,0,1.84139,39.967,375.936,389.775,6513.58,114.308,1895.48,267.952,,,,,,,,
2018/DATA-20180705/p6440619.nc,644,6,619,990,410,200,200,1,0,310,0,2000,200,1,0,120,0,0.190502,0,0.00629593,0.0255448,0.0255938,0.0444239,0,2797.14,434.038,SciCon|PAM,8011,25.337,3081,55,magnetometer sbe41 contopt wlseaowl,66.12,13.07,185.046,12.36,0,1.53642e+09,15.3333,139.45,0.496053,270.456,2571.94,5591.36,7871.48,7871.48,7871.48,1205,789,788,788,1576,0,1.87063,39.925,373.336,390.266,6591.6,125.592,2062.43,268.398,,,,,,,,
2018/DATA-20180705/p6440620.nc,644,6,620,990,410,200,200,1,0,310,0,2000,200,1,0,120,0,0.232948,0,0.00536898,0.0295412,0.0268256,0.0447973,0,2931.76,567.044,SciCon|PAM,7951,25.353,3420,55,magnetometer sbe41 contopt wlseaowl,66.12,13.05,185.42,12.46,0,1.53643e+09,19.75,134.417,0.198552,267.232,2599.67,5605.22,7811.24,7811.24,7811.24,1198,782,782,782,1564,0,1.9257,39.982,376.634,389.285,6553.55,245.541,3537.21,265.052,,,,,,,,
2018/DATA-20180705/p6440621.nc,644,6,621,990,410,200,200,1,0,310,0,2000,200,1,0,120,0,0.187218,0,0.00647547,0.0250266,0.0255467,0.044999,0,2791.99,428.121,SciCon|PAM,8113,25.433,3133,55,magnetometer sbe41 contopt wlseaowl,66.12,13.29,185.756,12.78,0,1.53644e+09,14.6667,138.6,0.78131,267.909,2630.86,5773.61,7974.46,7974.46,7974.46,1232,800,798,799,1596,0,1.84067,39.965,381.466,388.794,6581.01,117.742,1994.47,265.343,,,,,,,,
2018/DATA-20180705/p6440622.nc,644,6,622,990,410,200,200,1,0,310,0,2000,200,1,0,120,0,0.193668,0,0.00569614,0.0270825,0.0255294,0.0440274,0,2790.09,468.337,SciCon|PAM,7922,25.387,3136,55,magnetometer sbe41 contopt wlseaowl,66.12,13.02,186.098,12.74,0,1.53645e+09,16.1,134.7,1.84809,268.357,2566.88,5526.6,7779.05,7779.05,7779.05,1187,779,778,779,1557,0,1.86319,39.978,370.104,390.266,6620.42,132.705,2199.71,266.182,,,,,,,,
2018/DATA-20180705/p6440623.nc,644,6,623,990,410,200,200,1,0,310,0,2000,200,1,0,120,0,0.203399,0,0.00624769,0.0245395,0.025875,0.0455477,0,2827.87,415.9,SciCon|PAM,8196,25.385,3133,55,magnetometer sbe41 contopt wlseaowl,66.12,13.05,186.439,12.77,0,1.53646e+09,14.9,138.8,1.84903,266.834,2829.18,5899.23,8055.54,8055.54,8055.54,1242,807,805,807,1612,0,1.8022,39.948,384.655,390.021,6607.12,185.444,2153.59,263.85,,,,,,,,
2018/DATA-20180705/p6440624.nc,644,6,624,990,410,200,200,1,0,310,0,2000,200,1,0,120,0,0.187629,0,0.00612921,0.0274249,0.0261001,0.045187,0,2852.47,472.205,SciCon|PAM,8153,25.44,3201,55,magnetometer sbe41 contopt wlseaowl,66.12,13.07,186.778,12.49,0,1.53647e+09,16.1,144.633,1.24553,268.695,2606.32,5691.21,8009.96,8009.96,8009.96,1224,802,800,802,1604,0,1.92906,39.931,379.427,390.021,6604.15,116.025,1947.4,267.053,,,,,,,,
2018/DATA-20180705/p6440625.nc,644,6,625,990,410,200,200,1,0,310,0,2000,200,1,0,120,0,0.181297,0,0.00801847,0.0255838,0.0262482,0.0457844,0,2868.66,444.846,SciCon|PAM,8380,25.436,3236,55,magnetometer sbe41 contopt wlseaowl,66.12,13.25,187.12,12.71,0,1.53648e+09,15.4167,142.483,0.755562,281.215,2598.14,5591.54,8242.56,8242.56,8242.56,1239,825,825,825,1649,0,2.061,40.038,385.471,389.53,6619.29,107.93,1803.86,278.913,,,,,,,,
2018/DATA-20180705/p6440626.nc,644,6,626,990,370,200,200,1,0,310,0,2000,200,1,0,120,0,0.217965,0,0.00618406,0.0291374,0.0241051,0.042972,0,2634.43,494.073,SciCon|PAM,7638,25.378,3092,55,magnetometer sbe41 contopt wlseaowl,66.12,13.07,187.48,12.72,0,1.53649e+09,16.1667,129,0.820229,281.314,2389.36,4935.81,7498.3,7498.3,7498.3,1107,750,749,750,1501,0,2.03517,36.719,350.639,490.347,8318.71,99.3449,1494.84,260.163,,,,,,,,
2018/DATA-20180705/p6440627.nc,644,6,627,990,370,200,200,1,0,310,0,2000,200,1,0,120,0,0.20792,0,0.0059619,0.0275774,0.0246394,0.0442587,0,2692.83,469.639,SciCon|PAM,7820,25.424,3045,55,magnetometer sbe41 contopt wlseaowl,66.12,13.04,187.814,12.43,0,1.5365e+09,15.3,132.2,0.120602,276.149,2481.46,5347.78,7687.06,7687.06,7687.06,1163,770,769,770,1539,0,1.95472,36.67,361.925,390.021,6488.3,226.408,2101.06,274.246,,,,,,,,
2018/DATA-20180705/p6440628.nc,644,6,628,990,370,200,200,1,0,310,0,2000,200,1,0,120,0,0.205123,0,0.0057345,0.0285025,0.0254773,0.0453804,0,2784.4,491.344,SciCon|PAM,8128,25.46,3183,55,magnetometer sbe41 contopt wlseaowl,66.12,13.04,188.149,12.78,0,1.53651e+09,15.75,137.3,0.0239347,276.935,2582.31,5596.01,7990.02,7990.02,7990.02,1211,801,799,801,1600,0,1.95135,40.07,375.625,390.021,6465.54,208.747,1924.93,274.5,,,,,,,,
2018/DATA-20180705/p6440629.nc,644,6,629,990,370,200,200,1,0,310,0,2000,200,1,0,120,0,0.226977,0,0.00547506,0.0278267,0.0248687,0.044412,0,2717.89,474.549,SciCon|PAM,7889,25.369,3141,55,magnetometer sbe41 contopt wlseaowl,66.12,13.28,188.51,12.77,0,1.53652e+09,15.6167,133.4,0.804119,275.641,2573.67,5394.88,7747.57,7747.57,7747.57,1172,776,773,776,1551,0,1.86076,39.969,362.686,390.021,6467.04,237.692,3342.12,273.6,,,,,,,,
2018/DATA-20180705/p6440630.nc,644,6,630,990,370,200,200,1,0,310,0,2000,200,1,0,120,0,0.216644,0,0.00551144,0.0284988,0.0232569,0.0413009,0,2541.74,483.332,SciCon|PAM,7209,25.347,3122,55,magnetometer sbe41 contopt wlseaowl,66.12,13.28,188.858,12.59,0,1.53653e+09,15.8167,122.117,1.4335,273.183,2422,4913.05,7070.02,7070.02,7070.02,1065,708,708,708,1416,0,1.88218,33.355,333.774,490.837,8137.74,121.422,1530.67,254.06,,,,,,,,
2018/DATA-20180705/p6440631.nc,644,6,631,990,370,200,200,1,0,310,0,2000,200,1,0,120,0,0.216916,0,0.00573212,0.0269869,0.0231725,0.0416878,0,2532.51,465.087,SciCon|PAM,7257,25.323,3098,55,magnetometer sbe41 contopt wlseaowl,66.12,13.29,189.209,12.76,0,1.53653e+09,15.2,122.8,0.687665,268.695,2348.56,5045.18,7128.43,7128.43,7128.43,1082,714,711,713,1427,0,1.91412,33.378,339.803,500.649,8283.86,105.232,1557.35,244.232,,,,,,,,
2018/2018_2/p6440632.nc,644,6,632,990,370,200,200,1,0,310,0,2000,200,1,0,120,0,0.222298,0,0.00577651,0.0285441,0.0237521,0.0423563,0,2595.86,489.793,SciCon|PAM,7384,25.416,3135,55,magnetometer sbe41 contopt wlseaowl,66.12,13.03,189.568,12.81,0,1.53654e+09,16,125,0.131374,268.555,2257.55,5097.14,7253.7,7253.7,7253.7,1093,727,726,726,1452,0,1.92111,36.685,344.617,390.021,6431.75,230.824,3585.43,266.4,,,,,,,,
2018/2018_2/p6440633.nc,644,6,633,990,370,200,200,1,0,310,0,2000,200,1,0,120,0,0.202881,0,0.0076268,0.027045,0.0236037,0.0427002,0,2579.64,458.627,SciCon|PAM,7424,25.394,3080,55,magnetometer sbe41 contopt wlseaowl,66.12,13.05,189.896,12.69,0,1.53655e+09,15.0833,125.917,0.0472921,265.48,2386.04,5219.7,7314.36,7314.36,7314.36,1108,730,728,730,1460,0,1.85268,36.682,349.952,390.511,6407.44,233.276,2175.58,263.446,,,,,,,,
2018/2018_2/p6440634.nc,644,6,634,990,370,200,200,1,0,310,0,2000,200,1,0,120,0,0.201083,0,0.00556464,0.0273344,0.023245,0.0417728,0,2540.44,463.913,SciCon|PAM,7213,25.363,3120,55,magnetometer sbe41 contopt wlseaowl,66.12,13.35,190.223,12.78,0,1.53656e+09,15.1833,122.317,0.943404,266.286,2429.83,5057.92,7082.58,7082.58,7082.58,1078,709,709,709,1419,0,1.8753,33.379,338.741,516.103,8485.35,96.4013,190.806,238.779,,,,,,,,
2019/deplyment_april19/p6440001.nc,644,7,1,45,15,150,450,1,0,310,0,2000,200,1,0,120,0,0.129819,0.00545988,0.00359046,7.71312e-05,0.00405593,0.0103547,0,443.271,0,SciCon|PAM,1369,25.87,717,55,magnetometer sbe41 contopt wlseaowl,66.12,13.65,1.133,13.54,0,1.55644e+09,4.83333,27.7833,0.482088,53.7273,1360.86,1360.86,1360.86,1360.86,1360.86,226,137,135,137,273,0,0.269641,6.832,218.247,404.003,6284.4,0,0,49.4205,,,,,,,,
2019/deplyment_april19/p6440002.nc,644,7,2,90,30,180,450,1,0,310,0,2000,200,1,0,120,0,0.16057,0.00442338,0.00425597,4.47328e-05,0.00682574,0.0152449,0,745.983,0,SciCon|PAM,2340,25.817,1068,55,magnetometer sbe41 contopt wlseaowl,66.12,13.61,1.363,13.45,0,1.55644e+09,4.86667,42.95,0.509998,101.396,2167.39,2331.55,2331.55,2331.55,2331.55,400,234,231,233,467,0,0.604106,13.459,138.684,476.855,7682.12,0,0,96.0258,,,,,,,,
2019/deplyment_april19/p6440003.nc,644,7,3,90,30,180,350,1,0,310,0,2000,200,1,0,120,0,0.154662,0.00193685,0.00467953,0.0138024,0.00967583,0.0169609,0,1057.47,255.695,SciCon|PAM,2378,25.442,1404,55,magnetometer sbe41 contopt wlseaowl,66.12,13.66,1.576,13.45,0,1.55644e+09,9.13333,42.3,0.500534,100.469,2255.89,2317.24,2317.24,2317.24,2317.24,397,233,231,232,464,0,0.586825,13.492,129.604,461.402,7424.05,0,0,94.9238,,,,,,,,
2019/deplyment_april19/p6440004.nc,644,7,4,450,150,200,250,1,0,310,0,2000,200,1,0,120,0,0.251311,0,0.00749394,0.0132528,0.0231113,0.0415805,0,2525.82,241.981,SciCon|PAM,8691,20.326,2246,55,magnetometer sbe41 contopt wlseaowl,66.12,13.38,1.956,13.28,0,1.55644e+09,8.83333,147.733,0.72823,460.523,1792.9,3659,5428.3,8627.59,8627.59,1132,650,650,650,1726,0,3.0449,36.677,351.33,551.425,11915.1,0,0,456.943,,,,,,,,
2019/deplyment_april19/p6440005.nc,644,7,5,990,330,220,250,1,0,310,0,2000,200,1,0,120,0,0.36721,0,0.0122887,0.000864528,0.040469,0.0782124,0,4422.84,0,SciCon|PAM,19516,15.75,1861,55,magnetometer sbe41 contopt wlseaowl,66.12,13.02,2.58,13.04,0,1.55646e+09,4.78333,329.5,1.27802,955.466,2004.42,3991.84,5961.8,9956.54,17971.9,2210,1047,1046,1047,3901,0,6.80687,73.16,701.285,538.915,16910.7,0,0,949.434,,,,,,,,
2019/deplyment_april19/p6440006.nc,644,7,6,990,300,220,250,1,0,310,0,2000,200,1,0,120,0,0.376174,0,0.0129764,0.0427132,0.0452339,0.0770148,0,4943.59,701.798,SciCon|PAM,18576,15.635,2569,55,magnetometer sbe41 contopt wlseaowl,66.12,12.95,3.205,13.02,0,1.55648e+09,20.55,310.433,1.90915,958.898,1810.92,3580.83,5445.39,9277.96,16907.1,2073,976,976,976,3677,0,6.5864,69.841,652.14,544.067,17290.7,0,0,956.556,,,,,,,,
2019/deplyment_april19/p6440007.nc,644,7,7,990,300,250,250,1,0,310,0,2000,200,1,0,120,0,0.516214,0,0.0152059,0.0488911,0.0397478,0.0656648,0,4344.02,833.083,SciCon|PAM,15848,41.725,2743,55,magnetometer sbe41 contopt wlseaowl,66.12,12.86,4.051,12.97,0,1.5565e+09,23.8167,265.117,2.84872,998.357,1439.84,2908.37,4347.47,7333.4,13522,1772,802,799,435,3073,0,6.65564,59.816,549.221,718.227,23324,0,0,987.623,,,,,,,,
2019/deplyment_april19/p6440008.nc,644,7,8,990,300,250,250,1,0,310,0,2000,200,1,0,120,0,0.432505,0,0.0198368,0.031834,0.0422453,0.0794471,0,4616.97,525.521,SciCon|PAM,17985,39.419,2367,55,magnetometer sbe41 contopt wlseaowl,66.12,12.81,4.84,12.86,0,1.55651e+09,16.3167,301.3,1.82453,998.844,1713.34,3404.55,5064.21,8469.31,15671.5,1969,922,920,507,3512,0,6.83729,66.557,698.224,609.806,19676.3,0,0,996.539,,,,,,,,
2019/deplyment_april19/p6440009.nc,644,7,9,990,300,270,250,1,0,310,0,2000,300,1,0,120,0,0.22063,0.316,0.0154121,0.0528748,0.0283339,0.0530777,0,3096.6,900.285,SciCon|PAM,8817,65.437,3553,55,magnetometer sbe41 contopt wlseaowl,66.12,12.9,5.678,13,0,1.55653e+09,24.75,283.467,0.742167,999.052,767.842,1538.52,2321.16,3958.22,7523.85,936,440,438,234,1700,0,3.17785,30.052,386.971,318.394,10346.1,0,0,992.552,,,,,,,,
2019/deplyment_april19/p6440010.nc,644,7,10,600,200,250,250,1,0,310,0,2000,300,1,0,120,0,0.311055,0,0.0133831,0.000619151,0.035172,0.044862,0,3843.94,0,SciCon|PAM,12040,34.573,2638,55,magnetometer sbe41 contopt wlseaowl,66.12,13.16,6.251,13.2,0,1.55655e+09,5.51667,204.15,0.635058,608.994,1852.88,3728.53,5634.29,9435.7,12029,1521,776,774,562,2404,0,4.38565,49.944,535.529,603.428,14551.4,0,0,596.499,,,,,,,,
2019/deplyment_april19/p6440011.nc,644,7,11,600,200,250,250,1,0,310,0,2000,300,1,0,120,0,0.313831,0,0.0123379,0.029454,0.0395021,0.0459819,0,4317.17,524.401,SciCon|PAM,11896,34.738,3461,55,magnetometer sbe41 contopt wlseaowl,66.12,13.17,6.798,13.2,0,1.55657e+09,17,199.35,1.39302,610.226,1837.13,3738.38,5578.51,9293.35,11754.5,1501,762,762,556,2351,0,4.36105,49.914,509.983,607.108,14662.3,0,0,605.815,,,,,,,,
2019/deplyment_april19/p6440012.nc,644,7,12,980,290,260,250,1,0,310,0,2000,300,1,0,120,0,0.422376,0,0.0190659,0.028319,0.053795,0.0648171,0,5879.24,468.515,SciCon|PAM,18119,38.455,3056,55,magnetometer sbe41 contopt wlseaowl,66.12,12.81,7.566,12.86,0,1.55658e+09,14.8167,303.2,2.86791,989.137,1785.97,3490.06,5245.42,8761.97,15952.3,2086,948,948,525,3597,0,6.85542,69.76,733.559,606.126,19194.6,0,0,984.951,,,,,,,,
2019/deplyment_april19/p6440013.nc,644,7,13,980,290,260,250,1,0,310,0,2000,300,1,0,120,0,0.426166,0,0.0194104,0.0367064,0.056152,0.0659378,0,6136.83,603.158,SciCon|PAM,18212,38.14,3232,55,magnetometer sbe41 contopt wlseaowl,66.12,12.76,8.35,12.88,0,1.5566e+09,18.7833,304.083,2.74688,990.546,1814.35,3574.03,5351.65,8892.77,16039.9,2091,958,956,535,3608,0,6.90648,69.85,745.493,608.089,19353.9,0,0,986.634,,,,,,,,
2019/deplyment_april19/p6440014.nc,644,7,14,980,270,270,250,1,0,310,0,2000,300,1,0,120,0,0.446988,0,0.0195289,0.037409,0.0530179,0.0623717,0,5794.31,615.539,SciCon|PAM,16875,38.835,3079,55,magnetometer sbe41 contopt wlseaowl,66.12,12.74,9.137,12.85,0,1.55662e+09,18.85,281.7,1.81696,990.467,1622.08,3245.97,4787,8043.57,14766.2,1927,876,875,479,3339,0,6.71009,66.525,696.731,641.694,20256.7,0,0,984.912,,,,,,,,
2019/deplyment_april19/p6440015.nc,644,7,15,980,270,270,250,1,0,310,0,2000,300,1,0,120,0,0.441576,0,0.0164931,0.0365809,0.0520794,0.0614124,0,5691.74,607.728,SciCon|PAM,17085,38.83,3094,55,magnetometer sbe41 contopt wlseaowl,66.12,12.69,9.918,12.68,0,1.55664e+09,18.1833,285.333,0.898068,990.914,1664.54,3319.21,4911.7,8186.61,15005,1964,891,890,492,3383,0,6.75371,66.533,691.695,633.354,20072.1,0,0,987.314,,,,,,,,
2019/deplyment_april19/p6440021.nc,644,7,21,980,270,290,250,1,0,310,0,2000,300,1,0,120,0,0.471573,0,0.0144986,0.00536748,0.0464544,0.0572102,0,5076.98,105.998,SciCon|PAM,16438,38.998,2513,55,magnetometer sbe41 contopt wlseaowl,66.12,12.59,14.62,12.7,0,1.55674e+09,7.96667,274.983,1.42735,992.256,1622.78,3211.45,4755.78,7920.53,14363,1888,860,857,476,3256,0,6.80537,63.296,656.534,682.168,21180.8,0,0,987.557,,,,,,,,
2019/deplyment_april19/p6440022.nc,644,7,22,980,270,290,250,1,0,310,0,2000,300,1,0,120,0,0.472022,0,0.0178624,0.0365392,0.0515361,0.061787,0,5632.36,608.514,SciCon|PAM,16536,39.084,3096,55,magnetometer sbe41 contopt wlseaowl,66.12,12.57,15.426,12.7,0,1.55675e+09,18.1167,276.75,2.39421,992.961,1585.99,3129.47,4704.05,7946.28,14379,1877,859,858,470,3274,0,3.1799,63.223,679.892,679.47,21244,0,0,985.08,,,,,,,,
2019/deplyment_april19/p6440023.nc,644,7,23,980,250,290,250,1,0,310,0,2000,300,1,0,120,0,0.478142,0,0.01726,0.0353387,0.0496602,0.0594395,0,5427.35,579.826,SciCon|PAM,15902,39.531,3058,55,magnetometer sbe41 contopt wlseaowl,66.12,12.55,16.226,12.63,0,1.55677e+09,17.85,265.917,2.44713,991.821,1469.05,3002.58,4557.21,7753.46,13907,1806,828,828,455,3148,0,6.68111,59.953,653.64,686.093,21369.2,0,0,986.184,,,,,,,,
2019/deplyment_april19/p6440024.nc,644,7,24,980,250,290,250,1,0,310,0,2000,300,1,0,120,0,0.461353,0,0.0180381,0.0345577,0.0505047,0.0605394,0,5519.64,569.522,SciCon|PAM,16176,38.39,2919,55,magnetometer sbe41 contopt wlseaowl,66.12,12.52,17.008,12.62,0,1.55679e+09,17.4833,270.467,2.70804,991.426,1600.12,3108.18,4660.13,7855.6,14152.6,1846,844,843,466,3205,0,6.62099,63.15,666.805,663.035,20570.2,0,0,985.974,,,,,,,,
2019/deplyment_april19/p6440025.nc,644,7,25,980,290,290,250,1,0,310,0,2000,300,1,0,120,0,0.507855,0,0.0172689,0.0391541,0.0516442,0.0617131,0,5644.18,651.462,SciCon|PAM,16497,39.89,3202,55,magnetometer sbe41 contopt wlseaowl,66.12,12.47,17.851,12.54,0,1.55681e+09,18.8167,275.75,3.15075,996.712,1538.69,3095.96,4647.54,7798.57,14359.7,1878,848,845,465,3229,0,6.93437,63.312,673.334,714.302,22493.3,0,0,990.173,,,,,,,,
2019/deplyment_april19/p6440026.nc,644,7,26,980,290,290,250,1,0,310,0,2000,300,1,0,120,0,0.524447,0,0.0166561,0.038293,0.053423,0.063856,0,5838.58,634.824,SciCon|PAM,17295,39.86,3205,55,magnetometer sbe41 contopt wlseaowl,66.12,12.49,18.685,12.57,0,1.55682e+09,18.6,289.3,4.70408,995.037,1694.26,3259.09,4931.26,8241.57,15087,1971,895,889,492,3408,0,5.04625,66.532,700.96,686.829,21350.4,83.6459,250.924,989.027,,,,,,,,
2019/deplyment_april19/p6440027.nc,644,7,27,980,290,290,250,1,0,310,0,2000,300,1,0,120,0,0.465039,0,0.0163296,0.0388964,0.0515906,0.0614042,0,5638.31,639.219,SciCon|PAM,16739,38.972,3198,55,magnetometer sbe41 contopt wlseaowl,66.12,12.5,19.479,12.56,0,1.55684e+09,18.9,279.633,1.32924,989.762,1562.23,3074.72,4587.22,7589.89,14607.8,1902,858,857,459,3314,0,4.73643,63.209,677.678,677.017,20644.4,0,0,942.345,,,,,,,,
2019/deplyment_april19/p6440028.nc,644,7,28,980,290,290,250,1,0,310,0,2000,300,1,0,120,0,0.515497,0,0.0136672,0.0857996,0.0528765,0.0576896,0,5778.86,1492.65,SciCon|PAM,14520,42.41,4365,55,magnetometer sbe41 contopt wlseaowl,66.12,12.55,20.361,12.38,0,1.55686e+09,38.3667,242.667,0.882422,994.968,1387.75,2765.15,4151.14,6863.77,12558.9,1657,749,747,414,2849,0,4.50289,56.589,597.855,736.869,22972.1,0,0,989.449,,,,,,,,
2019/deplyment_april19/p6440029.nc,644,7,29,980,300,290,250,1,0,310,0,2000,300,1,0,120,0,0.463342,0,0.0178863,0.0689151,0.0619314,0.0718211,0,6768.46,1158.71,SciCon|PAM,19061,36.945,3841,55,magnetometer sbe41 contopt wlseaowl,66.12,12.55,21.159,12.66,0,1.55688e+09,29.7833,319.017,1.1343,985.617,1883.89,3706,5551.31,9229.13,17009,2186,999,999,553,3783,0,4.83649,73.159,780.226,563.936,17365.1,171.707,391.533,985.917,,,,,,,,
2019/deplyment_april19/p6440030.nc,644,7,30,980,300,290,250,1,0,310,0,2000,300,1,0,120,0,0.497519,0,0.0155949,0.0774401,0.0554987,0.0621278,0,6065.43,1332.42,SciCon|PAM,15781,41.127,4132,55,magnetometer sbe41 contopt wlseaowl,66.12,12.57,22.026,12.64,0,1.5569e+09,35.55,263.917,1.94389,989.564,1454.45,2858.41,4265.91,7046.83,13503.3,1782,803,801,427,3120,0,4.65504,59.877,646.174,722.151,22142,0,0,954.61,,,,,,,,
2019/deplyment_april19/p6440031.nc,644,7,31,980,320,290,250,1,0,310,0,2000,300,1,0,120,0,0.463101,0,0.0183857,0.0724491,0.0661824,0.0758998,0,7233.05,1261.21,SciCon|PAM,20501,36.516,4211,55,magnetometer sbe41 contopt wlseaowl,66.12,12.55,22.875,12.65,0,1.55692e+09,32.9167,343.55,2.2091,986.352,1914.86,3884.32,5979,9993.54,18280.8,2342,1076,1076,597,4068,0,5.11495,79.743,831.243,563.69,17145.8,125.592,1903.78,986.196,,,,,,,,
2019/deplyment_april19/p6440032.nc,644,7,32,980,320,290,250,1,0,310,0,2000,300,1,0,120,0,0.489367,0,0.0178116,0.0528584,0.0638607,0.073761,0,6979.32,902.812,SciCon|PAM,20511,36.315,3760,55,magnetometer sbe41 contopt wlseaowl,66.12,12.51,23.718,12.63,0,1.55694e+09,25.2667,342.433,3.10963,988.257,1887.6,3925.33,5982.76,10036.9,18207.8,2345,1076,1075,598,4063,0,5.15618,79.773,825.243,563.2,17561.8,143.989,2341.84,987.073,,,,,,,,
2019/deplyment_april19/p6440033.nc,644,7,33,980,320,290,250,1,0,310,0,2000,300,1,0,120,0,0.485312,0,0.0168944,0.0428947,0.05464,0.0645492,0,5971.59,717.613,SciCon|PAM,17285,40.785,3369,55,magnetometer sbe41 contopt wlseaowl,66.12,12.49,24.561,12.6,0,1.55696e+09,21.15,288.883,2.80857,990.52,1633.49,3265.56,4946.92,8272.63,15071.8,1968,899,898,494,3419,0,4.99858,66.543,703.307,685.357,21575.9,0,0,981.51,,,,,,,,
2019/deplyment_april19/p6440034.nc,644,7,34,980,320,290,250,1,0,310,0,2000,300,1,0,120,0,0.495782,0,0.0176852,0.0375057,0.0524712,0.063384,0,5734.56,623.515,SciCon|PAM,16865,40.601,3262,55,magnetometer sbe41 contopt wlseaowl,66.12,12.5,25.395,12.49,0,1.55698e+09,18.75,281.783,2.86065,989.807,1640.71,3162.05,4732.62,7948.7,14682.9,1919,871,870,474,3338,0,4.95768,66.618,689.45,705.717,21787.1,0,0,983.809,,,,,,,,
2019/deplyment_april19/p6440035.nc,644,7,35,980,320,290,250,1,0,310,0,2000,300,1,0,120,0,0.457474,0,0.0188196,0.0396533,0.0588383,0.0704276,0,6430.41,680.061,SciCon|PAM,19302,36.28,3471,55,magnetometer sbe41 contopt wlseaowl,66.12,12.5,26.196,12.59,0,1.557e+09,20.7667,322.55,3.40718,991.871,1716.19,3369.54,5127.8,9065.42,17024.9,2178,979,979,513,3826,0,5.06286,73.142,780.697,563.936,17123.6,119.459,2341.58,988.832,,,,,,,,
2019/deplyment_april19/p6440036.nc,644,7,36,980,320,290,250,1,0,310,0,2000,300,1,0,120,0,0.355005,0,0.0167726,0.0473154,0.0593851,0.0681251,0,6490.17,806.312,SciCon|PAM,18803,36.364,3766,55,magnetometer sbe41 contopt wlseaowl,66.12,12.59,26.922,12.67,0,1.55702e+09,23.6667,314.033,3.29248,887.301,2089.17,4183.71,6249.32,10343.2,18621.6,2207,1036,1034,625,3724,0,4.7093,73.187,770.296,563.936,15992.1,0,0,886.057,,,,,,,,
2019/deplyment_april19/p6440037.nc,644,7,37,980,320,290,250,1,0,310,0,2000,300,1,0,120,0,0.388565,0,0.0120129,0.0486598,0.04083,0.0458014,0,4462.3,841.591,SciCon|PAM,11357,38.8,3469,55,magnetometer sbe41 contopt wlseaowl,66.12,12.9,27.566,12.55,0,1.55704e+09,24,189.95,2.71352,689.451,1531.02,3065.2,4589.51,7653.99,11170.1,1374,678,678,459,2233,0,3.38251,46.625,483.65,729.51,17649.3,0,0,687.952,,,,,,,,
2019/deplyment_april19/p6440038.nc,644,7,38,980,320,290,250,1,0,310,0,2000,900,3,0,120,0,0.254463,0,0.0121013,0.0316096,0.0395979,0.0464574,0,4327.64,534.944,SciCon|PAM,11492,32.497,12126,55,magnetometer sbe41 contopt wlseaowl,66.12,13.06,28.046,13.04,0,1.55705e+09,15.8667,193.1,3.12723,549.145,2078.93,4082.1,6113.67,10110.3,11369.7,1489,786,783,610,2273,0,2.79417,50.005,509.324,565.407,11862.8,0,0,545.818,,,,,,,,
2019/deplyment_april19/p6440039.nc,644,7,39,980,320,290,250,1,0,310,0,2000,900,3,0,120,0,0.291536,0,0.0100016,0.0318726,0.0346102,0.0404372,0,3782.54,534.213,SciCon|PAM,9570,30.401,10230,55,magnetometer sbe41 contopt wlseaowl,66.12,13.18,28.511,13.15,0,1.55706e+09,16.5333,161.05,2.42165,457.88,1896.36,3875.38,5931.44,9438.19,9438.19,1278,709,708,592,1887,0,2.30662,40.005,430.516,565.162,11036.6,124.61,1899.12,453.99,,,,,,,,
2019/deplyment_april19/p6440040.nc,644,7,40,980,320,290,250,1,0,310,0,2000,900,3,0,120,0,0.25466,0,0.00675498,0.0310521,0.0246098,0.0285189,0,2689.59,526.009,SciCon|PAM,5805,24.582,6465,55,magnetometer sbe41 contopt wlseaowl,66.12,13.35,28.887,13.26,0,1.55707e+09,16,98.4167,1.61937,302.631,1627.05,3319.97,5480.41,5689.98,5689.98,855,553,549,553,1136,0,1.46654,26.718,289.233,706.698,11952.7,0,0,274.77,,,,,,,,
2019/deplyment_april19/p6440041.nc,644,7,41,980,320,290,250,1,0,310,0,2000,900,3,0,120,0,0.230619,0,0.00462813,0.0241018,0.0191533,0.0227424,0,2093.26,413.667,SciCon|PAM,3929,25.557,4488,55,magnetometer sbe41 contopt wlseaowl,66.12,13.44,29.205,13.27,0,1.55708e+09,13.5,67.5,0.9856,187.595,1793.45,3831.54,3831.54,3831.54,3831.54,705,384,382,384,766,0,0.885434,23.415,224.443,565.898,8629.59,135.403,2084.67,180.88,,,,,,,,
2019/deplyment_april19/p6440042.nc,644,7,42,980,320,290,250,1,0,310,0,2000,900,3,0,120,0,0.229689,0,0.00443164,0.0226976,0.0171684,0.020681,0,1876.33,400.238,SciCon|PAM,3478,25.496,4031,55,magnetometer sbe41 contopt wlseaowl,66.12,13.47,29.511,13.29,0,1.55709e+09,12.5833,59.95,0.553948,165.066,1929.25,3399.96,3399.96,3399.96,3399.96,620,340,338,340,680,0,0.764126,20.082,199.279,565.653,8446.03,140.309,2149.85,160.792,,,,,,,,
2019/deplyment_april19/p6440043.nc,644,7,43,980,320,290,250,1,0,310,0,2000,900,3,0,120,0,0.231194,0,0.00452993,0.0187529,0.0157235,0.0196512,0,1718.42,324.467,SciCon|PAM,3261,25.402,3735,55,magnetometer sbe41 contopt wlseaowl,66.12,13.46,29.817,13.24,0,1.55709e+09,11.1833,56.9167,0.576281,185.067,1544.67,3188.7,3188.7,3188.7,3188.7,577,319,319,319,637,0,0.800931,20.105,186.849,713.811,10895.2,0,0,176.807,,,,,,,,
2019/deplyment_april19/p6440044.nc,644,7,44,980,320,290,250,1,0,310,0,2000,900,3,0,120,0,0.222558,0,0.00599938,0.0188833,0.016524,0.0199461,0,1805.9,334.063,SciCon|PAM,3360,25.295,3846,55,magnetometer sbe41 contopt wlseaowl,66.12,13.46,30.117,13.27,0,1.55709e+09,11.7333,58.1833,0.701604,181.951,1630.04,3290.14,3290.14,3290.14,3290.14,599,329,329,329,657,0,0.814675,20.074,192.725,697.377,10558.1,0,0,174.216,,,,,,,,
2019/deplyment_april19/p6440045.nc,644,7,45,980,320,290,250,1,0,310,0,2000,900,3,0,120,0,0.233481,0,0.00621668,0.0144586,0.0176449,0.0217725,0,1928.4,255.474,SciCon|PAM,3862,25.732,4270,55,magnetometer sbe41 contopt wlseaowl,66.12,13.46,30.425,13.27,0,1.5571e+09,9.91667,66.8333,0.783982,183.355,1804.56,3792.92,3792.92,3792.92,3792.92,697,379,379,379,758,0,0.875134,23.375,216.998,565.162,8498.99,153.31,2347.86,176.156,,,,,,,,
2019/deplyment_april19/p6440046.nc,644,7,46,980,320,290,250,1,0,310,0,2000,900,3,0,120,0,0.222631,0,0.00459625,0.0159859,0.0167991,0.0206956,0,1835.96,279.335,SciCon|PAM,3574,25.968,4010,55,magnetometer sbe41 contopt wlseaowl,66.12,13.46,30.721,13.28,0,1.5571e+09,10.5333,62.1667,0.679751,175.261,1729.55,3500.84,3500.84,3500.84,3500.84,641,351,348,350,700,0,0.809378,20.094,203.76,689.772,10400.2,0,0,155.517,,,,,,,,
2019/deplyment_april19/p6440047.nc,644,7,47,980,320,290,250,1,0,310,0,2000,900,3,0,120,0,0.223768,0,0.00629576,0.0164806,0.0159459,0.0194482,0,1742.72,298.683,SciCon|PAM,3306,25.726,3759,55,magnetometer sbe41 contopt wlseaowl,66.12,13.46,31.019,13.26,0,1.55711e+09,10.7,57.1,0.653285,175.928,1570.63,3234.44,3234.44,3234.44,3234.44,588,324,323,323,646,0,0.808133,20.094,190.678,699.339,10604,0,0,167.776,,,,,,,,
2019/deplyment_april19/p6440051.nc,644,7,51,980,320,290,250,1,0,310,0,2000,900,3,0,120,0,0.221159,0,0.0044679,0.0162906,0.0167612,0.0199686,0,1831.82,286.953,SciCon|PAM,3469,25.691,3908,55,magnetometer sbe41 contopt wlseaowl,66.12,13.45,32.135,13.25,0,1.55712e+09,11.15,59.7333,0.774768,175.461,1653.34,3397.79,3397.79,3397.79,3397.79,624,339,337,339,678,0,0.815836,20.097,197.762,696.886,10528.1,0,0,160.86,,,,,,,,
2019/deplyment_april19/p6440052.nc,644,7,52,980,320,290,250,1,0,310,0,2000,900,3,0,120,0,0.231345,0,0.00463335,0.0160892,0.0168823,0.020732,0,1845.06,288.587,SciCon|PAM,3591,25.295,4040,55,magnetometer sbe41 contopt wlseaowl,66.12,13.43,32.438,13.26,0,1.55713e+09,10.5833,62.3167,0.787497,177.183,1708.2,3518.75,3518.75,3518.75,3518.75,642,352,350,352,703,0,0.801601,20.094,204.471,565.407,8506.1,143.008,2229.58,170.591,,,,,,,,
2019/deplyment_april19/p6440053.nc,644,7,53,980,320,290,250,1,0,310,0,2000,900,3,0,120,0,0.227216,0,0.00574532,0.0151782,0.0159141,0.019701,0,1739.25,272.47,SciCon|PAM,3368,25.224,3800,55,magnetometer sbe41 contopt wlseaowl,66.12,13.45,32.738,13.25,0,1.55713e+09,10.3833,58.2833,0.849569,185.993,1547.72,3295.66,3295.66,3295.66,3295.66,599,330,330,330,659,0,0.821311,20.03,191.067,702.528,10740.3,0,0,178.004,,,,,,,,
2019/deplyment_april19/p6440054.nc,644,7,54,980,320,290,250,1,0,310,0,2000,900,3,0,120,0,0.238654,0,0.00583075,0.0154597,0.0195809,0.0237153,0,2139.99,281.081,SciCon|PAM,4246,25.301,4680,55,magnetometer sbe41 contopt wlseaowl,66.12,13.44,33.056,13.24,0,1.55714e+09,10.7333,72.9833,1.05187,198.795,1900.21,4182.69,4182.69,4182.69,4182.69,766,417,416,417,835,0,0.936278,23.446,245.19,566.143,8653.69,173.179,2312.35,191.75,,,,,,,,
2019/deplyment_april19/p6440056.nc,644,7,56,980,320,290,250,1,0,310,0,2000,900,3,0,120,0,0.232024,0,0.00557102,0.0183166,0.0201762,0.0241089,0,2205.05,350.998,SciCon|PAM,4290,25.217,4856,55,magnetometer sbe41 contopt wlseaowl,66.12,13.4,33.699,13.25,0,1.55715e+09,12.9667,73.9333,1.1181,204.449,1909.22,3948.31,4219.22,4219.22,4219.22,766,421,421,421,842,0,0.972422,23.42,246.997,565.162,8733.98,131.479,1999.38,198.589,,,,,,,,
2019/deplyment_april19/p6440057.nc,644,7,57,980,320,290,250,1,0,310,0,2000,900,3,0,120,0,0.233043,0,0.00450756,0.0164224,0.0197346,0.0238096,0,2156.79,289.597,SciCon|PAM,4342,25.58,4782,55,magnetometer sbe41 contopt wlseaowl,66.12,13.41,34.016,13.21,0,1.55715e+09,10.7833,74.7167,1.23515,202.917,1899.25,4041.88,4264.33,4264.33,4264.33,783,427,426,427,853,0,0.969298,23.435,243.37,565.407,8778.33,130.743,2013.64,195.384,,,,,,,,
2019/deplyment_april19/p6440058.nc,644,7,58,980,320,290,250,1,0,310,0,2000,900,3,0,120,0,0.232588,0,0.0066679,0.0175107,0.0192443,0.0232667,0,2103.2,313.485,SciCon|PAM,4127,25.541,4590,55,magnetometer sbe41 contopt wlseaowl,66.12,13.41,34.331,13.23,0,1.55716e+09,11.25,70.6667,1.36551,198.656,1785.83,4049.47,4049.47,4049.47,4049.47,744,405,224,225,610,0,0.883599,23.375,237.576,565.407,8719.05,130.988,2045.66,192.053,,,,,,,,
2019/deplyment_april19/p6440059.nc,644,7,59,980,320,290,250,1,0,310,0,2000,900,3,0,120,0,0.231054,0,0.00463901,0.0190648,0.0200445,0.0236432,0,2190.66,337.013,SciCon|PAM,4292,25.368,4782,55,magnetometer sbe41 contopt wlseaowl,66.12,13.41,34.648,13.2,0,1.55716e+09,11.6667,73.8167,1.29826,205.614,1802.53,3923.56,4217.16,4217.16,4217.16,767,421,420,421,842,0,0.966944,23.455,240.685,566.143,8707.82,127.799,1990.19,198.594,,,,,,,,
2019/deplyment_april19/p6440061.nc,644,7,61,980,320,290,250,1,0,310,0,2000,900,3,0,120,0,0.226978,0,0.00451148,0.0167244,0.0170423,0.0205828,0,1862.55,294.015,SciCon|PAM,3558,25.6,4008,55,magnetometer sbe41 contopt wlseaowl,66.12,13.4,35.254,13.21,0,1.55717e+09,11.1167,61.6167,1.04142,191.061,1639.8,3489.82,3489.82,3489.82,3489.82,639,349,348,348,698,0,0.870292,20.109,202.999,693.452,10738.3,0,0,182.477,,,,,,,,
2019/deplyment_april19/p6440062.nc,644,7,62,980,320,290,250,1,0,310,0,2000,900,3,0,120,0,0.249331,0,0.00566732,0.0179513,0.0184924,0.0226661,0,2021.03,319.742,SciCon|PAM,3956,25.624,4428,55,magnetometer sbe41 contopt wlseaowl,66.12,13.4,35.584,13.21,0,1.55718e+09,11.15,68.0833,1.29451,206.033,1509.12,3566.62,3890.42,3890.42,3890.42,691,389,388,388,777,0,0.951476,23.403,224.287,738.096,11533.6,0,0,180.257,,,,,,,,
2019/deplyment_april19/p6440068.nc,644,7,68,980,320,290,250,1,0,310,0,2000,900,3,0,120,0,0.22056,0,0.00581351,0.0178587,0.0203319,0.0245424,0,2222.07,309.232,SciCon|PAM,4524,25.616,4990,55,magnetometer sbe41 contopt wlseaowl,66.12,13.38,37.498,13.2,0,1.55721e+09,11.0833,77.8167,0.886828,217.739,1790.28,3837.42,4446.97,4446.97,4446.97,785,445,444,445,889,0,1.02616,23.378,252.154,533.519,8406.21,118.233,1835.87,212.237,,,,,,,,
2019/deplyment_april19/p6440069.nc,644,7,69,980,320,290,250,1,0,310,0,2000,900,3,0,120,0,0.211302,0,0.00657711,0.0172341,0.0204261,0.0241373,0,2232.36,332.203,SciCon|PAM,4430,25.461,4975,55,magnetometer sbe41 contopt wlseaowl,66.12,13.4,37.795,13.21,0,1.55721e+09,12.6,75.6833,0.787797,206.441,1999.87,3987.63,4347.43,4347.43,4347.43,788,435,435,435,870,0,0.935556,23.444,248.901,514.876,8039.32,111.61,1653.84,202.043,,,,,,,,
2019/deplyment_april19/p6440070.nc,644,7,70,980,320,290,250,1,0,310,0,2000,900,3,0,120,0,0.239194,0,0.00657809,0.0176401,0.0194061,0.0233399,0,2120.89,313.841,SciCon|PAM,4187,25.439,4653,55,magnetometer sbe41 contopt wlseaowl,66.12,13.35,38.116,13.18,0,1.55722e+09,11.25,72.1333,0.529299,206.262,1748.46,3761.71,4109.75,4109.75,4109.75,741,411,411,411,821,0,0.950692,23.442,235.736,565.653,8812.26,141.045,2192.76,199.444,,,,,,,,
2019/deplyment_april19/p6440071.nc,644,7,71,980,320,290,250,1,0,310,0,2000,900,3,0,120,0,0.206286,0,0.00455152,0.0175816,0.0202739,0.0237893,0,2215.73,311.678,SciCon|PAM,4353,25.512,4817,55,magnetometer sbe41 contopt wlseaowl,66.12,13.38,38.397,13.21,0,1.55722e+09,11.1667,74.5167,0.37557,202.619,1967.92,4078.82,4281.06,4281.06,4281.06,787,427,426,427,854,0,0.927418,23.398,245.404,564.917,8741.33,104.741,175.917,196.442,,,,,,,,
2019/deplyment_april19/p6440072.nc,644,7,72,980,320,290,250,1,0,310,0,2000,900,3,0,120,0,0.232513,0,0.0043432,0.0161222,0.018307,0.0220727,0,2000.77,282.548,SciCon|PAM,3957,25.149,4389,55,magnetometer sbe41 contopt wlseaowl,66.12,13.37,38.711,13.2,0,1.55723e+09,10.85,68.4,0.162727,210.085,1622.7,3411.85,3881.47,3881.47,3881.47,687,388,388,388,775,0,0.977479,20.067,218.228,700.075,10971.4,0,0,197.563,,,,,,,,
2019/deplyment_april19/p6440073.nc,644,7,73,980,320,290,250,1,0,310,0,2000,900,3,0,120,0,0.230783,0,0.00526683,0.0166236,0.018452,0.0221465,0,2016.62,298.109,SciCon|PAM,3989,25.503,4438,55,magnetometer sbe41 contopt wlseaowl,66.12,13.37,39.027,13.17,0,1.55723e+09,10.8667,68.7333,0.168683,218.117,1628.29,3273.1,3917.92,3917.92,3917.92,677,391,386,391,782,0,0.98232,20.121,218.709,695.905,10946.6,0,0,205.629,,,,,,,,
2019/deplyment_april19/p6440074.nc,644,7,74,980,320,290,250,1,0,310,0,2000,900,3,0,120,0,0.230494,0,0.00551904,0.016676,0.0191979,0.0233764,0,2098.14,293.563,SciCon|PAM,4308,25.66,4752,55,magnetometer sbe41 contopt wlseaowl,66.12,13.36,39.347,13.18,0,1.55724e+09,10.6833,74.3667,1.72241,226.846,1664.23,3422.88,4238.64,4238.64,4238.64,725,424,424,424,846,0,1.05631,23.457,235.638,687.074,10912,0,0,212.083,,,,,,,,
2019/deplyment_april19/p6440075.nc,644,7,75,980,320,290,250,1,0,310,0,2000,900,3,0,120,0,0.241822,0,0.00540447,0.0176877,0.0195767,0.0235835,0,2139.53,313.339,SciCon|PAM,4307,25.566,4774,55,magnetometer sbe41 contopt wlseaowl,66.12,13.32,39.678,12.7,0,1.55724e+09,11.45,74.3,2.02111,234.141,1622.88,3295.27,4234.4,4234.4,4234.4,712,423,422,423,846,0,1.11144,23.406,234.138,706.207,11353.4,0,0,227.556,,,,,,,,
2019/deplyment_april19/p6440076.nc,644,7,76,980,320,290,250,1,0,310,0,2000,900,3,0,120,0,0.243384,0,0.00540023,0.0223725,0.0222098,0.0258126,0,2427.3,422.084,SciCon|PAM,4810,25.527,5461,55,magnetometer sbe41 contopt wlseaowl,66.12,13.36,40.017,13.17,0,1.55725e+09,14.3,82.4,2.43722,230.469,1928.07,3861.4,4734.35,4734.35,4734.35,809,473,472,473,945,0,1.09477,26.742,260.936,565.407,9022.54,138.347,2112.16,223.709,,,,,,,,
2019/deplyment_april19/p6440077.nc,644,7,77,980,320,290,250,1,0,310,0,2000,900,3,0,120,0,0.234884,0,0.0049054,0.0188575,0.0211646,0.0248026,0,2313.07,358.676,SciCon|PAM,4535,25.328,5105,55,magnetometer sbe41 contopt wlseaowl,66.12,13.37,40.34,13.16,0,1.55725e+09,13.2,77.8,2.12421,213.906,1906.53,3928.08,4459.06,4459.06,4459.06,793,445,444,445,890,0,1.02476,23.438,251.455,565.162,8799.66,129.271,1983.69,207.444,,,,,,,,
2019/deplyment_april19/p6440078.nc,644,7,78,980,320,290,250,1,0,310,0,2000,900,3,0,120,0,0.208056,0,0.00641501,0.0189881,0.0204134,0.0235656,0,2230.98,365.21,SciCon|PAM,4280,25.575,4859,55,magnetometer sbe41 contopt wlseaowl,66.12,13.38,40.62,13.2,0,1.55726e+09,13.2,73.3167,1.92573,196.038,1972.39,4198.28,4198.28,4198.28,4198.28,777,421,418,420,840,0,0.920643,23.433,244.913,565.407,8610.99,125.592,252.418,189.686,,,,,,,,
2019/deplyment_april19/p6440079.nc,644,7,79,980,320,290,250,1,0,310,0,2000,900,3,0,120,0,0.237655,0,0.00695327,0.016356,0.0184969,0.0229079,0,2021.52,284.716,SciCon|PAM,4174,25.29,4608,55,magnetometer sbe41 contopt wlseaowl,66.12,13.35,40.943,12.92,0,1.55726e+09,10.8167,72.0333,1.74856,229.463,1541.79,3257.69,4093.26,4093.26,4093.26,694,409,408,409,818,0,1.04687,23.443,225.799,704.735,11214.7,0,0,216.579,,,,,,,,
2019/deplyment_april19/p6440080.nc,644,7,80,980,320,290,250,1,0,310,0,2000,900,3,0,120,0,0.235347,0,0.00489718,0.0160996,0.0192193,0.0236097,0,2100.47,284.406,SciCon|PAM,4236,25.576,4673,55,magnetometer sbe41 contopt wlseaowl,66.12,13.36,41.262,13.18,0,1.55727e+09,10.75,72.5833,1.60839,209.934,1662.99,3717.17,4162.36,4162.36,4162.36,743,416,416,416,831,0,0.980574,23.43,234.817,566.879,8748.81,136.139,2168.36,203.953,,,,,,,,
2019/deplyment_april19/p6440081.nc,644,7,81,980,320,290,250,1,0,310,0,2000,900,3,0,120,0,0.231747,0,0.00521395,0.0160667,0.0191038,0.0233818,0,2087.85,283.778,SciCon|PAM,4180,25.476,4615,55,magnetometer sbe41 contopt wlseaowl,66.12,13.38,41.574,13.19,0,1.55727e+09,10.7333,72.0667,1.4635,204.32,1841.85,3842.67,4109.02,4109.02,4109.02,746,411,409,411,820,0,0.945938,23.444,237.004,564.671,8745.04,126.818,1955.78,197.927,,,,,,,,
2019/deplyment_april19/p6440082.nc,644,7,82,980,320,290,250,1,0,310,0,2000,900,3,0,120,0,0.232234,0,0.0063092,0.0174366,0.0194139,0.0236615,0,2121.74,310.146,SciCon|PAM,4206,25.873,4666,55,magnetometer sbe41 contopt wlseaowl,66.12,13.37,41.89,13.17,0,1.55728e+09,11.1333,72.3667,1.45471,199.502,1888.17,4129.87,4129.87,4129.87,4129.87,754,413,412,412,825,0,0.929767,23.474,238.733,565.898,8765.96,124.12,1926.72,193.486,,,,,,,,
2019/deplyment_april19/p6440083.nc,644,7,83,980,320,290,250,1,0,310,0,2000,900,3,0,120,0,0.22522,0,0.00512212,0.0161169,0.0175082,0.0212974,0,1913.46,282.774,SciCon|PAM,3691,25.412,4125,55,magnetometer sbe41 contopt wlseaowl,66.12,13.41,42.19,13.19,0,1.55728e+09,11.2167,63.85,1.34189,173.659,1893.15,3613.08,3613.08,3613.08,3613.08,660,361,360,361,722,0,0.79222,20.081,211.516,564.917,8520.94,123.384,1913.37,166.797,,,,,,,,
2019/deplyment_april19/p6440084.nc,644,7,84,980,320,290,250,1,0,310,0,2000,900,3,0,120,0,0.191823,0,0.00648793,0.0161938,0.0175197,0.0212542,0,1914.72,286.835,SciCon|PAM,3733,25.088,4177,55,magnetometer sbe41 contopt wlseaowl,66.12,13.4,42.452,13.19,0,1.55729e+09,10.6333,64.6,1.49971,170.154,2021.61,3658.77,3658.77,3658.77,3658.77,670,366,366,365,732,0,0.774097,20.081,216.167,565.162,8459.71,71.3811,114.196,164.35,,,,,,,,
2019/deplyment_april19/p6440085.nc,644,7,85,980,320,290,250,1,0,310,0,2000,900,3,0,120,0,0.22346,0,0.0048919,0.0144156,0.0158522,0.0198739,0,1732.48,257.323,SciCon|PAM,3377,25.619,3789,55,magnetometer sbe41 contopt wlseaowl,66.12,13.37,42.748,13.21,0,1.55729e+09,10.1833,58.6667,1.37208,172.922,1668.35,3302.63,3302.63,3302.63,3302.63,602,331,331,331,661,0,0.809248,20.1,193.571,694.924,10563.8,0,0,163.908,,,,,,,,
2019/deplyment_april19/p6440086.nc,644,7,86,980,320,290,250,1,0,310,0,2000,900,3,0,120,0,0.208435,0,0.00524143,0.0156528,0.018685,0.0223791,0,2042.07,283.281,SciCon|PAM,4002,25.822,4443,55,magnetometer sbe41 contopt wlseaowl,66.12,13.38,43.02,13.2,0,1.5573e+09,10.85,68.7,1.58431,181.095,2046.49,3932.24,3932.24,3932.24,3932.24,723,393,392,393,786,0,0.85373,23.418,229.708,565.162,8538.95,134.422,270.597,174.761,,,,,,,,
2019/deplyment_april19/p6440087.nc,644,7,87,980,320,290,250,1,0,310,0,2000,900,3,0,120,0,0.250024,0,0.00800955,0.0165867,0.0256489,0.0315267,0,2803.16,293.817,SciCon|PAM,6913,23.594,7368,55,magnetometer sbe41 contopt wlseaowl,66.12,13.23,43.355,13.1,0,1.5573e+09,10.9,117.933,1.82264,335.869,1912.83,3888.74,5844.87,6836.36,6836.36,1022,616,616,616,1367,0,1.60537,33.449,332.859,565.407,9835.18,172.443,322.505,328.827,,,,,,,,
2019/deplyment_april19/p6440088.nc,644,7,88,980,320,290,250,1,0,310,0,2000,900,3,0,120,0,0.342713,0,0.0114844,0.0250479,0.0403221,0.0491041,0,4406.79,452.15,SciCon|PAM,12565,18.045,13235,55,magnetometer sbe41 contopt wlseaowl,66.12,12.96,43.852,12.94,0,1.55731e+09,15.4333,211.483,3.19143,624.913,1858.53,3810.07,5760.71,9720.71,12468.2,1565,799,798,799,2492,0,3.14088,53.311,531.338,564.671,12577.4,137.12,2194.31,622.582,,,,,,,,
2019/deplyment_april19/p6440089.nc,644,7,89,980,320,290,250,1,0,310,0,2000,900,3,0,120,0,0.193393,0.313847,0.0110596,0.0340817,0.0335945,0.0475604,0,3671.53,591.739,SciCon|PAM,9452,16.04,9199,55,magnetometer sbe41 contopt wlseaowl,66.12,12.71,44.522,12.79,0,1.55732e+09,19.1667,297.35,2.52993,999.342,908.351,1741.46,2592.42,4413.88,8306.58,1060,481,480,481,1841,0,2.58757,36.718,422.509,293.129,8827.11,0,0,981.729,,,,,,,,
2019/deplyment_april19/p6440090.nc,644,7,90,980,290,170,250,1,0,310,0,2000,900,3,0,120,0,0.335123,0,0.0122835,0.000893074,0.0408073,0.0517326,0,4459.81,0,SciCon|PAM,15381,15.803,13542,55,magnetometer sbe41 contopt wlseaowl,66.12,12.66,45.118,12.72,0,1.55734e+09,7.95,259.8,4.23641,981.947,1516.38,2993.61,4513.48,7510.57,13580.9,1794,811,811,811,3071,0,3.90803,59.866,635.843,500.649,15091.9,0,0,966.478,,,,,,,,
2019/deplyment_april19/p6440091.nc,644,7,91,980,290,170,250,1,0,310,0,2000,900,3,0,120,0,0.263976,0.000501808,0.0104615,0.0418144,0.0538473,0.061753,0,5884.95,693.128,SciCon|PAM,17966,15.701,16905,55,magnetometer sbe41 contopt wlseaowl,66.12,12.62,45.622,12.73,0,1.55736e+09,20.9333,299.283,4.55694,980.299,1789.68,3541.19,5260.71,8740.79,16015.9,2088,944,943,943,3560,0,3.9209,69.802,707.31,394.436,12004.5,0,0,977.171,,,,,,,,
2019/deplyment_april19/p6440092.nc,644,7,92,980,290,170,250,1,0,310,0,2000,900,3,0,120,0,0.268384,0.000361834,0.0124386,0.0433649,0.055083,0.0621756,0,6020,775.276,SciCon|PAM,17726,15.62,16992,55,magnetometer sbe41 contopt wlseaowl,66.12,12.59,46.131,12.67,0,1.55738e+09,24.8,295.2,5.0107,981.982,1813.41,3478.54,5102.91,8605.52,15869.4,2055,924,923,924,3509,0,3.90489,69.789,703.319,398.115,12131,0,0,981.396,,,,,,,,
2019/deplyment_april19/p6440093.nc,644,7,93,980,290,170,250,1,0,310,0,2000,900,3,0,120,0,0.315186,0,0.0109403,0.043524,0.0486301,0.0560673,0,5314.76,714.33,SciCon|PAM,16088,39.851,15048,55,magnetometer sbe41 contopt wlseaowl,66.12,12.57,46.772,12.67,0,1.5574e+09,21.15,268.667,5.14975,982.684,1473.22,2983.07,4478.42,7628.75,14108.7,1850,426,426,230,1640,0,1.89617,59.947,629.505,464.836,14190,0,0,972.422,,,,,,,,
2019/deplyment_april19/p6440094.nc,644,7,94,980,290,170,250,1,0,310,0,2000,900,3,0,120,0,0.311169,0,0.0127784,0.0403925,0.0540062,0.0628217,0,5902.32,664.834,SciCon|PAM,18054,38.214,16927,55,magnetometer sbe41 contopt wlseaowl,66.12,12.55,47.41,12.64,0,1.55742e+09,19.65,301.55,6.51426,980.649,1757.78,3577.27,5329.94,8906.27,16072.5,2099,952,948,534,3577,0,3.94548,69.836,714.006,394.191,11992.3,63.2864,1009.5,974.467,,,,,,,,
2019/deplyment_april19/p6440095.nc,644,7,95,980,320,170,250,1,0,310,0,2000,900,3,0,120,0,0.271442,0.0002907,0.0145498,0.0436718,0.0580949,0.0673335,0,6349.16,721.72,SciCon|PAM,19232,38.052,18119,55,magnetometer sbe41 contopt wlseaowl,66.12,12.52,48.059,12.63,0,1.55744e+09,21.3333,320.433,7.07471,982.213,1895.77,3818.55,5720.36,9480.84,17196.1,2231,1014,1013,571,3809,0,4.19073,73.201,772.985,401.55,12198.4,0,0,982.289,,,,,,,,
2019/deplyment_april19/p6440096.nc,644,7,96,980,320,170,250,1,0,310,0,2000,900,3,0,120,0,0.281281,0,0.0142207,0.0444883,0.05619,0.065393,0,6140.98,734.375,SciCon|PAM,18787,38.18,17588,55,magnetometer sbe41 contopt wlseaowl,66.12,12.54,48.71,12.62,0,1.55746e+09,21.8667,313.333,9.48699,980.97,1729.72,3481.98,5400.96,9059.02,16642.4,2155,979,977,539,3719,0,4.17317,73.111,745.153,412.343,12708.2,0,0,975.178,,,,,,,,
2019/deplyment_april19/p6440097.nc,644,7,97,980,320,170,250,1,0,310,0,2000,900,3,0,120,0,0.215399,0.00160576,0.0151831,0.0387956,0.0577662,0.0667839,0,6313.24,646.107,SciCon|PAM,19323,37.281,18193,55,magnetometer sbe41 contopt wlseaowl,66.12,12.64,49.296,12.75,0,1.55748e+09,20,322.017,6.80586,981.958,1801.55,3669.55,5578.17,9501.98,17349.6,2222,1008,1008,557,3829,0,3.72862,73.098,769.279,316.187,9764.25,0,0,983.987,,,,,,,,
2019/deplyment_april19/p6440098.nc,644,7,98,980,320,170,250,1,0,310,0,2000,900,3,0,120,0,0.280773,0,0.0140382,0.0374761,0.0563675,0.0657275,0,6160.38,613.789,SciCon|PAM,18776,39.542,17546,55,magnetometer sbe41 contopt wlseaowl,66.12,12.56,49.947,12.65,0,1.5575e+09,19.5833,313.4,1.60989,981.886,1862.95,3697.5,5455.49,9150.99,16734.4,2171,983,983,546,3718,0,4.17989,73.154,748.731,413.078,12612.7,0,0,982.95,,,,,,,,
2019/deplyment_april19/p6440099.nc,644,7,99,980,320,170,250,1,0,310,0,2000,900,3,0,120,0,0.284833,0,0.0127755,0.0487883,0.0562801,0.0638436,0,6150.83,834.512,SciCon|PAM,18463,39.541,17381,55,magnetometer sbe41 contopt wlseaowl,66.12,12.57,50.607,12.65,0,1.55752e+09,24.3667,308.15,1.18671,979.892,1719.57,3440.11,5206.1,8678.44,16278.8,2126,957,955,521,3656,0,4.12441,69.922,729.035,421.664,12906.2,0,0,968.341,,,,,,,,
2019/deplyment_april19/p6440100.nc,644,7,100,980,320,170,250,1,0,310,0,2000,900,3,0,120,0,0.27403,0.000280102,0.0143562,0.0354564,0.0569018,0.0664735,0,6218.78,584.585,SciCon|PAM,19169,38.615,17965,55,magnetometer sbe41 contopt wlseaowl,66.12,12.57,51.249,12.62,0,1.55754e+09,18.7833,319.2,1.09527,982.639,1872.91,3760.4,5640.08,9472.22,17182.2,2217,1010,1008,564,3798,0,4.20169,73.108,764.617,402.04,12298.7,0,0,983.364,,,,,,,,
2019/deplyment_april19/p6440101.nc,644,7,101,980,320,170,250,1,0,310,0,2000,900,3,0,120,0,0.273991,7.34719e-05,0.014063,0.0407471,0.0584363,0.0672027,0,6386.48,674.638,SciCon|PAM,19597,36.977,18249,55,magnetometer sbe41 contopt wlseaowl,66.12,12.57,51.893,12.67,0,1.55756e+09,20.55,326.367,0.812616,981.855,1836.37,3665.87,5502.56,9250.35,17399.3,2254,1014,1014,550,3883,0,4.17075,73.214,777.436,406.701,12295.6,0,0,940.557,,,,,,,,
2019/deplyment_april19/p6440102.nc,644,7,102,980,320,170,250,1,0,310,0,2000,900,3,0,120,0,0.298617,0,0.012285,0.0392704,0.0542083,0.0628624,0,5924.41,653.048,SciCon|PAM,18016,39.692,16800,55,magnetometer sbe41 contopt wlseaowl,66.12,12.6,52.55,12.66,0,1.55758e+09,20.3167,300.783,5.70041,983.718,1679.03,3421.59,5119.89,8604.23,15935.3,2073,936,934,512,3566,0,4.18035,69.784,715.095,442.023,13498.1,0,0,976.884,,,,,,,,
2019/deplyment_april19/p6440103.nc,644,7,103,980,320,170,250,1,0,310,0,2000,900,3,0,120,0,0.294216,0,0.0144664,0.0443209,0.0556066,0.0629169,0,6077.23,790.198,SciCon|PAM,17814,39.64,17009,55,magnetometer sbe41 contopt wlseaowl,66.12,12.57,53.206,12.67,0,1.5576e+09,24.65,297.733,6.93162,981.404,1701.67,3470.55,5175.07,8644.18,15870.5,2055,933,932,518,3528,0,4.12626,69.829,714.448,436.382,13163.7,0,0,982.344,,,,,,,,
2019/deplyment_april19/p6440104.nc,644,7,104,980,320,290,250,1,0,310,0,2000,900,3,0,120,0,0.373916,0,0.0218165,0.0373561,0.0631206,0.0761644,0,6898.43,615.891,SciCon|PAM,20420,36.861,19008,55,magnetometer sbe41 contopt wlseaowl,66.12,12.47,53.973,12.58,0,1.55762e+09,19.2833,341.117,7.84871,989.185,1935.64,3938.56,5917.97,9942.83,18188.7,2322,1068,1067,592,4049,0,5.12535,79.758,847.23,562.954,16635.4,0,0,987.566,,,,,,,,
2019/deplyment_april19/p6440105.nc,644,7,105,980,320,290,250,1,0,310,0,2000,900,3,0,120,0,0.373737,0,0.0191914,0.041252,0.0628178,0.0746129,0,6865.33,682.749,SciCon|PAM,20470,36.435,18996,55,magnetometer sbe41 contopt wlseaowl,66.12,12.5,54.741,12.59,0,1.55764e+09,21.2333,341.483,7.78186,992.056,1980.2,3953.58,5925.9,10028,18128.4,2336,1070,1069,592,4055,0,5.14079,79.8,835.008,563.445,16732.5,0,0,989.225,,,,,,,,
2019/deplyment_april19/p6440106.nc,644,7,106,980,320,290,250,1,0,310,0,2000,900,3,0,120,0,0.464617,0,0.0197406,0.0413087,0.0616097,0.0741454,0,6733.3,684.642,SciCon|PAM,20137,37.147,18747,55,magnetometer sbe41 contopt wlseaowl,66.12,12.52,55.551,12.57,0,1.55766e+09,21.2667,336.1,5.76592,988.741,1751.63,3707.21,5663.21,9708.03,17853,2281,1043,1042,566,3988,0,5.10869,76.419,816.504,563.69,16742.2,128.78,2117.35,987.612,,,,,,,,
2019/deplyment_april19/p6440107.nc,644,7,107,980,320,290,250,1,0,310,0,2000,900,3,0,120,0,0.43122,0,0.0164282,0.0405721,0.06201,0.0741086,0,6777.05,667.089,SciCon|PAM,20595,36.632,19071,55,magnetometer sbe41 contopt wlseaowl,66.12,12.52,56.321,12.61,0,1.55768e+09,20.7667,343.65,7.46763,989.505,1983.31,4008.48,6012.49,9961.23,18217.4,2372,1080,1079,602,4081,0,5.15502,79.77,824.471,563.445,16692.7,139.328,283.563,987.51,,,,,,,,
2019/deplyment_april19/p6440108.nc,644,7,108,980,320,290,250,1,0,310,0,2000,900,3,0,120,0,0.497856,0,0.0139984,0.0422272,0.0504502,0.0597734,0,5513.69,697.873,SciCon|PAM,16072,42.234,14878,55,magnetometer sbe41 contopt wlseaowl,66.12,12.54,57.154,12.43,0,1.5577e+09,21.3833,268.333,7.89867,990.251,1492.58,3018.31,4585.11,7553.54,13953.5,1830,834,834,459,3175,0,4.82526,59.84,645.591,728.774,21932.3,0,0,986.054,,,,,,,,
2019/deplyment_april19/p6440109.nc,644,7,109,980,320,290,250,1,0,310,0,2000,900,3,0,120,0,0.37779,0,0.0163835,0.0402586,0.0636965,0.075857,0,6961.36,695.101,SciCon|PAM,21013,36.436,19570,55,magnetometer sbe41 contopt wlseaowl,66.12,12.52,57.924,12.62,0,1.55772e+09,21.5,350.983,3.81432,991.721,2032.17,4076.56,6110.5,10183.2,18607.9,2416,1101,1099,610,4170,0,5.26047,79.796,849.068,564.181,16586.4,19.6237,35.0448,988.414,,,,,,,,
2019/deplyment_april19/p6440110.nc,644,7,110,980,320,290,250,1,0,310,0,2000,900,3,0,120,0,0.372537,0,0.0204675,0.0540115,0.0644572,0.0746316,0,7044.5,922.896,SciCon|PAM,20276,36.676,19132,55,magnetometer sbe41 contopt wlseaowl,66.12,12.53,58.704,12.63,0,1.55774e+09,26.6167,338.367,2.45169,991.634,2022.2,4040.47,6042.78,9917.93,17936.9,2326,1072,1070,604,4015,0,5.0973,79.838,836.304,563.936,16671.5,0,0,988.411,,,,,,,,
2019/deplyment_april19/p6440111.nc,644,7,111,980,320,290,250,1,0,310,0,2000,900,3,0,120,0,0.371898,0,0.0133841,0.0432335,0.061114,0.0702595,0,6679.13,742.877,SciCon|PAM,20557,36.167,19186,55,magnetometer sbe41 contopt wlseaowl,66.12,12.52,59.462,12.62,0,1.55777e+09,23.0833,342.933,2.29797,989.622,1991.93,4030.17,6012.11,10024.7,18201.6,2381,1078,1077,601,4072,0,5.15682,79.849,777.505,563.69,16625.1,0,0,987.576,,,,,,,,
2019/deplyment_april19/p6440112.nc,644,7,112,980,320,290,250,1,0,310,0,2000,900,3,0,120,0,0.374369,0,0.0139857,0.0412246,0.0589254,0.0680532,0,6439.93,682.043,SciCon|PAM,20236,36.772,18755,55,magnetometer sbe41 contopt wlseaowl,66.12,12.5,60.214,12.6,0,1.55779e+09,21.0167,337.483,2.96754,988.889,1957.73,3901.99,5900.94,9887.67,17867.1,2339,1061,1060,589,4009,0,5.09121,76.465,754.724,563.69,16685,0,0,987.118,,,,,,,,
2019/deplyment_april19/p6440113.nc,644,7,113,980,320,290,250,1,0,310,0,2000,900,3,0,120,0,0.48481,0,0.0127459,0.0397307,0.050398,0.0589423,0,5507.98,655.172,SciCon|PAM,16838,42.025,15450,55,magnetometer sbe41 contopt wlseaowl,66.12,12.48,61.039,12.29,0,1.55781e+09,20.4333,281.067,2.60603,992.439,1547.43,3092.04,4669.9,7921.36,14591.7,1925,865,863,467,3329,0,4.97433,63.138,631.13,707.924,21432.9,0,0,982.507,,,,,,,,
2019/deplyment_april19/p6440114.nc,644,7,114,980,320,290,250,1,0,310,0,2000,900,3,0,120,0,0.483645,0,0.0133657,0.0367911,0.0507994,0.0597702,0,5551.84,614.994,SciCon|PAM,16970,41.523,15507,55,magnetometer sbe41 contopt wlseaowl,66.12,12.42,61.862,12.53,0,1.55783e+09,18.95,284.183,2.51531,991.735,1587.43,3190.63,4783.1,7904.15,14698.5,1950,879,877,478,3360,0,4.98263,66.553,637.946,707.434,21409.6,0,0,976.344,,,,,,,,
2019/deplyment_april19/p6440115.nc,644,7,115,980,320,290,250,1,0,310,0,2000,900,3,0,120,0,0.469217,0,0.0141038,0.0339884,0.0507841,0.0600147,0,5550.17,556.589,SciCon|PAM,17081,41.759,15661,55,magnetometer sbe41 contopt wlseaowl,66.12,12.43,62.672,12.46,0,1.55785e+09,18.5333,285.333,3.26351,992.012,1658.97,3217.05,4809.09,8310.52,14908.3,1958,883,883,481,3382,0,4.9569,66.609,644.802,690.754,20735.6,0,0,982.252,,,,,,,,
2019/deplyment_april19/p6440125.nc,644,7,125,980,320,290,250,1,0,310,0,2000,900,3,0,120,0,0.378096,0,0.0152461,0.0354802,0.0600058,0.0697531,0,6558.02,587.951,SciCon|PAM,20685,36.276,19102,55,magnetometer sbe41 contopt wlseaowl,66.12,12.45,70.482,12.54,0,1.55805e+09,18.7333,345.533,2.73673,990.338,2039.03,4083.11,6132.55,10169.7,18324,2399,1091,1089,612,4103,0,5.18057,79.719,782.523,563.445,16796.7,0,0,987.767,,,,,,,,
2019/deplyment_april19/p6440126.nc,644,7,126,980,320,290,250,1,0,310,0,2000,900,3,0,120,0,0.379666,0,0.016421,0.0400759,0.0619606,0.0710417,0,6771.65,671.34,SciCon|PAM,20993,36.481,19484,55,magnetometer sbe41 contopt wlseaowl,66.12,12.46,71.252,12.56,0,1.55807e+09,20.7833,350.25,3.25422,991.001,2072.75,4209.49,6285.4,10168.6,18620.5,2436,1111,1111,628,4158,0,5.25922,79.746,799.82,563.69,16872.1,0,0,988.514,,,,,,,,
2019/deplyment_april19/p6440129.nc,644,7,129,980,320,290,250,1,0,310,0,2000,900,3,0,120,0,0.463482,0,0.0136684,0.0387068,0.0598452,0.0693088,0,6540.46,655.7,SciCon|PAM,20781,36.512,19224,55,magnetometer sbe41 contopt wlseaowl,66.12,12.46,73.584,12.54,0,1.55814e+09,20.9833,346.717,2.0209,991.646,1970.47,3994.66,6056.4,10188,18373.5,2394,1089,1087,605,4118,0,5.23314,79.759,770.443,562.218,16871.8,121.176,1944.19,988.642,,,,,,,,
2019/deplyment_april19/p6440130.nc,644,7,130,980,320,290,250,1,0,310,0,2000,900,3,0,120,0,0.480768,0,0.0114103,0.0463236,0.0533453,0.0606933,0,5830.08,804.683,SciCon|PAM,17463,41.652,16228,55,magnetometer sbe41 contopt wlseaowl,66.12,12.49,74.421,12.53,0,1.55816e+09,24.0667,291.467,3.95284,989.227,1647.45,3265.77,4905.71,8140.71,15135.4,2001,903,903,491,3454,0,5.0716,66.546,654.626,698.848,21227.7,0,0,974.503,,,,,,,,
2019/deplyment_april19/p6440131.nc,644,7,131,980,320,290,250,1,0,310,0,2000,900,3,0,120,0,0.476173,0,0.0146279,0.0362557,0.0584581,0.0691754,0,6388.86,615.068,SciCon|PAM,20444,36.346,18968,55,magnetometer sbe41 contopt wlseaowl,66.12,12.47,75.22,12.55,0,1.55818e+09,19.1333,341.35,3.94081,988.106,1796.18,3804.99,5829.36,9885.75,18166.3,2345,1064,1063,582,4056,0,5.1711,76.477,760.144,563.936,16777.9,143.253,2322.29,986.726,,,,,,,,
2019/deplyment_april19/p6440136.nc,644,7,136,980,340,250,250,1,0,310,0,2000,900,3,0,120,0,0.399939,0,0.016136,0.0398744,0.0646741,0.0743548,0,7068.2,706.946,SciCon|PAM,22253,36.268,20906,55,magnetometer sbe41 contopt wlseaowl,66.12,12.52,79.151,12.61,0,1.55829e+09,22.1167,371.4,2.94984,984.778,2002.31,4224.78,6509.27,11031.8,19934,2564,1168,1168,649,4418,0,5.0979,86.415,832.325,485.195,14607.9,110.138,1712.23,985.221,,,,,,,,
2019/deplyment_april19/p6440137.nc,644,7,137,980,340,250,250,1,0,310,0,2000,900,3,0,120,0,0.398939,0,0.015365,0.0424798,0.0639534,0.0734431,0,6989.44,715.706,SciCon|PAM,22118,35.522,20550,55,magnetometer sbe41 contopt wlseaowl,66.12,12.54,79.921,12.62,0,1.55831e+09,22.4667,368.833,2.524,989.43,1720.07,3849.7,6110.03,10682.6,19641.5,2516,1136,1135,610,4383,0,5.13395,83.047,816.974,485.195,14598.7,120.931,1969.37,987.578,,,,,,,,
2019/deplyment_april19/p6440138.nc,644,7,138,980,340,250,250,1,0,310,0,2000,900,3,0,120,0,0.409575,0,0.0140311,0.0423,0.0635815,0.0735288,0,6948.79,708.835,SciCon|PAM,22562,35.658,21034,55,magnetometer sbe41 contopt wlseaowl,66.12,12.55,80.696,12.63,0,1.55834e+09,21.7667,376.35,2.94324,987.11,1767.86,3945.82,6258.62,10955.8,20134.5,2571,1163,1162,625,4472,0,5.21136,83.065,822.772,485.441,14614.8,127.063,2048.17,986.365,,,,,,,,
2019/deplyment_april19/p6440139.nc,644,7,139,980,340,250,250,1,0,310,0,2000,900,3,0,120,0,0.405291,0,0.0128532,0.0489864,0.0565755,0.0636085,0,6183.11,848.101,SciCon|PAM,18804,40.163,17689,55,magnetometer sbe41 contopt wlseaowl,66.12,12.55,81.48,12.64,0,1.55836e+09,25.5,314.067,2.65569,986.13,1803.52,3636.61,5483.17,9131.29,16552.1,2171,986,986,548,3719,0,4.99978,73.276,699.543,600.975,18113,0,0,979.09,,,,,,,,
2019/deplyment_april19/p6440140.nc,644,7,140,980,340,250,250,1,0,310,0,2000,900,3,0,120,0,0.432329,0,0.0127084,0.0528555,0.0584661,0.0667525,0,6389.73,913.653,SciCon|PAM,19213,40.576,18126,55,magnetometer sbe41 contopt wlseaowl,66.12,12.55,82.288,12.54,0,1.55838e+09,25.7333,321.05,3.16559,989.334,1840.97,3721.21,5595.67,9209.24,16922.9,2218,1005,1005,559,3806,0,5.14376,73.088,722.852,603.919,18223.9,41.455,98.0073,986.574,,,,,,,,
2019/deplyment_april19/p6440145.nc,644,7,145,980,340,250,250,1,0,310,0,2000,900,3,0,120,0,0.403124,0,0.0119321,0.038752,0.0565484,0.0651406,0,6180.16,656.441,SciCon|PAM,19487,38.916,17882,55,magnetometer sbe41 contopt wlseaowl,66.12,12.55,86.201,12.65,0,1.55849e+09,20.2667,325.283,6.04561,988.251,1814.61,3614.95,5532.89,9271.07,17037.3,2237,1010,1010,553,3860,0,5.09373,73.11,719.762,599.749,18011.4,0,0,959.143,,,,,,,,
2019/deplyment_april19/p6440146.nc,644,7,146,980,340,250,250,1,0,310,0,2000,900,3,0,120,0,0.400579,0,0.0128479,0.0498565,0.0523304,0.0578127,0,5719.17,912.579,SciCon|PAM,16466,40.971,17624,55,magnetometer sbe41 contopt wlseaowl,66.12,12.64,86.947,12.67,0,1.55851e+09,27.05,274.967,3.23663,881.866,1810.79,3535.55,5253.15,8735.19,16283.3,1929,893,891,525,3256,0,4.46842,63.267,629.052,634.09,17852.5,0,0,882.626,,,,,,,,
2019/deplyment_april19/p6440147.nc,644,7,147,980,340,250,250,1,0,310,0,2000,900,3,0,120,0,0.327973,0,0.0114368,0.0340677,0.0497413,0.0573225,0,5436.21,573.231,SciCon|PAM,16435,35.133,17118,55,magnetometer sbe41 contopt wlseaowl,66.12,12.81,87.565,12.8,0,1.55853e+09,18.8333,274.9,2.70685,752.147,1860.91,3734.26,5647.7,9981.96,16273.1,1946,918,914,564,3253,0,3.8793,63.156,631.453,486.422,12215.6,114.063,2168.71,755.9,,,,,,,,
2019/deplyment_april19/p6440148.nc,644,7,148,980,340,250,250,1,0,310,0,2000,900,3,0,120,0,0.299341,0,0.00955913,0.0454732,0.0489727,0.0537277,0,5352.2,833.67,SciCon|PAM,14810,34.686,15887,55,magnetometer sbe41 contopt wlseaowl,66.12,12.95,88.137,12.89,0,1.55855e+09,25.2333,247.5,1.93737,642.788,2024.4,4255.76,6556.85,10948.3,14642.7,1833,924,924,655,2928,0,3.31438,59.944,589.252,486.177,11168.4,109.893,1738.84,645.951,,,,,,,,
2019/deplyment_april19/p6440149.nc,644,7,149,980,340,250,250,1,0,310,0,2000,900,3,0,120,0,0.361907,0,0.0141312,0.0331028,0.0496541,0.0573082,0,5426.68,567.772,SciCon|PAM,16390,39.257,17083,55,magnetometer sbe41 contopt wlseaowl,66.12,12.71,88.819,12.75,0,1.55856e+09,18.15,274.45,3.78831,830.172,1842.39,3661.48,5562.01,9076.65,16235.2,1934,911,911,556,3247,0,4.292,63.117,632.966,606.126,16409.8,0,0,823.125,,,,,,,,
2019/deplyment_april19/p6440150.nc,644,7,150,980,340,250,250,1,0,310,0,2000,900,3,0,120,0,0.387086,0,0.0149583,0.0347307,0.0550408,0.0640873,0,6015.38,584.728,SciCon|PAM,18557,40.403,18249,55,magnetometer sbe41 contopt wlseaowl,66.12,12.61,89.57,12.69,0,1.55858e+09,18.8667,310.5,5.26923,924.426,1859.33,3735.52,5520.33,9128.59,17474.2,2158,980,979,550,3678,0,4.90181,73.228,707.895,597.786,17376.9,0,0,920.987,,,,,,,,
2019/deplyment_april19/p6440151.nc,644,7,151,980,340,250,250,1,0,310,0,2000,900,3,0,120,0,0.257428,0.000134045,0.0084427,0.0383705,0.0451523,0.0503126,0,4934.67,638.149,SciCon|PAM,14604,36.881,15348,55,magnetometer sbe41 contopt wlseaowl,66.12,12.71,90.114,12.75,0,1.5586e+09,20.2,243.233,3.50066,839.899,1648.82,3295.22,4986.57,8258.27,14419.2,1733,814,811,499,2883,0,3.29595,56.584,553.327,426.57,11685.2,0,0,844.6,,,,,,,,
2022/sg644_20220519_PF/p6440001.nc,644,11,1,30,10,155,450,1,0,310,0,,,,1,120,0,0.115384,0.0231857,0.00369127,0.00135847,0.00869644,0.00618332,0,950.431,0,SBE_CT|CONTOPT|UVP|ESNDR,,,,,magnetometer sbe41 contopt,66.12,12.75,108.011,12.49,0,1.65299e+09,3.06667,24.2,0.100877,59.5369,1023.35,1023.35,1023.35,1023.35,1023.35,65,0,0,0,0,0,0.0311526,3.597,293.597,303.431,5311.1,0,0,45.447,41.412,24,180.063,300,1103,80,1364,400
2022/sg644_20220519_PF/p6440002.nc,644,11,2,30,10,155,450,1,0,310,0,,,,1,120,0,0.113417,0.083429,0.00327553,5.32146e-05,0.0123167,0.00618724,0,1346.09,0,SBE_CT|CONTOPT|UVP|ESNDR,,,,,magnetometer sbe41 contopt,66.12,12.9,108.529,12.58,0,1.65299e+09,3.18333,30.1833,0.0645828,48.8817,1382.49,1382.49,1382.49,1382.49,1382.49,67,0,0,0,0,0,0.0400376,3.586,44.735,303.676,5242.5,0,0,39.2564,43.783,24,187.129,300,1464,80,1729,400
2022/sg644_20220519_PF/p6440003.nc,644,11,3,30,10,255,450,1,0,310,0,,,,0,120,0,0.235975,0.00047396,0.0034765,0.000148414,0.0125532,0.00668144,0,1371.93,0,SBE_CT|CONTOPT|UVP|ESNDR,,,,,magnetometer sbe41 contopt,66.12,12.88,109.125,12.37,0,1.653e+09,3.7,28.8,0.0994954,45.0377,1493.29,1493.29,1493.29,1493.29,1493.29,84,0,0,0,0,0,0.0512222,3.649,38.795,619.127,10578.4,0,0,36.535,52.333,24,231.379,300,1574,80,1648,400
2022/sg644_20220519_PF/p6440004.nc,644,11,4,90,30,255,350,1,0,310,0,,,,0,120,0,0.253457,0,0.00479728,0.000150042,0.0255804,0.0120541,0,2795.67,0,SBE_CT|CONTOPT|UVP|ESNDR,,,,,magnetometer sbe41 contopt,66.12,12.88,110.014,12.42,0,1.653e+09,4.48333,56.6,0.172665,101.097,2975.41,3186.66,3186.66,3186.66,3186.66,288,0,0,0,0,0,0.0478239,13.65,63.407,622.561,11327,0,0,92.1605,190.964,24,807.961,300,3201,80,3313,400
2022/sg644_20220519_PF/p6440005.nc,644,11,5,90,30,155,350,1,0,310,0,,,,0,120,0,0.157203,0.0132151,0.00458731,0.000150588,0.0219501,0.0115062,0,2398.92,0,SBE_CT|CONTOPT|UVP|ESNDR,,,,,magnetometer sbe41 contopt,66.12,12.95,110.753,12.64,0,1.653e+09,4.71667,48.95,0.115388,103.397,2425.3,2668.65,2668.65,2668.65,2668.65,278,0,0,0,0,0,0.159896,13.516,66.311,394.681,7125.25,0,0,96.2428,187.758,24,784.044,300,2680,80,2854,400
2022/sg644_20220519_PF/p6440006.nc,644,11,6,90,30,155,350,1,0,310,0,,,,0,120,0,0.189045,0.0104837,0.00403214,0.0116385,0.0261577,0.00944591,0,2858.76,213.205,SBE_CT|CONTOPT|UVP|ESNDR,,,,,magnetometer sbe41 contopt,66.12,12.93,111.467,12.67,0,1.65301e+09,6.25,51.2833,0.0268019,103.875,2516.08,2795.59,2795.59,2795.59,2795.59,147,0,0,0,0,0,0.141088,6.891,30.883,396.153,7338.95,65.9846,1235.55,96.0734,97.377,24,412.197,300,3187,80,3275,400
2022/sg644_20220519_PF/p6440007.nc,644,11,7,90,30,155,350,1,0,310,0,,,,0,120,0,0.155514,0.013415,0.00417997,0.00902155,0.023515,0.0126505,0,2569.94,171.982,SBE_CT|CONTOPT|UVP|ESNDR,,,,,magnetometer sbe41 contopt,66.12,12.97,112.158,12.68,0,1.65301e+09,5.71667,48.6833,0.171469,101.734,2477.87,2667.66,2667.66,2667.66,2667.66,278,0,0,0,0,0,0.146895,13.569,57.589,377.265,7015.26,0,0,92.4628,187.865,24,784.132,300,2959,80,3115,400
2022/sg644_20220519_PF/p6440008.nc,644,11,8,90,30,155,350,1,0,310,0,,,,0,120,0,0.204635,0.00082348,0.00437304,0.0146933,0.0246245,0.0129813,0,2691.21,288.278,SBE_CT|CONTOPT|UVP|ESNDR,,,,,magnetometer sbe41 contopt,66.12,12.92,112.908,12.49,0,1.65302e+09,9.06667,47.55,0.259846,105.826,2367.92,2714.66,2714.66,2714.66,2714.66,284,0,0,0,0,0,0.141008,13.55,57.71,490.592,9138.63,0,0,94.6941,190.756,24,799.495,300,3185,80,3232,400
2022/sg644_20220519_PF/p6440009.nc,644,11,9,90,30,155,350,1,0,310,0,,,,0,120,0,0.164568,0.0126858,0.00425442,0.0109705,0.0271191,0.00922239,0,2963.84,209.624,SBE_CT|CONTOPT|UVP|ESNDR,,,,,magnetometer sbe41 contopt,66.12,12.88,113.613,12.84,0,1.65302e+09,6.21667,52.3833,0.338641,96.7162,2849.62,2849.62,2849.62,2849.62,2849.62,144,0,0,0,0,0,0.196966,6.906,28.767,414.796,7505.96,0,0,92.6636,96.471,24,405.01,300,3245,80,3375,400
2022/sg644_20220519_PF/p6440010.nc,644,11,10,90,30,155,350,1,0,310,0,,,,0,120,0,0.216499,0,0.00488539,0.0078787,0.0225819,0.0125363,0,2467.97,152.394,SBE_CT|CONTOPT|UVP|ESNDR,,,,,magnetometer sbe41 contopt,66.12,12.89,114.331,12.48,0,1.65302e+09,5.1,48.15,0.281453,103.277,2415.6,2678.65,2678.65,2678.65,2678.65,265,0,0,0,0,0,0.272416,13.535,53.177,512.669,9625.96,0,0,90.9409,176.57,24,744.139,300,2939,80,3031,400
2022/sg644_20220519_PF/p6440011.nc,644,11,11,90,30,155,350,1,0,310,0,,,,0,120,0,0.2257,0,0.00431659,0.0111345,0.0226418,0.0125997,0,2474.52,206.819,SBE_CT|CONTOPT|UVP|ESNDR,,,,,magnetometer sbe41 contopt,66.12,12.88,115.06,12.47,0,1.65302e+09,6.6,46.7667,0.251846,102.6,2385.69,2629.65,2629.65,2629.65,2629.65,255,0,0,0,0,0,0.244375,13.641,52.576,534.5,10000.3,0,0,94.7285,169.106,24,714.88,300,2957,80,3044,400
2022/sg644_20220519_PF/p6440012.nc,644,11,12,90,30,155,350,1,0,310,0,,,,0,120,0,0.114805,0.0169519,0.00434565,0.0112045,0.024651,0.0101085,0,2694.1,207.775,SBE_CT|CONTOPT|UVP|ESNDR,,,,,magnetometer sbe41 contopt,66.12,12.93,115.704,12.89,0,1.65303e+09,6.4,49.75,0.0778391,99.474,2599.08,2599.08,2599.08,2599.08,2599.08,160,0,0,0,0,0,0.341399,6.922,33.947,302.45,5339,0,0,95.3723,107.248,24,450.229,300,3008,80,3226,400
2022/sg644_20220519_PF/p6440013.nc,644,11,13,90,30,155,350,1,0,310,0,,,,0,120,0,0.117962,0.0230878,0.00648451,0.0119842,0.0250115,0.00969451,0,2733.49,251.221,SBE_CT|CONTOPT|UVP|ESNDR,,,,,magnetometer sbe41 contopt,66.12,12.93,116.363,12.87,0,1.65303e+09,8.48333,49.6,0.105884,98.359,2556.32,2556.32,2556.32,2556.32,2556.32,147,0,0,0,0,0,0.341404,6.916,32.089,302.941,5484.25,0,0,94.5035,98.082,24,412.973,300,3066,80,3294,400
2022/sg644_20220519_PF/p6440014.nc,644,11,14,210,70,155,350,1,0,310,0,,,,0,120,0,0.168264,0.0166898,0.00582555,0.000252059,0.0390812,0.0127039,0,4271.17,0,SBE_CT|CONTOPT|UVP|ESNDR,,,,,magnetometer sbe41 contopt,66.12,12.8,117.465,12.79,0,1.65304e+09,8.4,81.7167,0.483249,220.035,2025.61,3879.98,4557.01,4557.01,4557.01,308,0,0,0,0,0,0.807962,13.585,66.309,383.398,7743.61,0,0,213.331,207.838,24,868.38,300,4637,80,4824,400
2022/sg644_20220519_PF/p6440015.nc,644,11,15,210,70,155,350,1,0,310,0,,,,0,120,0,0.134364,0.017317,0.00637908,0.013766,0.0400677,0.0171985,0,4378.98,245.995,SBE_CT|CONTOPT|UVP|ESNDR,,,,,magnetometer sbe41 contopt,66.12,12.85,118.467,12.81,0,1.65304e+09,7.03333,80.6667,1.04499,217.408,2069.68,3917.08,4443.16,4443.16,4443.16,417,0,0,0,0,0,0.686204,20.21,77.283,303.186,6212.5,0,0,214.288,284.26,24,1179.14,300,4886,80,5105,400
2022/sg644_20220519_PF/p6440016.nc,644,11,16,210,70,155,350,1,0,310,0,,,,0,120,0,0.133863,0.0199057,0.00492012,0.0150062,0.0412245,0.0136242,0,4505.41,265.008,SBE_CT|CONTOPT|UVP|ESNDR,,,,,magnetometer sbe41 contopt,66.12,12.81,119.441,12.72,0,1.65305e+09,7.46667,81.3333,0.941994,218.164,2032.77,3880.23,4468.03,4468.03,4468.03,273,0,0,0,0,0,0.691803,13.661,48.48,303.431,6163.88,0,0,214.579,184.615,24,770.302,300,4931,80,5157,400
2022/sg644_20220519_PF/p6440017.nc,644,11,17,210,70,155,350,1,0,310,0,,,,0,120,0,0.133968,0.0200124,0.00892344,0.0135328,0.0404875,0.0167919,0,4424.86,244.255,SBE_CT|CONTOPT|UVP|ESNDR,,,,,magnetometer sbe41 contopt,66.12,12.74,120.44,12.68,0,1.65305e+09,6.9,82.8,1.11604,221.229,2015.99,3920.87,4550.74,4550.74,4550.74,330,0,0,0,0,0,0.703993,16.926,74.869,303.676,6196.04,0,0,217.337,223.054,24,931.145,300,4989,80,5214,400
2022/sg644_20220519_PF/p6440018.nc,644,11,18,210,70,155,350,1,0,310,0,,,,0,120,0,0.134395,0.0198524,0.0080003,0.0175756,0.0408551,0.0145311,0,4465.04,304.122,SBE_CT|CONTOPT|UVP|ESNDR,,,,,magnetometer sbe41 contopt,66.12,12.76,121.416,12.74,0,1.65306e+09,8.3,80.7,0.92817,218.274,1929.18,3849.59,4436.1,4436.1,4436.1,251,0,0,0,0,0,0.695636,13.609,54.809,303.676,6182.18,0,0,214.965,168.698,24,707.126,300,4947,80,5176,400
2022/sg644_20220519_PF/p6440019.nc,644,11,19,270,90,155,350,1,0,310,0,,,,0,120,0,0.0328047,0.234385,0.00427689,0.0134989,0.0260098,0.0154733,0,2842.6,238.945,SBE_CT|CONTOPT|UVP|ESNDR,,,,,magnetometer sbe41 contopt,66.12,12.84,122.184,13.01,0,1.65306e+09,6.88333,112.517,0.400189,249.206,1128.79,2114.35,2602.69,2602.69,2602.69,135,0,0,0,0,0,0.435702,6.97,50.097,69.9094,1673.55,0,0,245.3,91.609,24,381.396,300,3056,80,3081,400
2022/sg644_20220519_PF/p6440020.nc,644,11,20,270,90,155,350,1,0,310,0,,,,0,120,0,0.181403,0.016991,0.0129465,0.000420736,0.04678,0.0258977,0,5112.57,0,SBE_CT|CONTOPT|UVP|ESNDR,,,,,magnetometer sbe41 contopt,66.12,12.68,123.699,12.67,0,1.65307e+09,3.98333,104.467,0.850324,274.693,2082.46,4170.41,5882.72,5882.72,5882.72,696,0,0,0,0,0,0.998218,33.577,184.319,302.45,6513.9,67.4564,1381.65,272.843,473.132,24,1967.39,300,5964,80,6163,400
2022/sg644_20220519_PF/p6440021.nc,644,11,21,270,90,165,350,1,0,310,0,,,,0,120,0,0.252559,0.00172271,0.00733011,0.0218183,0.0568619,0.0189923,0,6214.42,369.352,SBE_CT|CONTOPT|UVP|ESNDR,,,,,magnetometer sbe41 contopt,66.12,12.64,125.055,12.4,0,1.65308e+09,9.5,109.2,1.13172,277.22,2163.68,4372.03,6319.49,6319.49,6319.49,398,0,0,0,0,0,1.14596,20.216,80.129,415.777,8840.5,77.5135,1718.84,249.839,268.686,24,1122.88,300,6895,80,6949,400
2022/sg644_20220519_PF/p6440022.nc,644,11,22,270,90,165,350,1,0,310,0,,,,0,120,0,0.239708,0.00386081,0.00848224,0.0159618,0.058968,0.0172121,0,6444.59,274.2,SBE_CT|CONTOPT|UVP|ESNDR,,,,,magnetometer sbe41 contopt,66.12,12.61,126.399,12.52,0,1.65309e+09,7.48333,113.917,1.48457,277.081,2293.42,4597.72,6581.53,6581.53,6581.53,344,0,0,0,0,0,1.11776,16.861,64.946,322.319,6901.34,164.348,2949.83,273.94,231.287,24,969.081,300,7049,80,7113,400
2022/sg644_20220519_PF/p6440023.nc,644,11,23,270,90,165,350,1,0,310,0,,,,0,120,0,0.193857,0.0181927,0.00890297,0.0147082,0.0536202,0.0252732,0,5860.13,256.256,SBE_CT|CONTOPT|UVP|ESNDR,,,,,magnetometer sbe41 contopt,66.12,12.59,127.761,12.55,0,1.65309e+09,7.16667,110.833,1.31747,276.822,2190.21,4430.56,6366.64,6366.64,6366.64,598,0,0,0,0,0,1.09379,30.219,132.057,322.319,6972.63,72.6076,1429.46,274.028,405.971,24,1689.55,300,6746,80,6908,400
2022/sg644_20220519_PF/p6440024.nc,644,11,24,270,90,165,350,1,0,310,0,,,,0,120,0,0.228211,0.00708306,0.00874321,0.020678,0.0570998,0.0255916,0,6240.41,351.863,SBE_CT|CONTOPT|UVP|ESNDR,,,,,magnetometer sbe41 contopt,66.12,12.59,129.174,12.59,0,1.6531e+09,9.1,114.9,0.840878,278.463,2334.71,4678.77,6694.65,6694.65,6694.65,607,0,0,0,0,0,1.12166,30.154,130.485,322.81,6942.99,155.763,1529.94,274.879,411.383,24,1714.02,300,7183,80,7263,400
2022/sg644_20220519_PF/p6440025.nc,644,11,25,270,90,165,350,1,0,310,0,,,,0,120,0,0.195656,0.0183837,0.00615385,0.019389,0.055783,0.0166873,0,6096.5,329.98,SBE_CT|CONTOPT|UVP|ESNDR,,,,,magnetometer sbe41 contopt,66.12,12.57,130.458,12.53,0,1.65311e+09,8.63333,107.467,0.515886,277.25,2113.96,4049.49,6113.4,6113.4,6113.4,313,0,0,0,0,0,1.10164,16.869,61.312,413.324,8733.39,0,0,258.87,211.31,24,882.853,300,6642,80,6800,400
2022/sg644_20220519_PF/p6440026.nc,644,11,26,270,90,165,350,1,0,310,0,,,,0,120,0,0.281827,0,0.00690494,0.0150034,0.0563349,0.0171011,0,6156.82,265.303,SBE_CT|CONTOPT|UVP|ESNDR,,,,,magnetometer sbe41 contopt,66.12,12.56,131.806,12.28,0,1.65312e+09,7.3,109.533,0.47061,277.23,2138.26,4268.67,6294.51,6294.51,6294.51,360,0,0,0,0,0,1.06303,16.944,65.345,469.251,10076.1,69.9094,1731,243.758,242.375,24,1014.5,300,6751,80,6840,400
2022/sg644_20220519_PF/p6440027.nc,644,11,27,270,90,165,350,1,0,310,0,,,,0,120,0,0.17362,0.0183021,0.00681158,0.0154002,0.0603418,0.0189951,0,6594.73,270.891,SBE_CT|CONTOPT|UVP|ESNDR,,,,,magnetometer sbe41 contopt,66.12,12.56,133.154,12.56,0,1.65312e+09,7.35,118.817,0.938904,276.633,2466.93,4773.29,6757.23,6757.23,6757.23,397,0,0,0,0,0,1.10055,20.272,77.48,322.319,6856.34,55.4369,133.576,274.435,268.578,24,1120.33,300,7217,80,7395,400
2022/sg644_20220519_PF/p6440028.nc,644,11,28,270,90,165,350,1,0,310,0,,,,0,120,0,0.236271,0.00617959,0.00671683,0.0289329,0.0585384,0.0173656,0,6397.63,512.249,SBE_CT|CONTOPT|UVP|ESNDR,,,,,magnetometer sbe41 contopt,66.12,12.54,134.52,12.29,0,1.65313e+09,12.8333,109.067,1.17929,275.419,2078.55,4300.62,6284.33,6284.33,6284.33,318,0,0,0,0,0,1.16763,16.872,61.522,409.644,8659.93,70.8905,1567.18,251.9,214.936,24,897.027,300,7065,80,7139,400
2022/sg644_20220519_PF/p6440029.nc,644,11,29,270,90,165,350,1,0,310,0,,,,0,120,0,0.151613,0.0208938,0.00671102,0.0142104,0.0593568,0.0172524,0,6487.08,252.348,SBE_CT|CONTOPT|UVP|ESNDR,,,,,magnetometer sbe41 contopt,66.12,12.53,135.827,12.52,0,1.65314e+09,6.98333,116.117,1.32818,273.957,2427.49,4656.31,6566.57,6566.57,6566.57,334,0,0,0,0,0,1.05449,16.911,63.479,322.81,6887.61,0,0,271.589,226.445,24,942.89,300,7006,80,7231,400
2022/sg644_20220519_PF/p6440030.nc,644,11,30,270,90,165,350,1,0,310,0,,,,0,120,0,0.18365,0.0179522,0.0059891,0.0143762,0.0595884,0.0170929,0,6512.4,251.225,SBE_CT|CONTOPT|UVP|ESNDR,,,,,magnetometer sbe41 contopt,66.12,12.52,137.137,12.51,0,1.65315e+09,6.96667,116.083,0.777512,275.638,2380.4,4642.93,6619.42,6619.42,6619.42,341,0,0,0,0,0,1.09601,16.977,63.574,323.791,6944.11,75.7965,177.664,273.54,230.651,24,962.034,300,7056,80,7216,400
2022/sg644_20220519_PF/p6440031.nc,644,11,31,270,90,165,350,1,0,310,0,,,,0,120,0,0.246217,0.00391297,0.00740828,0.0147376,0.0560977,0.018889,0,6130.9,261.861,SBE_CT|CONTOPT|UVP|ESNDR,,,,,magnetometer sbe41 contopt,66.12,12.52,138.475,12.35,0,1.65315e+09,7.3,109.95,0.390275,273.579,2227.46,4415.88,6344.83,6344.83,6344.83,418,0,0,0,0,0,1.12799,20.281,80.473,405.474,8571.52,80.7024,1722.95,246.837,282.113,24,1178.41,300,6802,80,6866,400
2022/sg644_20220519_PF/p6440032.nc,644,11,32,270,90,165,350,1,0,310,0,,,,0,120,0,0.246984,0.00205075,0.00761509,0.0158344,0.0566832,0.0213014,0,6194.89,272.123,SBE_CT|CONTOPT|UVP|ESNDR,,,,,magnetometer sbe41 contopt,66.12,12.49,139.845,12.35,0,1.65316e+09,7.56667,112.15,0.431221,274.673,2275.53,4589.74,6496.2,6496.2,6496.2,482,0,0,0,0,0,1.10011,23.464,98.724,322.319,6891.81,170.726,3083.53,273.041,325.671,24,1359.16,300,6969,80,7023,400
2022/sg644_20220519_PF/p6440033.nc,644,11,33,270,90,165,350,1,0,310,0,,,,0,120,0,0.187213,0.0190954,0.00672251,0.0178974,0.0531757,0.0179057,0,5811.55,306.656,SBE_CT|CONTOPT|UVP|ESNDR,,,,,magnetometer sbe41 contopt,66.12,12.5,141.104,12.5,0,1.65317e+09,8.28333,105,0.713891,272.355,2115.4,4148.67,5944.84,5944.84,5944.84,347,0,0,0,0,0,1.08544,16.909,71.685,395.172,8381.36,0,0,264.91,232.957,24,976.448,300,6451,80,6620,400
2022/sg644_20220519_PF/p6440034.nc,644,11,34,270,90,165,350,1,0,310,0,,,,0,120,0,0.255554,0.000710398,0.00670725,0.0145545,0.0558655,0.0191232,0,6105.52,252.263,SBE_CT|CONTOPT|UVP|ESNDR,,,,,magnetometer sbe41 contopt,66.12,12.47,142.438,12.25,0,1.65317e+09,7.06667,109.433,1.07335,275.757,2066.25,4362.52,6326.38,6326.38,6326.38,411,0,0,0,0,0,1.13894,20.23,80.591,322.564,6919.77,173.179,3667.33,274.039,277.67,24,1158.94,300,6766,80,6817,400
2022/sg644_20220519_PF/p6440035.nc,644,11,35,270,90,165,350,1,0,310,0,,,,0,120,0,0.282435,0,0.00760344,0.0157804,0.054658,0.0242916,0,5973.55,270.81,SBE_CT|CONTOPT|UVP|ESNDR,,,,,magnetometer sbe41 contopt,66.12,12.49,143.859,12.23,0,1.65318e+09,7.4,111.1,1.07952,275.131,2299.79,4431.62,6385.82,6385.82,6385.82,603,0,0,0,0,0,1.16818,30.251,120.901,394.191,8370.17,144.234,3222.11,260.463,408.307,24,1701.29,300,6847,80,6938,400
2022/sg644_20220519_PF/p6440036.nc,644,11,36,270,90,165,350,1,0,310,0,,,,0,120,0,0.272587,0,0.00698686,0.020291,0.0529833,0.0212926,0,5790.53,345.594,SBE_CT|CONTOPT|UVP|ESNDR,,,,,magnetometer sbe41 contopt,66.12,12.47,145.212,12.18,0,1.65319e+09,8.91667,105.683,0.656156,273.39,2079.15,4144.53,6063.91,6063.91,6063.91,470,0,0,0,0,0,1.14694,23.558,96.233,482.497,10067.3,57.3993,1282.85,239.825,315.816,24,1323.34,300,6612,80,6700,400
2022/sg644_20220519_PF/p6440037.nc,644,11,37,270,90,165,350,1,0,310,0,,,,0,120,0,0.245069,0.00394508,0.00589301,0.016375,0.0561782,0.0162493,0,6139.7,283.415,SBE_CT|CONTOPT|UVP|ESNDR,,,,,magnetometer sbe41 contopt,66.12,12.45,146.513,12.29,0,1.65319e+09,7.73333,107.767,0.57621,273.788,2100.88,4266.92,6209.73,6209.73,6209.73,321,0,0,0,0,0,1.1434,16.889,58.221,412.833,8678.13,73.0982,1676.08,254.836,216.277,24,904.703,300,6691,80,6755,400
2022/sg644_20220519_PF/p6440038.nc,644,11,38,270,90,165,350,1,0,310,0,,,,0,120,0,0.285465,0,0.00757023,0.020577,0.0574435,0.0163376,0,6277.98,437.642,SBE_CT|CONTOPT|UVP|ESNDR,,,,,magnetometer sbe41 contopt,66.12,12.43,147.895,12.16,0,1.6532e+09,13.6833,107.417,0.646099,272.096,2222.47,4238.55,6163.44,6163.44,6163.44,311,0,0,0,0,0,1.21018,16.92,60.825,500.159,11008.8,38.5115,917.308,256.947,209.565,24,876.47,300,7007,80,7096,400
2022/sg644_20220519_PF/p6440039.nc,644,11,39,150,65,200,350,1,0,310,0,,,,0,120,0,0.25233,0,0.00460794,0.0166448,0.0426956,0.0156032,0,4666.19,296.841,SBE_CT|CONTOPT|UVP|ESNDR,,,,,magnetometer sbe41 contopt,66.12,12.53,148.99,12.07,0,1.65321e+09,7.7,83.3,0.331138,137.432,3210.59,4729.56,4729.56,4729.56,4729.56,327,0,0,0,0,0,0.0380774,16.924,56.401,574.483,10744.2,0,0,119.867,219.78,24,920.708,300,5210,80,5289,400
2022/sg644_20220519_PF/p6440040.nc,644,11,40,150,50,70,350,1,0,310,0,,,,0,120,0,0.201662,0,0.003379,0.012163,0.0376779,0.0172193,0,4117.8,224.33,SBE_CT|CONTOPT|UVP|ESNDR,,,,,magnetometer sbe41 contopt,66.12,12.81,149.943,12.37,0,1.65321e+09,6.43333,76.85,0.197713,153.069,2717.52,4389.67,4389.67,4389.67,4389.67,410,0,0,0,0,0,0.550835,20.279,78.297,200.652,3889.24,247.013,2870.09,150.087,276.691,24,1155.66,300,4729,80,4810,400
2022/sg644_20220519_PF/p6440041.nc,644,11,41,360,120,160,350,1,0,310,0,,,,0,120,0,0.18205,0.0192769,0.00698121,0.000427019,0.0500379,0.0170244,0,5468.62,0,SBE_CT|CONTOPT|UVP|ESNDR,,,,,magnetometer sbe41 contopt,66.12,12.39,151.397,12.39,0,1.65322e+09,4.26667,104.717,0.865148,271.141,2080.29,4154.67,5904.58,5904.58,5904.58,395,0,0,0,0,0,1.09075,20.309,110.742,392.719,8165.99,0,0,267.129,266.506,24,1113.54,300,5985,80,6183,400
2022/sg644_20220519_PF/p6440042.nc,644,11,42,360,120,160,350,1,0,310,0,,,,0,120,0,0.280404,0,0.00860217,0.0170676,0.0569492,0.0167666,0,6223.95,292.721,SBE_CT|CONTOPT|UVP|ESNDR,,,,,magnetometer sbe41 contopt,66.12,12.4,152.748,12.17,0,1.65323e+09,8.08333,110.133,0.463259,271.221,2105,4208.89,6327.31,6327.31,6327.31,335,0,0,0,0,0,1.21237,16.895,60.305,482.252,10435.9,53.4745,1190.16,261.461,224.754,24,942.857,300,6823,80,6910,400
2022/sg644_20220519_PF/p6440043.nc,644,11,43,360,120,160,350,1,0,310,0,,,,0,120,0,0.146879,0.0199325,0.00514689,0.0147679,0.0583465,0.0181689,0,6376.66,254.708,SBE_CT|CONTOPT|UVP|ESNDR,,,,,magnetometer sbe41 contopt,66.12,12.44,154.051,12.42,0,1.65324e+09,7.16667,115.617,0.508135,271.032,2334.27,4650.59,6515.55,6515.55,6515.55,366,0,0,0,0,0,1.04573,16.895,69.674,312.507,6630.63,0,0,267.489,246.978,24,1031.89,300,6969,80,7194,400
2022/sg644_20220519_PF/p6440044.nc,644,11,44,360,120,160,350,1,0,310,0,,,,0,120,0,0.222478,0.00800109,0.0075309,0.0154214,0.0552999,0.0193531,0,6043.71,268.881,SBE_CT|CONTOPT|UVP|ESNDR,,,,,magnetometer sbe41 contopt,66.12,12.4,155.353,12.4,0,1.65324e+09,7.4,109.133,0.432377,270.932,2205.83,4206.83,6270.72,6270.72,6270.72,423,0,0,0,0,0,1.10117,20.254,83.888,387.813,8198.34,84.8724,494.349,270.226,285.44,24,1192.53,300,6733,80,6816,400
2022/sg644_20220519_PF/p6440045.nc,644,11,45,360,120,160,350,1,0,310,0,,,,0,120,0,0.147872,0.022107,0.00540986,0.0161073,0.0593936,0.0186565,0,6491.1,278.825,SBE_CT|CONTOPT|UVP|ESNDR,,,,,magnetometer sbe41 contopt,66.12,12.43,156.678,12.43,0,1.65325e+09,8.21667,117.517,1.17025,274.732,2367.23,4599.66,6599.51,6599.51,6599.51,376,0,0,0,0,0,1.06219,20.236,72.618,312.262,6655.29,0,0,273.548,253.721,24,1060.15,300,7074,80,7297,400
2022/sg644_20220519_PF/p6440046.nc,644,11,46,360,120,160,350,1,0,310,0,,,,0,120,0,0.147826,0.0220641,0.00725526,0.0154341,0.0602764,0.0179611,0,6587.59,268.295,SBE_CT|CONTOPT|UVP|ESNDR,,,,,magnetometer sbe41 contopt,66.12,12.41,158.01,12.41,0,1.65326e+09,7.43333,118.4,0.979009,275.707,2338.92,4665.48,6673.4,6673.4,6673.4,364,0,0,0,0,0,1.08113,16.963,67.104,313.488,6666.11,0,0,273.881,246.76,24,1027.46,300,7138,80,7363,400
2022/sg644_20220519_PF/p6440047.nc,644,11,47,360,120,160,350,1,0,310,0,,,,0,120,0,0.201047,0.0195317,0.00783398,0.0157612,0.0572481,0.0172969,0,6256.62,272.429,SBE_CT|CONTOPT|UVP|ESNDR,,,,,magnetometer sbe41 contopt,66.12,12.3,159.325,12.3,0,1.65327e+09,8.03333,111.2,0.679419,277.18,2118.83,4201.7,6334.32,6334.32,6334.32,332,0,0,0,0,0,1.16057,16.976,64.901,417.494,8930.57,0,0,276.619,223.813,24,935.587,300,6800,80,6948,400
2022/sg644_20220519_PF/p6440048.nc,644,11,48,360,120,160,350,1,0,310,0,,,,0,120,0,0.19117,0.0202154,0.00770403,0.0167044,0.0582147,0.0183735,0,6362.26,317.741,SBE_CT|CONTOPT|UVP|ESNDR,,,,,magnetometer sbe41 contopt,66.12,12.37,160.673,12.38,0,1.65327e+09,9.25,113.617,0.772265,278.025,2120.84,4178.17,6457.2,6457.2,6457.2,370,0,0,0,0,0,1.13967,16.937,72.87,394.927,8445.5,0,0,275.534,249.961,24,1043.44,300,7023,80,7192,400
2022/sg644_20220519_PF/p6440049.nc,644,11,49,360,120,160,350,1,0,310,0,,,,0,120,0,0.188714,0.0190871,0.00493042,0.0157156,0.0569435,0.0172473,0,6223.33,271.471,SBE_CT|CONTOPT|UVP|ESNDR,,,,,magnetometer sbe41 contopt,66.12,12.4,161.967,12.39,0,1.65328e+09,7.43333,111.367,1.20449,276.165,2127.17,4358.45,6319.58,6319.58,6319.58,336,0,0,0,0,0,1.04907,16.87,63.848,312.507,6655.21,72.117,1395.34,273.278,226.83,24,947.447,300,6782,80,6955,400
2022/sg644_20220519_PF/p6440050.nc,644,11,50,260,90,160,350,1,0,310,0,,,,0,120,0,0.278084,0,0.00874078,0.0159134,0.0559369,0.0231125,0,6113.32,277.442,SBE_CT|CONTOPT|UVP|ESNDR,,,,,magnetometer sbe41 contopt,66.12,12.39,163.366,12.12,0,1.65329e+09,7.45,113.75,1.83791,267.799,2374.35,4693.65,6546.79,6546.79,6546.79,472,0,0,0,0,0,1.09321,23.676,109.688,312.998,6594.15,223.71,4354.83,264.226,316.55,24,1328.17,300,7010,80,7099,400
2022/sg644_20220519_PF/p6440051.nc,644,11,51,260,90,160,350,1,0,310,0,,,,0,120,0,0.2691,0,0.00858826,0.0199497,0.0562891,0.0232504,0,6151.81,343.325,SBE_CT|CONTOPT|UVP|ESNDR,,,,,magnetometer sbe41 contopt,66.12,12.39,164.769,12.11,0,1.65329e+09,8.88333,112.617,1.95304,267.471,2286.23,4658.88,6485.37,6485.37,6485.37,478,0,0,0,0,0,1.07357,23.61,111.496,312.017,6592.54,223.955,4182.98,264.189,321.784,24,1346.59,300,7030,80,7118,400
2022/sg644_20220519_PF/p6440052.nc,644,11,52,260,90,160,350,1,0,310,0,,,,0,120,0,0.272956,0,0.00574945,0.0206507,0.0590584,0.0193781,0,6454.47,352.282,SBE_CT|CONTOPT|UVP|ESNDR,,,,,magnetometer sbe41 contopt,66.12,12.38,166.161,12.11,0,1.6533e+09,9.1,115.317,1.79031,269.899,2369.31,4692.31,6632.64,6632.64,6632.64,336,0,0,0,0,0,1.1101,17.001,74.543,312.998,6616.34,223.71,4252.14,266.694,224.085,24,943.729,300,7190,80,7279,400
2022/sg644_20220519_PF/p6440053.nc,644,11,53,260,90,160,350,1,0,310,0,,,,0,120,0,0.272399,0,0.00578498,0.0152607,0.0584671,0.0190521,0,6389.85,266.785,SBE_CT|CONTOPT|UVP|ESNDR,,,,,magnetometer sbe41 contopt,66.12,12.38,167.53,12.13,0,1.65331e+09,7.43333,115.05,1.84815,269.67,2329.54,4733.39,6626.79,6626.79,6626.79,326,0,0,0,0,0,1.09977,16.952,73.178,311.526,6598.95,223.955,4224.9,266.484,218.066,24,916.437,300,7090,80,7178,400
2022/sg644_20220519_PF/p6440054.nc,644,11,54,260,90,160,350,1,0,310,0,,,,0,120,0,0.269174,0,0.0063418,0.0195003,0.0569058,0.0192217,0,6219.22,333,SBE_CT|CONTOPT|UVP|ESNDR,,,,,magnetometer sbe41 contopt,66.12,12.38,168.885,12.18,0,1.65332e+09,8.56667,111.55,0.920852,268.496,2251.34,4552.18,6428.98,6428.98,6428.98,324,0,0,0,0,0,1.11658,16.916,72.635,384.624,8039.37,151.102,2858.66,243.421,216.248,24,910.296,300,6954,80,7042,400
2022/sg644_20220519_PF/p6440055.nc,644,11,55,260,90,160,350,1,0,310,0,,,,0,120,0,0.255794,0,0.00688337,0.0149836,0.0538403,0.0225921,0,5884.19,263.87,SBE_CT|CONTOPT|UVP|ESNDR,,,,,magnetometer sbe41 contopt,66.12,12.35,170.223,12.36,0,1.65332e+09,7.43333,109.5,0.581453,268.387,2302.69,4484.6,6283.63,6283.63,6283.63,472,0,0,0,0,0,1.14875,23.538,109.689,399.832,8407.5,135.158,1582.2,260.398,317.643,24,1329.19,300,6744,80,6831,400
2022/sg644_20220519_PF/p6440056.nc,644,11,56,260,90,160,350,1,0,310,0,,,,0,120,0,0.272258,0,0.00790224,0.0180144,0.0580188,0.0199022,0,6340.85,307.107,SBE_CT|CONTOPT|UVP|ESNDR,,,,,magnetometer sbe41 contopt,66.12,12.34,171.601,12.1,0,1.65333e+09,8.55,114.183,0.655853,267.243,2385.64,4723.43,6566.26,6566.26,6566.26,361,0,0,0,0,0,1.08929,16.952,79.903,310.545,6557.45,224.936,4217.95,263.885,241.375,24,1014.95,300,7075,80,7163,400
2022/sg644_20220519_PF/p6440057.nc,644,11,57,260,90,160,350,1,0,310,0,,,,0,120,0,0.264837,0,0.00588806,0.0158067,0.0553009,0.0213257,0,6043.81,274.835,SBE_CT|CONTOPT|UVP|ESNDR,,,,,magnetometer sbe41 contopt,66.12,12.36,172.96,12.21,0,1.65334e+09,8.11667,110.95,0.777595,267.472,2300.74,4558.53,6370.48,6370.48,6370.48,431,0,0,0,0,0,1.16477,23.529,95.482,385.36,8050.95,150.857,2684.52,259.75,288.804,24,1212.47,300,6842,80,6930,400
2022/sg644_20220519_PF/p6440058.nc,644,11,58,260,90,160,350,1,0,310,0,,,,0,120,0,0.263043,0,0.00673512,0.0189474,0.0578587,0.0191432,0,6323.36,325.116,SBE_CT|CONTOPT|UVP|ESNDR,,,,,magnetometer sbe41 contopt,66.12,12.34,174.322,12.33,0,1.65335e+09,9.1,113.167,0.763554,266.786,2292.71,4657.62,6506.59,6506.59,6506.59,344,0,0,0,0,0,1.0663,16.878,74.73,312.507,6500.94,223.71,4079.28,263.935,229.4,24,966.294,300,7037,80,7123,400
2022/sg644_20220519_PF/p6440059.nc,644,11,59,260,90,160,350,1,0,310,0,,,,0,120,0,0.275781,0,0.00574581,0.0155019,0.0570983,0.0193144,0,6240.25,268.304,SBE_CT|CONTOPT|UVP|ESNDR,,,,,magnetometer sbe41 contopt,66.12,12.29,175.686,11.96,0,1.65335e+09,7.4,113.083,0.59998,268.417,2300.74,4616.04,6518.32,6518.32,6518.32,345,0,0,0,0,0,1.18075,16.907,76.127,385.36,8029.16,149.876,3015.23,252.815,230.375,24,969.367,300,6978,80,7068,400
2022/sg644_20220519_PF/p6440060.nc,644,11,60,260,90,160,350,1,0,310,0,,,,0,120,0,0.269745,0,0.00748932,0.0153716,0.051234,0.02666,0,5599.34,266.498,SBE_CT|CONTOPT|UVP|ESNDR,,,,,magnetometer sbe41 contopt,66.12,12.28,177.071,12.06,0,1.65336e+09,7.36667,108.133,0.45803,266.656,2150.22,4452.07,6276.65,6276.65,6276.65,612,0,0,0,0,0,1.10153,30.298,142.245,384.134,8010.27,151.102,2852.85,243.327,411.689,24,1723.53,300,6667,80,6758,400
2022/sg644_20220519_PF/p6440061.nc,644,11,61,260,90,160,350,1,0,310,0,,,,0,120,0,0.27461,0,0.00791236,0.0209015,0.0587758,0.0189811,0,6423.58,357.33,SBE_CT|CONTOPT|UVP|ESNDR,,,,,magnetometer sbe41 contopt,66.12,12.31,178.451,12.02,0,1.65337e+09,9.21667,113.783,0.32996,267.144,2298.12,4729.55,6563.56,6563.56,6563.56,324,0,0,0,0,0,1.0796,16.919,72.417,312.507,6605.02,224.691,4195.05,264.335,216.948,24,911.326,300,7126,80,7214,400
2022/sg644_20220519_PF/p6440062.nc,644,11,62,260,90,160,350,1,0,310,0,,,,0,120,0,0.270373,0,0.00728064,0.0156449,0.052181,0.0248502,0,5702.84,273.354,SBE_CT|CONTOPT|UVP|ESNDR,,,,,magnetometer sbe41 contopt,66.12,12.33,179.82,12.09,0,1.65337e+09,7.48333,108.033,0.328325,267.522,2200.65,4412.45,6277.67,6277.67,6277.67,545,0,0,0,0,0,1.16437,26.906,129.08,393.209,8238.23,141.536,2629.97,258.253,366.909,24,1535.6,300,6676,80,6765,400
2022/sg644_20220519_PF/p6440063.nc,644,11,63,260,90,160,350,1,0,310,0,,,,0,120,0,0.274,0,0.0068523,0.0264099,0.0586017,0.0223746,0,6404.55,443.904,SBE_CT|CONTOPT|UVP|ESNDR,,,,,magnetometer sbe41 contopt,66.12,12.32,181.251,12.32,0,1.65338e+09,10.55,115.233,0.518117,267.612,2346.18,4754.9,6634.19,6634.19,6634.19,422,0,0,0,0,0,1.10917,20.248,97.578,313.243,6542.25,223.955,4352.3,264.531,283.56,24,1188.57,300,7279,80,7367,400
2022/sg644_20220519_PF/p6440064.nc,644,11,64,260,90,160,350,1,0,310,0,,,,0,120,0,0.271037,0,0.00912497,0.0222867,0.0530994,0.026675,0,5803.21,377.768,SBE_CT|CONTOPT|UVP|ESNDR,,,,,magnetometer sbe41 contopt,66.12,12.28,182.662,12.01,0,1.65339e+09,10,108.7,0.195197,269.939,2166.85,4386.78,6324.65,6324.65,6324.65,596,0,0,0,0,0,1.12948,30.221,142.02,390.757,8123.6,142.762,2700.43,247.499,400.992,24,1678.82,300,6832,80,6920,400
2022/sg644_20220519_PF/p6440065.nc,644,11,65,260,90,160,350,1,0,310,0,,,,0,120,0,0.281633,0,0.00607307,0.030234,0.0604814,0.0195027,0,6609.98,567.493,SBE_CT|CONTOPT|UVP|ESNDR,,,,,magnetometer sbe41 contopt,66.12,12.28,184.105,11.99,0,1.6534e+09,15.0667,113.933,0.524871,267.025,2331.54,4696.89,6556.78,6556.78,6556.78,327,0,0,0,0,0,1.09421,16.962,75.758,312.998,6626.96,221.993,4357.99,263.935,218.705,24,919.77,300,7469,80,7562,400
2022/sg644_20220519_PF/p6440066.nc,644,11,66,260,90,160,350,1,0,310,0,,,,0,120,0,0.265751,0,0.00615155,0.0160374,0.0559564,0.0186907,0,6115.45,278.523,SBE_CT|CONTOPT|UVP|ESNDR,,,,,magnetometer sbe41 contopt,66.12,12.32,185.433,12.13,0,1.6534e+09,7.78333,110.217,0.740647,267.273,2286.86,4512.86,6333.8,6333.8,6333.8,332,0,0,0,0,0,1.14187,16.889,72.05,387.077,8107.37,150.612,2520.13,257.184,221.85,24,933.296,300,6817,80,6906,400
2022/sg644_20220519_PF/p6440067.nc,644,11,67,260,90,160,350,1,0,310,0,,,,0,120,0,0.263783,0,0.00616518,0.0171952,0.0556692,0.0208806,0,6084.07,302.34,SBE_CT|CONTOPT|UVP|ESNDR,,,,,magnetometer sbe41 contopt,66.12,12.32,186.789,12.33,0,1.65341e+09,8.03333,110.567,0.219204,270.954,2281.56,4496.59,6378.58,6378.58,6378.58,405,0,0,0,0,0,1.15739,20.196,91.49,386.341,8104.86,147.668,2607.58,263.687,271.741,24,1140.06,300,6878,80,6965,400
2022/sg644_20220519_PF/p6440068.nc,644,11,68,260,90,160,350,1,0,310,0,,,,0,120,0,0.268757,0,0.0061079,0.0189808,0.0572402,0.0205035,0,6255.76,336.76,SBE_CT|CONTOPT|UVP|ESNDR,,,,,magnetometer sbe41 contopt,66.12,12.27,188.169,12.25,0,1.65342e+09,8.71667,113.083,0.135519,266.716,2310.16,4641.5,6492.58,6492.58,6492.58,387,0,0,0,0,0,1.16219,20.196,87.573,384.624,7940,151.348,2993.32,250.621,259.524,24,1089.15,300,7024,80,7114,400
2022/sg644_20220519_PF/p6440069.nc,644,11,69,260,90,160,350,1,0,310,0,,,,0,120,0,0.286552,0,0.008143,0.0177663,0.0572023,0.0197243,0,6251.61,303.824,SBE_CT|CONTOPT|UVP|ESNDR,,,,,magnetometer sbe41 contopt,66.12,12.25,189.545,11.94,0,1.65342e+09,8.25,113.317,0.394889,265.911,2347.24,4717.11,6513.6,6513.6,6513.6,362,0,0,0,0,0,1.13275,16.929,79.147,312.752,6486.9,225.427,4495.79,263.288,241.357,24,1017.13,300,7019,80,7105,400
2022/sg644_20220519_PF/p6440070.nc,644,11,70,260,90,160,350,1,0,310,0,,,,0,120,0,0.271424,0,0.00790878,0.0173836,0.0581198,0.0190003,0,6351.89,297.337,SBE_CT|CONTOPT|UVP|ESNDR,,,,,magnetometer sbe41 contopt,66.12,12.26,190.915,11.98,0,1.65343e+09,8.43333,113.6,0.398503,267.801,2274.3,4629.37,6541.07,6541.07,6541.07,343,0,0,0,0,0,1.12012,16.906,74.048,388.549,8040.32,146.687,2798.54,245.735,229.436,24,964.768,300,7034,80,7122,400
2022/sg644_20220519_PF/p6440071.nc,644,11,71,260,90,160,350,1,0,310,0,,,,0,120,0,0.269187,0,0.00571599,0.017586,0.057216,0.0200537,0,6253.12,301.697,SBE_CT|CONTOPT|UVP|ESNDR,,,,,magnetometer sbe41 contopt,66.12,12.3,192.279,11.97,0,1.65344e+09,8.5,112.5,0.214469,266.557,2382.64,4667.48,6487.09,6487.09,6487.09,377,0,0,0,0,0,1.0718,20.207,82.911,312.998,6491.82,223.955,4009.75,263.63,252.381,24,1060.58,300,6988,80,7075,400
2022/sg644_20220519_PF/p6440072.nc,644,11,72,260,90,160,350,1,0,310,0,,,,0,120,0,0.276528,0,0.00781405,0.023218,0.0545965,0.0262514,0,5966.83,419.02,SBE_CT|CONTOPT|UVP|ESNDR,,,,,magnetometer sbe41 contopt,66.12,12.36,193.71,11.99,0,1.65345e+09,11.2,111.017,0.374798,267.353,2228.17,4581.31,6444.64,6444.64,6444.64,568,0,0,0,0,0,1.08506,30.208,137.308,310.79,6450.11,224.446,4198.16,264.592,381.968,24,1599.93,300,7061,80,7152,400
2022/sg644_20220519_PF/p6440073.nc,644,11,73,260,90,160,350,1,0,310,0,,,,0,120,0,0.26669,0,0.00623456,0.0222328,0.0589314,0.0202414,0,6440.59,376.236,SBE_CT|CONTOPT|UVP|ESNDR,,,,,magnetometer sbe41 contopt,66.12,12.36,195.108,12.11,0,1.65345e+09,9.83333,115.55,0.323432,266.04,2424.4,4722.03,6644.19,6644.19,6644.19,355,0,0,0,0,0,1.1438,16.887,79.639,387.813,7801.66,148.895,2797.9,244.72,236.502,24,996.999,300,7230,80,7316,400
2022/sg644_20220519_PF/p6440074.nc,644,11,74,260,90,160,350,1,0,310,0,,,,0,120,0,0.270823,0,0.00570975,0.0164694,0.0572985,0.0204145,0,6262.13,284.98,SBE_CT|CONTOPT|UVP|ESNDR,,,,,magnetometer sbe41 contopt,66.12,12.36,196.474,12.1,0,1.65346e+09,8.28333,113.633,0.328751,268.577,2293.59,4673.57,6514.35,6514.35,6514.35,385,0,0,0,0,0,1.09684,20.235,86.025,312.507,6337.4,223.71,4214.57,265.238,258.064,24,1083.29,300,6993,80,7081,400
2022/sg644_20220519_PF/p6440075.nc,644,11,75,260,90,160,350,1,0,310,0,,,,0,120,0,0.263245,0,0.00611616,0.020457,0.0568119,0.0192657,0,6208.95,374.971,SBE_CT|CONTOPT|UVP|ESNDR,,,,,magnetometer sbe41 contopt,66.12,12.34,197.834,12.18,0,1.65347e+09,10.6333,111.417,0.254092,266.318,2156.74,4489.91,6343.62,6343.62,6343.62,346,0,0,0,0,0,1.13823,16.928,77.241,387.077,7844.41,148.895,2729.35,249.89,231.448,24,972.901,300,6995,80,7084,400
2022/sg644_20220519_PF/p6440076.nc,644,11,76,260,90,160,350,1,0,310,0,,,,0,120,0,0.265006,0,0.00600708,0.0174179,0.0590592,0.0207401,0,6454.55,298.071,SBE_CT|CONTOPT|UVP|ESNDR,,,,,magnetometer sbe41 contopt,66.12,12.35,199.228,12.04,0,1.65348e+09,8.45,116.483,0.199866,269.313,2359.64,4754.79,6705.43,6705.43,6705.43,384,0,0,0,0,0,1.13598,20.243,85.796,312.262,6347.04,224.201,4097.56,265.579,257.288,24,1080.34,300,7196,80,7286,400
2022/sg644_20220519_PF/p6440077.nc,644,11,77,260,90,160,350,1,0,310,0,,,,0,120,0,0.268965,0,0.00626697,0.0236819,0.0581288,0.0193744,0,6352.87,405.935,SBE_CT|CONTOPT|UVP|ESNDR,,,,,magnetometer sbe41 contopt,66.12,12.36,200.598,12.1,0,1.65348e+09,9.7,113.1,0.334746,268.059,2347.59,4653.53,6507.27,6507.27,6507.27,332,0,0,0,0,0,1.08712,16.898,73.15,312.507,6327.29,222.238,4054.98,264.432,221.561,24,932.905,300,7104,80,7195,400
2022/sg644_20220519_PF/p6440078.nc,644,11,78,260,90,160,350,1,0,310,0,,,,0,120,0,0.262609,0,0.00826126,0.0161271,0.0572127,0.0186999,0,6252.76,278.678,SBE_CT|CONTOPT|UVP|ESNDR,,,,,magnetometer sbe41 contopt,66.12,12.4,201.942,12.07,0,1.65349e+09,7.58333,112.833,0.941012,266.736,2340.76,4616,6484.59,6484.59,6484.59,330,0,0,0,0,0,1.15109,16.894,72.249,386.832,7737.22,148.895,2764.59,250.303,220.216,24,927.193,300,6955,80,7043,400
2022/sg644_20220519_PF/p6440079.nc,644,11,79,260,90,160,350,1,0,310,0,,,,0,120,0,0.269849,0,0.00644956,0.0160209,0.0593457,0.0186948,0,6485.86,274.129,SBE_CT|CONTOPT|UVP|ESNDR,,,,,magnetometer sbe41 contopt,66.12,12.36,203.311,12.06,0,1.6535e+09,8.06667,115.7,1.08618,268.268,2249.56,4732.22,6655.62,6655.62,6655.62,329,0,0,0,0,0,1.14644,16.936,71.377,311.526,6297.46,221.748,4220,265.016,220.679,24,925.626,300,7121,80,7210,400
2022/sg644_20220519_PF/p6440080.nc,644,11,80,260,90,160,350,1,0,310,0,,,,0,120,0,0.25617,0,0.00580237,0.0189358,0.0585308,0.0184289,0,6396.81,352.168,SBE_CT|CONTOPT|UVP|ESNDR,,,,,magnetometer sbe41 contopt,66.12,12.36,204.671,12.23,0,1.65351e+09,10.7167,112.433,1.19521,269.402,2288.45,4575.36,6468.59,6468.59,6468.59,323,0,0,0,0,0,1.12901,16.93,71.877,398.361,7893.78,136.385,2439.72,242.276,216.558,24,908.542,300,7094,80,7183,400
2022/sg644_20220519_PF/p6440081.nc,644,11,81,260,90,160,350,1,0,310,0,,,,0,120,0,0.265355,0,0.00570987,0.0162048,0.0562088,0.0187709,0,6143.03,281.09,SBE_CT|CONTOPT|UVP|ESNDR,,,,,magnetometer sbe41 contopt,66.12,12.36,206.005,12.33,0,1.65351e+09,7.66667,111.2,1.30219,268.387,2143.31,4414.68,6391.34,6391.34,6391.34,330,0,0,0,0,0,1.16882,16.977,72.648,386.586,7736.13,148.159,2892.4,255.035,219.83,24,926.163,300,6864,80,6952,400
2022/sg644_20220519_PF/p6440082.nc,644,11,82,260,90,160,350,1,0,310,0,,,,0,120,0,0.223739,0.00585761,0.00611568,0.0155996,0.0533546,0.0174513,0,5831.1,269.263,SBE_CT|CONTOPT|UVP|ESNDR,,,,,magnetometer sbe41 contopt,66.12,12.36,207.253,12.05,0,1.65352e+09,7.51667,104.283,1.20489,268.885,2056.2,4108.89,5985.61,5985.61,5985.61,297,0,0,0,0,0,1.17884,13.606,67.506,474.157,9644.67,0,0,247.531,199.122,24,835.358,300,6447,80,6518,400
2022/sg644_20220519_PF/p6440083.nc,644,11,83,260,90,160,350,1,0,310,0,,,,0,120,0,0.257178,0,0.00770321,0.014725,0.0575337,0.0183368,0,6287.84,258.335,SBE_CT|CONTOPT|UVP|ESNDR,,,,,magnetometer sbe41 contopt,66.12,12.36,208.578,12.05,0,1.65353e+09,7.7,112.683,1.70586,266.895,2125.18,4604.45,6467.05,6467.05,6467.05,319,0,0,0,0,0,1.08406,16.872,70.177,313.488,6228.68,223.955,3838.93,263.969,213.673,24,897.161,300,6914,80,7002,400
2022/sg644_20220519_PF/p6440084.nc,644,11,84,260,90,160,350,1,0,310,0,,,,0,120,0,0.26194,0,0.00607602,0.0156597,0.0590781,0.0188507,0,6456.62,271.095,SBE_CT|CONTOPT|UVP|ESNDR,,,,,magnetometer sbe41 contopt,66.12,12.39,209.942,12.1,0,1.65353e+09,7.83333,115.767,2.03408,263.752,2386.61,4816.12,6651.61,6651.61,6651.61,328,0,0,0,0,0,1.20156,16.954,72.758,384.379,7472.44,150.612,2927.53,241.695,219.687,24,922.582,300,7115,80,7203,400
2022/sg644_20220519_PF/p6440085.nc,644,11,85,260,90,160,350,1,0,310,0,,,,0,120,0,0.172809,0.0191257,0.00754799,0.0149956,0.0536264,0.01762,0,5860.81,256.978,SBE_CT|CONTOPT|UVP|ESNDR,,,,,magnetometer sbe41 contopt,66.12,12.53,211.168,12.54,0,1.65354e+09,7.83333,105.6,1.96091,268.636,2164.44,4212.16,5969.98,5969.98,5969.98,296,0,0,0,0,0,1.08898,13.539,68.62,396.889,7733.92,0,0,263.216,199.018,24,833.435,300,6422,80,6592,400
2022/sg644_20220519_PF/p6440086.nc,644,11,86,260,90,160,350,1,0,310,0,,,,0,120,0,0.255349,0,0.00583268,0.0161322,0.0545654,0.0185664,0,5963.44,278.402,SBE_CT|CONTOPT|UVP|ESNDR,,,,,magnetometer sbe41 contopt,66.12,12.32,212.461,12.01,0,1.65355e+09,8.18333,107.4,1.3467,264.816,2164.43,4419.14,6160.32,6160.32,6160.32,328,0,0,0,0,0,1.18797,16.901,74.148,387.568,7612.24,147.668,2586.95,259.642,218.919,24,921.632,300,6639,80,6728,400
